configuration,h0,h1,w0,w1,source_phase,operation,iteration,latency_ns,latency_ms,verification_pass,signature_bytes,public_key_bytes,secret_key_bytes,source_csv
H10-10_W16-16,10,10,16,16,HEIGHT,keygen,0,4888976257,4888.976257000,,4963,64,5998,RPI5_Heterogeneous_XMSSMT_2026-09-18/08_height_heterogeneity/FINAL_BENCHMARK_FREEZE/H10-10/CONTROL01/operations.csv
H10-10_W16-16,10,10,16,16,HEIGHT,keygen,1,4885183164,4885.183164000,,4963,64,5998,RPI5_Heterogeneous_XMSSMT_2026-09-18/08_height_heterogeneity/FINAL_BENCHMARK_FREEZE/H10-10/CONTROL01/operations.csv
H10-10_W16-16,10,10,16,16,HEIGHT,keygen,2,4885218127,4885.218127000,,4963,64,5998,RPI5_Heterogeneous_XMSSMT_2026-09-18/08_height_heterogeneity/FINAL_BENCHMARK_FREEZE/H10-10/CONTROL01/operations.csv
H10-10_W16-16,10,10,16,16,HEIGHT,keygen,3,4886248645,4886.248645000,,4963,64,5998,RPI5_Heterogeneous_XMSSMT_2026-09-18/08_height_heterogeneity/FINAL_BENCHMARK_FREEZE/H10-10/CONTROL01/operations.csv
H10-10_W16-16,10,10,16,16,HEIGHT,keygen,4,4886491738,4886.491738000,,4963,64,5998,RPI5_Heterogeneous_XMSSMT_2026-09-18/08_height_heterogeneity/FINAL_BENCHMARK_FREEZE/H10-10/CONTROL01/operations.csv
H10-10_W16-16,10,10,16,16,HEIGHT,keygen,5,4887359701,4887.359701000,,4963,64,5998,RPI5_Heterogeneous_XMSSMT_2026-09-18/08_height_heterogeneity/FINAL_BENCHMARK_FREEZE/H10-10/CONTROL01/operations.csv
H10-10_W16-16,10,10,16,16,HEIGHT,keygen,6,4894855479,4894.855479000,,4963,64,5998,RPI5_Heterogeneous_XMSSMT_2026-09-18/08_height_heterogeneity/FINAL_BENCHMARK_FREEZE/H10-10/CONTROL01/operations.csv
H10-10_W16-16,10,10,16,16,HEIGHT,keygen,7,4894892238,4894.892238000,,4963,64,5998,RPI5_Heterogeneous_XMSSMT_2026-09-18/08_height_heterogeneity/FINAL_BENCHMARK_FREEZE/H10-10/CONTROL01/operations.csv
H10-10_W16-16,10,10,16,16,HEIGHT,keygen,8,4887944627,4887.944627000,,4963,64,5998,RPI5_Heterogeneous_XMSSMT_2026-09-18/08_height_heterogeneity/FINAL_BENCHMARK_FREEZE/H10-10/CONTROL01/operations.csv
H10-10_W16-16,10,10,16,16,HEIGHT,keygen,9,4888972497,4888.972497000,,4963,64,5998,RPI5_Heterogeneous_XMSSMT_2026-09-18/08_height_heterogeneity/FINAL_BENCHMARK_FREEZE/H10-10/CONTROL01/operations.csv
H10-10_W16-16,10,10,16,16,HEIGHT,sign,0,5947611,5.947611000,,4963,64,5998,RPI5_Heterogeneous_XMSSMT_2026-09-18/08_height_heterogeneity/FINAL_BENCHMARK_FREEZE/H10-10/CONTROL01/operations.csv
H10-10_W16-16,10,10,16,16,HEIGHT,verify,0,2564370,2.564370000,1,4963,64,5998,RPI5_Heterogeneous_XMSSMT_2026-09-18/08_height_heterogeneity/FINAL_BENCHMARK_FREEZE/H10-10/CONTROL01/operations.csv
H10-10_W16-16,10,10,16,16,HEIGHT,sign,1,5853981,5.853981000,,4963,64,5998,RPI5_Heterogeneous_XMSSMT_2026-09-18/08_height_heterogeneity/FINAL_BENCHMARK_FREEZE/H10-10/CONTROL01/operations.csv
H10-10_W16-16,10,10,16,16,HEIGHT,verify,1,2646685,2.646685000,1,4963,64,5998,RPI5_Heterogeneous_XMSSMT_2026-09-18/08_height_heterogeneity/FINAL_BENCHMARK_FREEZE/H10-10/CONTROL01/operations.csv
H10-10_W16-16,10,10,16,16,HEIGHT,sign,2,5746555,5.746555000,,4963,64,5998,RPI5_Heterogeneous_XMSSMT_2026-09-18/08_height_heterogeneity/FINAL_BENCHMARK_FREEZE/H10-10/CONTROL01/operations.csv
H10-10_W16-16,10,10,16,16,HEIGHT,verify,2,2744629,2.744629000,1,4963,64,5998,RPI5_Heterogeneous_XMSSMT_2026-09-18/08_height_heterogeneity/FINAL_BENCHMARK_FREEZE/H10-10/CONTROL01/operations.csv
H10-10_W16-16,10,10,16,16,HEIGHT,sign,3,10718926,10.718926000,,4963,64,5998,RPI5_Heterogeneous_XMSSMT_2026-09-18/08_height_heterogeneity/FINAL_BENCHMARK_FREEZE/H10-10/CONTROL01/operations.csv
H10-10_W16-16,10,10,16,16,HEIGHT,verify,3,2553296,2.553296000,1,4963,64,5998,RPI5_Heterogeneous_XMSSMT_2026-09-18/08_height_heterogeneity/FINAL_BENCHMARK_FREEZE/H10-10/CONTROL01/operations.csv
H10-10_W16-16,10,10,16,16,HEIGHT,sign,4,5896852,5.896852000,,4963,64,5998,RPI5_Heterogeneous_XMSSMT_2026-09-18/08_height_heterogeneity/FINAL_BENCHMARK_FREEZE/H10-10/CONTROL01/operations.csv
H10-10_W16-16,10,10,16,16,HEIGHT,verify,4,2582074,2.582074000,1,4963,64,5998,RPI5_Heterogeneous_XMSSMT_2026-09-18/08_height_heterogeneity/FINAL_BENCHMARK_FREEZE/H10-10/CONTROL01/operations.csv
H10-10_W16-16,10,10,16,16,HEIGHT,sign,5,6005259,6.005259000,,4963,64,5998,RPI5_Heterogeneous_XMSSMT_2026-09-18/08_height_heterogeneity/FINAL_BENCHMARK_FREEZE/H10-10/CONTROL01/operations.csv
H10-10_W16-16,10,10,16,16,HEIGHT,verify,5,2486463,2.486463000,1,4963,64,5998,RPI5_Heterogeneous_XMSSMT_2026-09-18/08_height_heterogeneity/FINAL_BENCHMARK_FREEZE/H10-10/CONTROL01/operations.csv
H10-10_W16-16,10,10,16,16,HEIGHT,sign,6,5839019,5.839019000,,4963,64,5998,RPI5_Heterogeneous_XMSSMT_2026-09-18/08_height_heterogeneity/FINAL_BENCHMARK_FREEZE/H10-10/CONTROL01/operations.csv
H10-10_W16-16,10,10,16,16,HEIGHT,verify,6,2645055,2.645055000,1,4963,64,5998,RPI5_Heterogeneous_XMSSMT_2026-09-18/08_height_heterogeneity/FINAL_BENCHMARK_FREEZE/H10-10/CONTROL01/operations.csv
H10-10_W16-16,10,10,16,16,HEIGHT,sign,7,15370945,15.370945000,,4963,64,5998,RPI5_Heterogeneous_XMSSMT_2026-09-18/08_height_heterogeneity/FINAL_BENCHMARK_FREEZE/H10-10/CONTROL01/operations.csv
H10-10_W16-16,10,10,16,16,HEIGHT,verify,7,2646463,2.646463000,1,4963,64,5998,RPI5_Heterogeneous_XMSSMT_2026-09-18/08_height_heterogeneity/FINAL_BENCHMARK_FREEZE/H10-10/CONTROL01/operations.csv
H10-10_W16-16,10,10,16,16,HEIGHT,sign,8,10696222,10.696222000,,4963,64,5998,RPI5_Heterogeneous_XMSSMT_2026-09-18/08_height_heterogeneity/FINAL_BENCHMARK_FREEZE/H10-10/CONTROL01/operations.csv
H10-10_W16-16,10,10,16,16,HEIGHT,verify,8,2556204,2.556204000,1,4963,64,5998,RPI5_Heterogeneous_XMSSMT_2026-09-18/08_height_heterogeneity/FINAL_BENCHMARK_FREEZE/H10-10/CONTROL01/operations.csv
H10-10_W16-16,10,10,16,16,HEIGHT,sign,9,5748537,5.748537000,,4963,64,5998,RPI5_Heterogeneous_XMSSMT_2026-09-18/08_height_heterogeneity/FINAL_BENCHMARK_FREEZE/H10-10/CONTROL01/operations.csv
H10-10_W16-16,10,10,16,16,HEIGHT,verify,9,2742389,2.742389000,1,4963,64,5998,RPI5_Heterogeneous_XMSSMT_2026-09-18/08_height_heterogeneity/FINAL_BENCHMARK_FREEZE/H10-10/CONTROL01/operations.csv
H10-10_W16-16,10,10,16,16,HEIGHT,sign,10,5937778,5.937778000,,4963,64,5998,RPI5_Heterogeneous_XMSSMT_2026-09-18/08_height_heterogeneity/FINAL_BENCHMARK_FREEZE/H10-10/CONTROL01/operations.csv
H10-10_W16-16,10,10,16,16,HEIGHT,verify,10,2558148,2.558148000,1,4963,64,5998,RPI5_Heterogeneous_XMSSMT_2026-09-18/08_height_heterogeneity/FINAL_BENCHMARK_FREEZE/H10-10/CONTROL01/operations.csv
H10-10_W16-16,10,10,16,16,HEIGHT,sign,11,10776223,10.776223000,,4963,64,5998,RPI5_Heterogeneous_XMSSMT_2026-09-18/08_height_heterogeneity/FINAL_BENCHMARK_FREEZE/H10-10/CONTROL01/operations.csv
H10-10_W16-16,10,10,16,16,HEIGHT,verify,11,2487556,2.487556000,1,4963,64,5998,RPI5_Heterogeneous_XMSSMT_2026-09-18/08_height_heterogeneity/FINAL_BENCHMARK_FREEZE/H10-10/CONTROL01/operations.csv
H10-10_W16-16,10,10,16,16,HEIGHT,sign,12,5779777,5.779777000,,4963,64,5998,RPI5_Heterogeneous_XMSSMT_2026-09-18/08_height_heterogeneity/FINAL_BENCHMARK_FREEZE/H10-10/CONTROL01/operations.csv
H10-10_W16-16,10,10,16,16,HEIGHT,verify,12,2713926,2.713926000,1,4963,64,5998,RPI5_Heterogeneous_XMSSMT_2026-09-18/08_height_heterogeneity/FINAL_BENCHMARK_FREEZE/H10-10/CONTROL01/operations.csv
H10-10_W16-16,10,10,16,16,HEIGHT,sign,13,5938777,5.938777000,,4963,64,5998,RPI5_Heterogeneous_XMSSMT_2026-09-18/08_height_heterogeneity/FINAL_BENCHMARK_FREEZE/H10-10/CONTROL01/operations.csv
H10-10_W16-16,10,10,16,16,HEIGHT,verify,13,2554037,2.554037000,1,4963,64,5998,RPI5_Heterogeneous_XMSSMT_2026-09-18/08_height_heterogeneity/FINAL_BENCHMARK_FREEZE/H10-10/CONTROL01/operations.csv
H10-10_W16-16,10,10,16,16,HEIGHT,sign,14,5872704,5.872704000,,4963,64,5998,RPI5_Heterogeneous_XMSSMT_2026-09-18/08_height_heterogeneity/FINAL_BENCHMARK_FREEZE/H10-10/CONTROL01/operations.csv
H10-10_W16-16,10,10,16,16,HEIGHT,verify,14,2614593,2.614593000,1,4963,64,5998,RPI5_Heterogeneous_XMSSMT_2026-09-18/08_height_heterogeneity/FINAL_BENCHMARK_FREEZE/H10-10/CONTROL01/operations.csv
H10-10_W16-16,10,10,16,16,HEIGHT,sign,15,15409259,15.409259000,,4963,64,5998,RPI5_Heterogeneous_XMSSMT_2026-09-18/08_height_heterogeneity/FINAL_BENCHMARK_FREEZE/H10-10/CONTROL01/operations.csv
H10-10_W16-16,10,10,16,16,HEIGHT,verify,15,2614630,2.614630000,1,4963,64,5998,RPI5_Heterogeneous_XMSSMT_2026-09-18/08_height_heterogeneity/FINAL_BENCHMARK_FREEZE/H10-10/CONTROL01/operations.csv
H10-10_W16-16,10,10,16,16,HEIGHT,sign,16,17930629,17.930629000,,4963,64,5998,RPI5_Heterogeneous_XMSSMT_2026-09-18/08_height_heterogeneity/FINAL_BENCHMARK_FREEZE/H10-10/CONTROL01/operations.csv
H10-10_W16-16,10,10,16,16,HEIGHT,verify,16,2452333,2.452333000,1,4963,64,5998,RPI5_Heterogeneous_XMSSMT_2026-09-18/08_height_heterogeneity/FINAL_BENCHMARK_FREEZE/H10-10/CONTROL01/operations.csv
H10-10_W16-16,10,10,16,16,HEIGHT,sign,17,15497500,15.497500000,,4963,64,5998,RPI5_Heterogeneous_XMSSMT_2026-09-18/08_height_heterogeneity/FINAL_BENCHMARK_FREEZE/H10-10/CONTROL01/operations.csv
H10-10_W16-16,10,10,16,16,HEIGHT,verify,17,2519556,2.519556000,1,4963,64,5998,RPI5_Heterogeneous_XMSSMT_2026-09-18/08_height_heterogeneity/FINAL_BENCHMARK_FREEZE/H10-10/CONTROL01/operations.csv
H10-10_W16-16,10,10,16,16,HEIGHT,sign,18,8294407,8.294407000,,4963,64,5998,RPI5_Heterogeneous_XMSSMT_2026-09-18/08_height_heterogeneity/FINAL_BENCHMARK_FREEZE/H10-10/CONTROL01/operations.csv
H10-10_W16-16,10,10,16,16,HEIGHT,verify,18,2585277,2.585277000,1,4963,64,5998,RPI5_Heterogeneous_XMSSMT_2026-09-18/08_height_heterogeneity/FINAL_BENCHMARK_FREEZE/H10-10/CONTROL01/operations.csv
H10-10_W16-16,10,10,16,16,HEIGHT,sign,19,10524000,10.524000000,,4963,64,5998,RPI5_Heterogeneous_XMSSMT_2026-09-18/08_height_heterogeneity/FINAL_BENCHMARK_FREEZE/H10-10/CONTROL01/operations.csv
H10-10_W16-16,10,10,16,16,HEIGHT,verify,19,2745074,2.745074000,1,4963,64,5998,RPI5_Heterogeneous_XMSSMT_2026-09-18/08_height_heterogeneity/FINAL_BENCHMARK_FREEZE/H10-10/CONTROL01/operations.csv
H10-10_W16-16,10,10,16,16,HEIGHT,sign,20,5902908,5.902908000,,4963,64,5998,RPI5_Heterogeneous_XMSSMT_2026-09-18/08_height_heterogeneity/FINAL_BENCHMARK_FREEZE/H10-10/CONTROL01/operations.csv
H10-10_W16-16,10,10,16,16,HEIGHT,verify,20,2585722,2.585722000,1,4963,64,5998,RPI5_Heterogeneous_XMSSMT_2026-09-18/08_height_heterogeneity/FINAL_BENCHMARK_FREEZE/H10-10/CONTROL01/operations.csv
H10-10_W16-16,10,10,16,16,HEIGHT,sign,21,5913018,5.913018000,,4963,64,5998,RPI5_Heterogeneous_XMSSMT_2026-09-18/08_height_heterogeneity/FINAL_BENCHMARK_FREEZE/H10-10/CONTROL01/operations.csv
H10-10_W16-16,10,10,16,16,HEIGHT,verify,21,2581314,2.581314000,1,4963,64,5998,RPI5_Heterogeneous_XMSSMT_2026-09-18/08_height_heterogeneity/FINAL_BENCHMARK_FREEZE/H10-10/CONTROL01/operations.csv
H10-10_W16-16,10,10,16,16,HEIGHT,sign,22,5997371,5.997371000,,4963,64,5998,RPI5_Heterogeneous_XMSSMT_2026-09-18/08_height_heterogeneity/FINAL_BENCHMARK_FREEZE/H10-10/CONTROL01/operations.csv
H10-10_W16-16,10,10,16,16,HEIGHT,verify,22,2489797,2.489797000,1,4963,64,5998,RPI5_Heterogeneous_XMSSMT_2026-09-18/08_height_heterogeneity/FINAL_BENCHMARK_FREEZE/H10-10/CONTROL01/operations.csv
H10-10_W16-16,10,10,16,16,HEIGHT,sign,23,15421666,15.421666000,,4963,64,5998,RPI5_Heterogeneous_XMSSMT_2026-09-18/08_height_heterogeneity/FINAL_BENCHMARK_FREEZE/H10-10/CONTROL01/operations.csv
H10-10_W16-16,10,10,16,16,HEIGHT,verify,23,2620296,2.620296000,1,4963,64,5998,RPI5_Heterogeneous_XMSSMT_2026-09-18/08_height_heterogeneity/FINAL_BENCHMARK_FREEZE/H10-10/CONTROL01/operations.csv
H10-10_W16-16,10,10,16,16,HEIGHT,sign,24,10742278,10.742278000,,4963,64,5998,RPI5_Heterogeneous_XMSSMT_2026-09-18/08_height_heterogeneity/FINAL_BENCHMARK_FREEZE/H10-10/CONTROL01/operations.csv
H10-10_W16-16,10,10,16,16,HEIGHT,verify,24,2518130,2.518130000,1,4963,64,5998,RPI5_Heterogeneous_XMSSMT_2026-09-18/08_height_heterogeneity/FINAL_BENCHMARK_FREEZE/H10-10/CONTROL01/operations.csv
H10-10_W16-16,10,10,16,16,HEIGHT,sign,25,5943185,5.943185000,,4963,64,5998,RPI5_Heterogeneous_XMSSMT_2026-09-18/08_height_heterogeneity/FINAL_BENCHMARK_FREEZE/H10-10/CONTROL01/operations.csv
H10-10_W16-16,10,10,16,16,HEIGHT,verify,25,2551074,2.551074000,1,4963,64,5998,RPI5_Heterogeneous_XMSSMT_2026-09-18/08_height_heterogeneity/FINAL_BENCHMARK_FREEZE/H10-10/CONTROL01/operations.csv
H10-10_W16-16,10,10,16,16,HEIGHT,sign,26,5867908,5.867908000,,4963,64,5998,RPI5_Heterogeneous_XMSSMT_2026-09-18/08_height_heterogeneity/FINAL_BENCHMARK_FREEZE/H10-10/CONTROL01/operations.csv
H10-10_W16-16,10,10,16,16,HEIGHT,verify,26,2615908,2.615908000,1,4963,64,5998,RPI5_Heterogeneous_XMSSMT_2026-09-18/08_height_heterogeneity/FINAL_BENCHMARK_FREEZE/H10-10/CONTROL01/operations.csv
H10-10_W16-16,10,10,16,16,HEIGHT,sign,27,10803352,10.803352000,,4963,64,5998,RPI5_Heterogeneous_XMSSMT_2026-09-18/08_height_heterogeneity/FINAL_BENCHMARK_FREEZE/H10-10/CONTROL01/operations.csv
H10-10_W16-16,10,10,16,16,HEIGHT,verify,27,2455556,2.455556000,1,4963,64,5998,RPI5_Heterogeneous_XMSSMT_2026-09-18/08_height_heterogeneity/FINAL_BENCHMARK_FREEZE/H10-10/CONTROL01/operations.csv
H10-10_W16-16,10,10,16,16,HEIGHT,sign,28,5865315,5.865315000,,4963,64,5998,RPI5_Heterogeneous_XMSSMT_2026-09-18/08_height_heterogeneity/FINAL_BENCHMARK_FREEZE/H10-10/CONTROL01/operations.csv
H10-10_W16-16,10,10,16,16,HEIGHT,verify,28,2618445,2.618445000,1,4963,64,5998,RPI5_Heterogeneous_XMSSMT_2026-09-18/08_height_heterogeneity/FINAL_BENCHMARK_FREEZE/H10-10/CONTROL01/operations.csv
H10-10_W16-16,10,10,16,16,HEIGHT,sign,29,5937037,5.937037000,,4963,64,5998,RPI5_Heterogeneous_XMSSMT_2026-09-18/08_height_heterogeneity/FINAL_BENCHMARK_FREEZE/H10-10/CONTROL01/operations.csv
H10-10_W16-16,10,10,16,16,HEIGHT,verify,29,2552111,2.552111000,1,4963,64,5998,RPI5_Heterogeneous_XMSSMT_2026-09-18/08_height_heterogeneity/FINAL_BENCHMARK_FREEZE/H10-10/CONTROL01/operations.csv
H10-10_W16-16,10,10,16,16,HEIGHT,sign,30,5719074,5.719074000,,4963,64,5998,RPI5_Heterogeneous_XMSSMT_2026-09-18/08_height_heterogeneity/FINAL_BENCHMARK_FREEZE/H10-10/CONTROL01/operations.csv
H10-10_W16-16,10,10,16,16,HEIGHT,verify,30,2786185,2.786185000,1,4963,64,5998,RPI5_Heterogeneous_XMSSMT_2026-09-18/08_height_heterogeneity/FINAL_BENCHMARK_FREEZE/H10-10/CONTROL01/operations.csv
H10-10_W16-16,10,10,16,16,HEIGHT,sign,31,15283389,15.283389000,,4963,64,5998,RPI5_Heterogeneous_XMSSMT_2026-09-18/08_height_heterogeneity/FINAL_BENCHMARK_FREEZE/H10-10/CONTROL01/operations.csv
H10-10_W16-16,10,10,16,16,HEIGHT,verify,31,2742148,2.742148000,1,4963,64,5998,RPI5_Heterogeneous_XMSSMT_2026-09-18/08_height_heterogeneity/FINAL_BENCHMARK_FREEZE/H10-10/CONTROL01/operations.csv
H10-10_W16-16,10,10,16,16,HEIGHT,sign,32,17804870,17.804870000,,4963,64,5998,RPI5_Heterogeneous_XMSSMT_2026-09-18/08_height_heterogeneity/FINAL_BENCHMARK_FREEZE/H10-10/CONTROL01/operations.csv
H10-10_W16-16,10,10,16,16,HEIGHT,verify,32,2582649,2.582649000,1,4963,64,5998,RPI5_Heterogeneous_XMSSMT_2026-09-18/08_height_heterogeneity/FINAL_BENCHMARK_FREEZE/H10-10/CONTROL01/operations.csv
H10-10_W16-16,10,10,16,16,HEIGHT,sign,33,15426204,15.426204000,,4963,64,5998,RPI5_Heterogeneous_XMSSMT_2026-09-18/08_height_heterogeneity/FINAL_BENCHMARK_FREEZE/H10-10/CONTROL01/operations.csv
H10-10_W16-16,10,10,16,16,HEIGHT,verify,33,2580556,2.580556000,1,4963,64,5998,RPI5_Heterogeneous_XMSSMT_2026-09-18/08_height_heterogeneity/FINAL_BENCHMARK_FREEZE/H10-10/CONTROL01/operations.csv
H10-10_W16-16,10,10,16,16,HEIGHT,sign,34,17789796,17.789796000,,4963,64,5998,RPI5_Heterogeneous_XMSSMT_2026-09-18/08_height_heterogeneity/FINAL_BENCHMARK_FREEZE/H10-10/CONTROL01/operations.csv
H10-10_W16-16,10,10,16,16,HEIGHT,verify,34,2616778,2.616778000,1,4963,64,5998,RPI5_Heterogeneous_XMSSMT_2026-09-18/08_height_heterogeneity/FINAL_BENCHMARK_FREEZE/H10-10/CONTROL01/operations.csv
H10-10_W16-16,10,10,16,16,HEIGHT,sign,35,15545963,15.545963000,,4963,64,5998,RPI5_Heterogeneous_XMSSMT_2026-09-18/08_height_heterogeneity/FINAL_BENCHMARK_FREEZE/H10-10/CONTROL01/operations.csv
H10-10_W16-16,10,10,16,16,HEIGHT,verify,35,2488130,2.488130000,1,4963,64,5998,RPI5_Heterogeneous_XMSSMT_2026-09-18/08_height_heterogeneity/FINAL_BENCHMARK_FREEZE/H10-10/CONTROL01/operations.csv
H10-10_W16-16,10,10,16,16,HEIGHT,sign,36,17754425,17.754425000,,4963,64,5998,RPI5_Heterogeneous_XMSSMT_2026-09-18/08_height_heterogeneity/FINAL_BENCHMARK_FREEZE/H10-10/CONTROL01/operations.csv
H10-10_W16-16,10,10,16,16,HEIGHT,verify,36,2650093,2.650093000,1,4963,64,5998,RPI5_Heterogeneous_XMSSMT_2026-09-18/08_height_heterogeneity/FINAL_BENCHMARK_FREEZE/H10-10/CONTROL01/operations.csv
H10-10_W16-16,10,10,16,16,HEIGHT,sign,37,15528778,15.528778000,,4963,64,5998,RPI5_Heterogeneous_XMSSMT_2026-09-18/08_height_heterogeneity/FINAL_BENCHMARK_FREEZE/H10-10/CONTROL01/operations.csv
H10-10_W16-16,10,10,16,16,HEIGHT,verify,37,2516500,2.516500000,1,4963,64,5998,RPI5_Heterogeneous_XMSSMT_2026-09-18/08_height_heterogeneity/FINAL_BENCHMARK_FREEZE/H10-10/CONTROL01/operations.csv
H10-10_W16-16,10,10,16,16,HEIGHT,sign,38,8359667,8.359667000,,4963,64,5998,RPI5_Heterogeneous_XMSSMT_2026-09-18/08_height_heterogeneity/FINAL_BENCHMARK_FREEZE/H10-10/CONTROL01/operations.csv
H10-10_W16-16,10,10,16,16,HEIGHT,verify,38,2514722,2.514722000,1,4963,64,5998,RPI5_Heterogeneous_XMSSMT_2026-09-18/08_height_heterogeneity/FINAL_BENCHMARK_FREEZE/H10-10/CONTROL01/operations.csv
H10-10_W16-16,10,10,16,16,HEIGHT,sign,39,15312444,15.312444000,,4963,64,5998,RPI5_Heterogeneous_XMSSMT_2026-09-18/08_height_heterogeneity/FINAL_BENCHMARK_FREEZE/H10-10/CONTROL01/operations.csv
H10-10_W16-16,10,10,16,16,HEIGHT,verify,39,2709648,2.709648000,1,4963,64,5998,RPI5_Heterogeneous_XMSSMT_2026-09-18/08_height_heterogeneity/FINAL_BENCHMARK_FREEZE/H10-10/CONTROL01/operations.csv
H10-10_W16-16,10,10,16,16,HEIGHT,sign,40,10605796,10.605796000,,4963,64,5998,RPI5_Heterogeneous_XMSSMT_2026-09-18/08_height_heterogeneity/FINAL_BENCHMARK_FREEZE/H10-10/CONTROL01/operations.csv
H10-10_W16-16,10,10,16,16,HEIGHT,verify,40,2647852,2.647852000,1,4963,64,5998,RPI5_Heterogeneous_XMSSMT_2026-09-18/08_height_heterogeneity/FINAL_BENCHMARK_FREEZE/H10-10/CONTROL01/operations.csv
H10-10_W16-16,10,10,16,16,HEIGHT,sign,41,5846000,5.846000000,,4963,64,5998,RPI5_Heterogeneous_XMSSMT_2026-09-18/08_height_heterogeneity/FINAL_BENCHMARK_FREEZE/H10-10/CONTROL01/operations.csv
H10-10_W16-16,10,10,16,16,HEIGHT,verify,41,2650334,2.650334000,1,4963,64,5998,RPI5_Heterogeneous_XMSSMT_2026-09-18/08_height_heterogeneity/FINAL_BENCHMARK_FREEZE/H10-10/CONTROL01/operations.csv
H10-10_W16-16,10,10,16,16,HEIGHT,sign,42,5948018,5.948018000,,4963,64,5998,RPI5_Heterogeneous_XMSSMT_2026-09-18/08_height_heterogeneity/FINAL_BENCHMARK_FREEZE/H10-10/CONTROL01/operations.csv
H10-10_W16-16,10,10,16,16,HEIGHT,verify,42,2545963,2.545963000,1,4963,64,5998,RPI5_Heterogeneous_XMSSMT_2026-09-18/08_height_heterogeneity/FINAL_BENCHMARK_FREEZE/H10-10/CONTROL01/operations.csv
H10-10_W16-16,10,10,16,16,HEIGHT,sign,43,10510593,10.510593000,,4963,64,5998,RPI5_Heterogeneous_XMSSMT_2026-09-18/08_height_heterogeneity/FINAL_BENCHMARK_FREEZE/H10-10/CONTROL01/operations.csv
H10-10_W16-16,10,10,16,16,HEIGHT,verify,43,2741815,2.741815000,1,4963,64,5998,RPI5_Heterogeneous_XMSSMT_2026-09-18/08_height_heterogeneity/FINAL_BENCHMARK_FREEZE/H10-10/CONTROL01/operations.csv
H10-10_W16-16,10,10,16,16,HEIGHT,sign,44,5833704,5.833704000,,4963,64,5998,RPI5_Heterogeneous_XMSSMT_2026-09-18/08_height_heterogeneity/FINAL_BENCHMARK_FREEZE/H10-10/CONTROL01/operations.csv
H10-10_W16-16,10,10,16,16,HEIGHT,verify,44,2651667,2.651667000,1,4963,64,5998,RPI5_Heterogeneous_XMSSMT_2026-09-18/08_height_heterogeneity/FINAL_BENCHMARK_FREEZE/H10-10/CONTROL01/operations.csv
H10-10_W16-16,10,10,16,16,HEIGHT,sign,45,5750611,5.750611000,,4963,64,5998,RPI5_Heterogeneous_XMSSMT_2026-09-18/08_height_heterogeneity/FINAL_BENCHMARK_FREEZE/H10-10/CONTROL01/operations.csv
H10-10_W16-16,10,10,16,16,HEIGHT,verify,45,2744648,2.744648000,1,4963,64,5998,RPI5_Heterogeneous_XMSSMT_2026-09-18/08_height_heterogeneity/FINAL_BENCHMARK_FREEZE/H10-10/CONTROL01/operations.csv
H10-10_W16-16,10,10,16,16,HEIGHT,sign,46,5937463,5.937463000,,4963,64,5998,RPI5_Heterogeneous_XMSSMT_2026-09-18/08_height_heterogeneity/FINAL_BENCHMARK_FREEZE/H10-10/CONTROL01/operations.csv
H10-10_W16-16,10,10,16,16,HEIGHT,verify,46,2551260,2.551260000,1,4963,64,5998,RPI5_Heterogeneous_XMSSMT_2026-09-18/08_height_heterogeneity/FINAL_BENCHMARK_FREEZE/H10-10/CONTROL01/operations.csv
H10-10_W16-16,10,10,16,16,HEIGHT,sign,47,15445370,15.445370000,,4963,64,5998,RPI5_Heterogeneous_XMSSMT_2026-09-18/08_height_heterogeneity/FINAL_BENCHMARK_FREEZE/H10-10/CONTROL01/operations.csv
H10-10_W16-16,10,10,16,16,HEIGHT,verify,47,2582630,2.582630000,1,4963,64,5998,RPI5_Heterogeneous_XMSSMT_2026-09-18/08_height_heterogeneity/FINAL_BENCHMARK_FREEZE/H10-10/CONTROL01/operations.csv
H10-10_W16-16,10,10,16,16,HEIGHT,sign,48,17829556,17.829556000,,4963,64,5998,RPI5_Heterogeneous_XMSSMT_2026-09-18/08_height_heterogeneity/FINAL_BENCHMARK_FREEZE/H10-10/CONTROL01/operations.csv
H10-10_W16-16,10,10,16,16,HEIGHT,verify,48,2551130,2.551130000,1,4963,64,5998,RPI5_Heterogeneous_XMSSMT_2026-09-18/08_height_heterogeneity/FINAL_BENCHMARK_FREEZE/H10-10/CONTROL01/operations.csv
H10-10_W16-16,10,10,16,16,HEIGHT,sign,49,15463055,15.463055000,,4963,64,5998,RPI5_Heterogeneous_XMSSMT_2026-09-18/08_height_heterogeneity/FINAL_BENCHMARK_FREEZE/H10-10/CONTROL01/operations.csv
H10-10_W16-16,10,10,16,16,HEIGHT,verify,49,2551222,2.551222000,1,4963,64,5998,RPI5_Heterogeneous_XMSSMT_2026-09-18/08_height_heterogeneity/FINAL_BENCHMARK_FREEZE/H10-10/CONTROL01/operations.csv
H10-10_W16-16,10,10,16,16,HEIGHT,sign,50,8259167,8.259167000,,4963,64,5998,RPI5_Heterogeneous_XMSSMT_2026-09-18/08_height_heterogeneity/FINAL_BENCHMARK_FREEZE/H10-10/CONTROL01/operations.csv
H10-10_W16-16,10,10,16,16,HEIGHT,verify,50,2614723,2.614723000,1,4963,64,5998,RPI5_Heterogeneous_XMSSMT_2026-09-18/08_height_heterogeneity/FINAL_BENCHMARK_FREEZE/H10-10/CONTROL01/operations.csv
H10-10_W16-16,10,10,16,16,HEIGHT,sign,51,10506240,10.506240000,,4963,64,5998,RPI5_Heterogeneous_XMSSMT_2026-09-18/08_height_heterogeneity/FINAL_BENCHMARK_FREEZE/H10-10/CONTROL01/operations.csv
H10-10_W16-16,10,10,16,16,HEIGHT,verify,51,2743722,2.743722000,1,4963,64,5998,RPI5_Heterogeneous_XMSSMT_2026-09-18/08_height_heterogeneity/FINAL_BENCHMARK_FREEZE/H10-10/CONTROL01/operations.csv
H10-10_W16-16,10,10,16,16,HEIGHT,sign,52,6080555,6.080555000,,4963,64,5998,RPI5_Heterogeneous_XMSSMT_2026-09-18/08_height_heterogeneity/FINAL_BENCHMARK_FREEZE/H10-10/CONTROL01/operations.csv
H10-10_W16-16,10,10,16,16,HEIGHT,verify,52,2452204,2.452204000,1,4963,64,5998,RPI5_Heterogeneous_XMSSMT_2026-09-18/08_height_heterogeneity/FINAL_BENCHMARK_FREEZE/H10-10/CONTROL01/operations.csv
H10-10_W16-16,10,10,16,16,HEIGHT,sign,53,5711130,5.711130000,,4963,64,5998,RPI5_Heterogeneous_XMSSMT_2026-09-18/08_height_heterogeneity/FINAL_BENCHMARK_FREEZE/H10-10/CONTROL01/operations.csv
H10-10_W16-16,10,10,16,16,HEIGHT,verify,53,2774333,2.774333000,1,4963,64,5998,RPI5_Heterogeneous_XMSSMT_2026-09-18/08_height_heterogeneity/FINAL_BENCHMARK_FREEZE/H10-10/CONTROL01/operations.csv
H10-10_W16-16,10,10,16,16,HEIGHT,sign,54,5772611,5.772611000,,4963,64,5998,RPI5_Heterogeneous_XMSSMT_2026-09-18/08_height_heterogeneity/FINAL_BENCHMARK_FREEZE/H10-10/CONTROL01/operations.csv
H10-10_W16-16,10,10,16,16,HEIGHT,verify,54,2707796,2.707796000,1,4963,64,5998,RPI5_Heterogeneous_XMSSMT_2026-09-18/08_height_heterogeneity/FINAL_BENCHMARK_FREEZE/H10-10/CONTROL01/operations.csv
H10-10_W16-16,10,10,16,16,HEIGHT,sign,55,15404537,15.404537000,,4963,64,5998,RPI5_Heterogeneous_XMSSMT_2026-09-18/08_height_heterogeneity/FINAL_BENCHMARK_FREEZE/H10-10/CONTROL01/operations.csv
H10-10_W16-16,10,10,16,16,HEIGHT,verify,55,2616370,2.616370000,1,4963,64,5998,RPI5_Heterogeneous_XMSSMT_2026-09-18/08_height_heterogeneity/FINAL_BENCHMARK_FREEZE/H10-10/CONTROL01/operations.csv
H10-10_W16-16,10,10,16,16,HEIGHT,sign,56,10537018,10.537018000,,4963,64,5998,RPI5_Heterogeneous_XMSSMT_2026-09-18/08_height_heterogeneity/FINAL_BENCHMARK_FREEZE/H10-10/CONTROL01/operations.csv
H10-10_W16-16,10,10,16,16,HEIGHT,verify,56,2707037,2.707037000,1,4963,64,5998,RPI5_Heterogeneous_XMSSMT_2026-09-18/08_height_heterogeneity/FINAL_BENCHMARK_FREEZE/H10-10/CONTROL01/operations.csv
H10-10_W16-16,10,10,16,16,HEIGHT,sign,57,5938352,5.938352000,,4963,64,5998,RPI5_Heterogeneous_XMSSMT_2026-09-18/08_height_heterogeneity/FINAL_BENCHMARK_FREEZE/H10-10/CONTROL01/operations.csv
H10-10_W16-16,10,10,16,16,HEIGHT,verify,57,2546926,2.546926000,1,4963,64,5998,RPI5_Heterogeneous_XMSSMT_2026-09-18/08_height_heterogeneity/FINAL_BENCHMARK_FREEZE/H10-10/CONTROL01/operations.csv
H10-10_W16-16,10,10,16,16,HEIGHT,sign,58,5866777,5.866777000,,4963,64,5998,RPI5_Heterogeneous_XMSSMT_2026-09-18/08_height_heterogeneity/FINAL_BENCHMARK_FREEZE/H10-10/CONTROL01/operations.csv
H10-10_W16-16,10,10,16,16,HEIGHT,verify,58,2612074,2.612074000,1,4963,64,5998,RPI5_Heterogeneous_XMSSMT_2026-09-18/08_height_heterogeneity/FINAL_BENCHMARK_FREEZE/H10-10/CONTROL01/operations.csv
H10-10_W16-16,10,10,16,16,HEIGHT,sign,59,10650092,10.650092000,,4963,64,5998,RPI5_Heterogeneous_XMSSMT_2026-09-18/08_height_heterogeneity/FINAL_BENCHMARK_FREEZE/H10-10/CONTROL01/operations.csv
H10-10_W16-16,10,10,16,16,HEIGHT,verify,59,2620241,2.620241000,1,4963,64,5998,RPI5_Heterogeneous_XMSSMT_2026-09-18/08_height_heterogeneity/FINAL_BENCHMARK_FREEZE/H10-10/CONTROL01/operations.csv
H10-10_W16-16,10,10,16,16,HEIGHT,sign,60,5874593,5.874593000,,4963,64,5998,RPI5_Heterogeneous_XMSSMT_2026-09-18/08_height_heterogeneity/FINAL_BENCHMARK_FREEZE/H10-10/CONTROL01/operations.csv
H10-10_W16-16,10,10,16,16,HEIGHT,verify,60,2615686,2.615686000,1,4963,64,5998,RPI5_Heterogeneous_XMSSMT_2026-09-18/08_height_heterogeneity/FINAL_BENCHMARK_FREEZE/H10-10/CONTROL01/operations.csv
H10-10_W16-16,10,10,16,16,HEIGHT,sign,61,5977315,5.977315000,,4963,64,5998,RPI5_Heterogeneous_XMSSMT_2026-09-18/08_height_heterogeneity/FINAL_BENCHMARK_FREEZE/H10-10/CONTROL01/operations.csv
H10-10_W16-16,10,10,16,16,HEIGHT,verify,61,2549926,2.549926000,1,4963,64,5998,RPI5_Heterogeneous_XMSSMT_2026-09-18/08_height_heterogeneity/FINAL_BENCHMARK_FREEZE/H10-10/CONTROL01/operations.csv
H10-10_W16-16,10,10,16,16,HEIGHT,sign,62,5935889,5.935889000,,4963,64,5998,RPI5_Heterogeneous_XMSSMT_2026-09-18/08_height_heterogeneity/FINAL_BENCHMARK_FREEZE/H10-10/CONTROL01/operations.csv
H10-10_W16-16,10,10,16,16,HEIGHT,verify,62,2588796,2.588796000,1,4963,64,5998,RPI5_Heterogeneous_XMSSMT_2026-09-18/08_height_heterogeneity/FINAL_BENCHMARK_FREEZE/H10-10/CONTROL01/operations.csv
H10-10_W16-16,10,10,16,16,HEIGHT,sign,63,15464000,15.464000000,,4963,64,5998,RPI5_Heterogeneous_XMSSMT_2026-09-18/08_height_heterogeneity/FINAL_BENCHMARK_FREEZE/H10-10/CONTROL01/operations.csv
H10-10_W16-16,10,10,16,16,HEIGHT,verify,63,2584796,2.584796000,1,4963,64,5998,RPI5_Heterogeneous_XMSSMT_2026-09-18/08_height_heterogeneity/FINAL_BENCHMARK_FREEZE/H10-10/CONTROL01/operations.csv
H10-10_W16-16,10,10,16,16,HEIGHT,sign,64,17756444,17.756444000,,4963,64,5998,RPI5_Heterogeneous_XMSSMT_2026-09-18/08_height_heterogeneity/FINAL_BENCHMARK_FREEZE/H10-10/CONTROL01/operations.csv
H10-10_W16-16,10,10,16,16,HEIGHT,verify,64,2649815,2.649815000,1,4963,64,5998,RPI5_Heterogeneous_XMSSMT_2026-09-18/08_height_heterogeneity/FINAL_BENCHMARK_FREEZE/H10-10/CONTROL01/operations.csv
H10-10_W16-16,10,10,16,16,HEIGHT,sign,65,15371148,15.371148000,,4963,64,5998,RPI5_Heterogeneous_XMSSMT_2026-09-18/08_height_heterogeneity/FINAL_BENCHMARK_FREEZE/H10-10/CONTROL01/operations.csv
H10-10_W16-16,10,10,16,16,HEIGHT,verify,65,2644963,2.644963000,1,4963,64,5998,RPI5_Heterogeneous_XMSSMT_2026-09-18/08_height_heterogeneity/FINAL_BENCHMARK_FREEZE/H10-10/CONTROL01/operations.csv
H10-10_W16-16,10,10,16,16,HEIGHT,sign,66,18021907,18.021907000,,4963,64,5998,RPI5_Heterogeneous_XMSSMT_2026-09-18/08_height_heterogeneity/FINAL_BENCHMARK_FREEZE/H10-10/CONTROL01/operations.csv
H10-10_W16-16,10,10,16,16,HEIGHT,verify,66,2391481,2.391481000,1,4963,64,5998,RPI5_Heterogeneous_XMSSMT_2026-09-18/08_height_heterogeneity/FINAL_BENCHMARK_FREEZE/H10-10/CONTROL01/operations.csv
H10-10_W16-16,10,10,16,16,HEIGHT,sign,67,15311907,15.311907000,,4963,64,5998,RPI5_Heterogeneous_XMSSMT_2026-09-18/08_height_heterogeneity/FINAL_BENCHMARK_FREEZE/H10-10/CONTROL01/operations.csv
H10-10_W16-16,10,10,16,16,HEIGHT,verify,67,2711130,2.711130000,1,4963,64,5998,RPI5_Heterogeneous_XMSSMT_2026-09-18/08_height_heterogeneity/FINAL_BENCHMARK_FREEZE/H10-10/CONTROL01/operations.csv
H10-10_W16-16,10,10,16,16,HEIGHT,sign,68,17823130,17.823130000,,4963,64,5998,RPI5_Heterogeneous_XMSSMT_2026-09-18/08_height_heterogeneity/FINAL_BENCHMARK_FREEZE/H10-10/CONTROL01/operations.csv
H10-10_W16-16,10,10,16,16,HEIGHT,verify,68,2583056,2.583056000,1,4963,64,5998,RPI5_Heterogeneous_XMSSMT_2026-09-18/08_height_heterogeneity/FINAL_BENCHMARK_FREEZE/H10-10/CONTROL01/operations.csv
H10-10_W16-16,10,10,16,16,HEIGHT,sign,69,15372574,15.372574000,,4963,64,5998,RPI5_Heterogeneous_XMSSMT_2026-09-18/08_height_heterogeneity/FINAL_BENCHMARK_FREEZE/H10-10/CONTROL01/operations.csv
H10-10_W16-16,10,10,16,16,HEIGHT,verify,69,2646482,2.646482000,1,4963,64,5998,RPI5_Heterogeneous_XMSSMT_2026-09-18/08_height_heterogeneity/FINAL_BENCHMARK_FREEZE/H10-10/CONTROL01/operations.csv
H10-10_W16-16,10,10,16,16,HEIGHT,sign,70,17800760,17.800760000,,4963,64,5998,RPI5_Heterogeneous_XMSSMT_2026-09-18/08_height_heterogeneity/FINAL_BENCHMARK_FREEZE/H10-10/CONTROL01/operations.csv
H10-10_W16-16,10,10,16,16,HEIGHT,verify,70,2617722,2.617722000,1,4963,64,5998,RPI5_Heterogeneous_XMSSMT_2026-09-18/08_height_heterogeneity/FINAL_BENCHMARK_FREEZE/H10-10/CONTROL01/operations.csv
H10-10_W16-16,10,10,16,16,HEIGHT,sign,71,15481482,15.481482000,,4963,64,5998,RPI5_Heterogeneous_XMSSMT_2026-09-18/08_height_heterogeneity/FINAL_BENCHMARK_FREEZE/H10-10/CONTROL01/operations.csv
H10-10_W16-16,10,10,16,16,HEIGHT,verify,71,2552019,2.552019000,1,4963,64,5998,RPI5_Heterogeneous_XMSSMT_2026-09-18/08_height_heterogeneity/FINAL_BENCHMARK_FREEZE/H10-10/CONTROL01/operations.csv
H10-10_W16-16,10,10,16,16,HEIGHT,sign,72,17862444,17.862444000,,4963,64,5998,RPI5_Heterogeneous_XMSSMT_2026-09-18/08_height_heterogeneity/FINAL_BENCHMARK_FREEZE/H10-10/CONTROL01/operations.csv
H10-10_W16-16,10,10,16,16,HEIGHT,verify,72,2552463,2.552463000,1,4963,64,5998,RPI5_Heterogeneous_XMSSMT_2026-09-18/08_height_heterogeneity/FINAL_BENCHMARK_FREEZE/H10-10/CONTROL01/operations.csv
H10-10_W16-16,10,10,16,16,HEIGHT,sign,73,15512945,15.512945000,,4963,64,5998,RPI5_Heterogeneous_XMSSMT_2026-09-18/08_height_heterogeneity/FINAL_BENCHMARK_FREEZE/H10-10/CONTROL01/operations.csv
H10-10_W16-16,10,10,16,16,HEIGHT,verify,73,2540037,2.540037000,1,4963,64,5998,RPI5_Heterogeneous_XMSSMT_2026-09-18/08_height_heterogeneity/FINAL_BENCHMARK_FREEZE/H10-10/CONTROL01/operations.csv
H10-10_W16-16,10,10,16,16,HEIGHT,sign,74,17745981,17.745981000,,4963,64,5998,RPI5_Heterogeneous_XMSSMT_2026-09-18/08_height_heterogeneity/FINAL_BENCHMARK_FREEZE/H10-10/CONTROL01/operations.csv
H10-10_W16-16,10,10,16,16,HEIGHT,verify,74,2646815,2.646815000,1,4963,64,5998,RPI5_Heterogeneous_XMSSMT_2026-09-18/08_height_heterogeneity/FINAL_BENCHMARK_FREEZE/H10-10/CONTROL01/operations.csv
H10-10_W16-16,10,10,16,16,HEIGHT,sign,75,15436203,15.436203000,,4963,64,5998,RPI5_Heterogeneous_XMSSMT_2026-09-18/08_height_heterogeneity/FINAL_BENCHMARK_FREEZE/H10-10/CONTROL01/operations.csv
H10-10_W16-16,10,10,16,16,HEIGHT,verify,75,2580611,2.580611000,1,4963,64,5998,RPI5_Heterogeneous_XMSSMT_2026-09-18/08_height_heterogeneity/FINAL_BENCHMARK_FREEZE/H10-10/CONTROL01/operations.csv
H10-10_W16-16,10,10,16,16,HEIGHT,sign,76,17648055,17.648055000,,4963,64,5998,RPI5_Heterogeneous_XMSSMT_2026-09-18/08_height_heterogeneity/FINAL_BENCHMARK_FREEZE/H10-10/CONTROL01/operations.csv
H10-10_W16-16,10,10,16,16,HEIGHT,verify,76,2739426,2.739426000,1,4963,64,5998,RPI5_Heterogeneous_XMSSMT_2026-09-18/08_height_heterogeneity/FINAL_BENCHMARK_FREEZE/H10-10/CONTROL01/operations.csv
H10-10_W16-16,10,10,16,16,HEIGHT,sign,77,15403593,15.403593000,,4963,64,5998,RPI5_Heterogeneous_XMSSMT_2026-09-18/08_height_heterogeneity/FINAL_BENCHMARK_FREEZE/H10-10/CONTROL01/operations.csv
H10-10_W16-16,10,10,16,16,HEIGHT,verify,77,2614093,2.614093000,1,4963,64,5998,RPI5_Heterogeneous_XMSSMT_2026-09-18/08_height_heterogeneity/FINAL_BENCHMARK_FREEZE/H10-10/CONTROL01/operations.csv
H10-10_W16-16,10,10,16,16,HEIGHT,sign,78,17758889,17.758889000,,4963,64,5998,RPI5_Heterogeneous_XMSSMT_2026-09-18/08_height_heterogeneity/FINAL_BENCHMARK_FREEZE/H10-10/CONTROL01/operations.csv
H10-10_W16-16,10,10,16,16,HEIGHT,verify,78,2647185,2.647185000,1,4963,64,5998,RPI5_Heterogeneous_XMSSMT_2026-09-18/08_height_heterogeneity/FINAL_BENCHMARK_FREEZE/H10-10/CONTROL01/operations.csv
H10-10_W16-16,10,10,16,16,HEIGHT,sign,79,15311796,15.311796000,,4963,64,5998,RPI5_Heterogeneous_XMSSMT_2026-09-18/08_height_heterogeneity/FINAL_BENCHMARK_FREEZE/H10-10/CONTROL01/operations.csv
H10-10_W16-16,10,10,16,16,HEIGHT,verify,79,2711260,2.711260000,1,4963,64,5998,RPI5_Heterogeneous_XMSSMT_2026-09-18/08_height_heterogeneity/FINAL_BENCHMARK_FREEZE/H10-10/CONTROL01/operations.csv
H10-10_W16-16,10,10,16,16,HEIGHT,sign,80,17809315,17.809315000,,4963,64,5998,RPI5_Heterogeneous_XMSSMT_2026-09-18/08_height_heterogeneity/FINAL_BENCHMARK_FREEZE/H10-10/CONTROL01/operations.csv
H10-10_W16-16,10,10,16,16,HEIGHT,verify,80,2585889,2.585889000,1,4963,64,5998,RPI5_Heterogeneous_XMSSMT_2026-09-18/08_height_heterogeneity/FINAL_BENCHMARK_FREEZE/H10-10/CONTROL01/operations.csv
H10-10_W16-16,10,10,16,16,HEIGHT,sign,81,15367055,15.367055000,,4963,64,5998,RPI5_Heterogeneous_XMSSMT_2026-09-18/08_height_heterogeneity/FINAL_BENCHMARK_FREEZE/H10-10/CONTROL01/operations.csv
H10-10_W16-16,10,10,16,16,HEIGHT,verify,81,2646222,2.646222000,1,4963,64,5998,RPI5_Heterogeneous_XMSSMT_2026-09-18/08_height_heterogeneity/FINAL_BENCHMARK_FREEZE/H10-10/CONTROL01/operations.csv
H10-10_W16-16,10,10,16,16,HEIGHT,sign,82,8231037,8.231037000,,4963,64,5998,RPI5_Heterogeneous_XMSSMT_2026-09-18/08_height_heterogeneity/FINAL_BENCHMARK_FREEZE/H10-10/CONTROL01/operations.csv
H10-10_W16-16,10,10,16,16,HEIGHT,verify,82,2650666,2.650666000,1,4963,64,5998,RPI5_Heterogeneous_XMSSMT_2026-09-18/08_height_heterogeneity/FINAL_BENCHMARK_FREEZE/H10-10/CONTROL01/operations.csv
H10-10_W16-16,10,10,16,16,HEIGHT,sign,83,10636611,10.636611000,,4963,64,5998,RPI5_Heterogeneous_XMSSMT_2026-09-18/08_height_heterogeneity/FINAL_BENCHMARK_FREEZE/H10-10/CONTROL01/operations.csv
H10-10_W16-16,10,10,16,16,HEIGHT,verify,83,2612537,2.612537000,1,4963,64,5998,RPI5_Heterogeneous_XMSSMT_2026-09-18/08_height_heterogeneity/FINAL_BENCHMARK_FREEZE/H10-10/CONTROL01/operations.csv
H10-10_W16-16,10,10,16,16,HEIGHT,sign,84,5907203,5.907203000,,4963,64,5998,RPI5_Heterogeneous_XMSSMT_2026-09-18/08_height_heterogeneity/FINAL_BENCHMARK_FREEZE/H10-10/CONTROL01/operations.csv
H10-10_W16-16,10,10,16,16,HEIGHT,verify,84,2581556,2.581556000,1,4963,64,5998,RPI5_Heterogeneous_XMSSMT_2026-09-18/08_height_heterogeneity/FINAL_BENCHMARK_FREEZE/H10-10/CONTROL01/operations.csv
H10-10_W16-16,10,10,16,16,HEIGHT,sign,85,5840759,5.840759000,,4963,64,5998,RPI5_Heterogeneous_XMSSMT_2026-09-18/08_height_heterogeneity/FINAL_BENCHMARK_FREEZE/H10-10/CONTROL01/operations.csv
H10-10_W16-16,10,10,16,16,HEIGHT,verify,85,2645815,2.645815000,1,4963,64,5998,RPI5_Heterogeneous_XMSSMT_2026-09-18/08_height_heterogeneity/FINAL_BENCHMARK_FREEZE/H10-10/CONTROL01/operations.csv
H10-10_W16-16,10,10,16,16,HEIGHT,sign,86,5931481,5.931481000,,4963,64,5998,RPI5_Heterogeneous_XMSSMT_2026-09-18/08_height_heterogeneity/FINAL_BENCHMARK_FREEZE/H10-10/CONTROL01/operations.csv
H10-10_W16-16,10,10,16,16,HEIGHT,verify,86,2552037,2.552037000,1,4963,64,5998,RPI5_Heterogeneous_XMSSMT_2026-09-18/08_height_heterogeneity/FINAL_BENCHMARK_FREEZE/H10-10/CONTROL01/operations.csv
H10-10_W16-16,10,10,16,16,HEIGHT,sign,87,15495240,15.495240000,,4963,64,5998,RPI5_Heterogeneous_XMSSMT_2026-09-18/08_height_heterogeneity/FINAL_BENCHMARK_FREEZE/H10-10/CONTROL01/operations.csv
H10-10_W16-16,10,10,16,16,HEIGHT,verify,87,2518556,2.518556000,1,4963,64,5998,RPI5_Heterogeneous_XMSSMT_2026-09-18/08_height_heterogeneity/FINAL_BENCHMARK_FREEZE/H10-10/CONTROL01/operations.csv
H10-10_W16-16,10,10,16,16,HEIGHT,sign,88,10514093,10.514093000,,4963,64,5998,RPI5_Heterogeneous_XMSSMT_2026-09-18/08_height_heterogeneity/FINAL_BENCHMARK_FREEZE/H10-10/CONTROL01/operations.csv
H10-10_W16-16,10,10,16,16,HEIGHT,verify,88,2742092,2.742092000,1,4963,64,5998,RPI5_Heterogeneous_XMSSMT_2026-09-18/08_height_heterogeneity/FINAL_BENCHMARK_FREEZE/H10-10/CONTROL01/operations.csv
H10-10_W16-16,10,10,16,16,HEIGHT,sign,89,5870685,5.870685000,,4963,64,5998,RPI5_Heterogeneous_XMSSMT_2026-09-18/08_height_heterogeneity/FINAL_BENCHMARK_FREEZE/H10-10/CONTROL01/operations.csv
H10-10_W16-16,10,10,16,16,HEIGHT,verify,89,2611722,2.611722000,1,4963,64,5998,RPI5_Heterogeneous_XMSSMT_2026-09-18/08_height_heterogeneity/FINAL_BENCHMARK_FREEZE/H10-10/CONTROL01/operations.csv
H10-10_W16-16,10,10,16,16,HEIGHT,sign,90,5862481,5.862481000,,4963,64,5998,RPI5_Heterogeneous_XMSSMT_2026-09-18/08_height_heterogeneity/FINAL_BENCHMARK_FREEZE/H10-10/CONTROL01/operations.csv
H10-10_W16-16,10,10,16,16,HEIGHT,verify,90,2615130,2.615130000,1,4963,64,5998,RPI5_Heterogeneous_XMSSMT_2026-09-18/08_height_heterogeneity/FINAL_BENCHMARK_FREEZE/H10-10/CONTROL01/operations.csv
H10-10_W16-16,10,10,16,16,HEIGHT,sign,91,10616148,10.616148000,,4963,64,5998,RPI5_Heterogeneous_XMSSMT_2026-09-18/08_height_heterogeneity/FINAL_BENCHMARK_FREEZE/H10-10/CONTROL01/operations.csv
H10-10_W16-16,10,10,16,16,HEIGHT,verify,91,2651778,2.651778000,1,4963,64,5998,RPI5_Heterogeneous_XMSSMT_2026-09-18/08_height_heterogeneity/FINAL_BENCHMARK_FREEZE/H10-10/CONTROL01/operations.csv
H10-10_W16-16,10,10,16,16,HEIGHT,sign,92,5931796,5.931796000,,4963,64,5998,RPI5_Heterogeneous_XMSSMT_2026-09-18/08_height_heterogeneity/FINAL_BENCHMARK_FREEZE/H10-10/CONTROL01/operations.csv
H10-10_W16-16,10,10,16,16,HEIGHT,verify,92,2552593,2.552593000,1,4963,64,5998,RPI5_Heterogeneous_XMSSMT_2026-09-18/08_height_heterogeneity/FINAL_BENCHMARK_FREEZE/H10-10/CONTROL01/operations.csv
H10-10_W16-16,10,10,16,16,HEIGHT,sign,93,5913278,5.913278000,,4963,64,5998,RPI5_Heterogeneous_XMSSMT_2026-09-18/08_height_heterogeneity/FINAL_BENCHMARK_FREEZE/H10-10/CONTROL01/operations.csv
H10-10_W16-16,10,10,16,16,HEIGHT,verify,93,2583945,2.583945000,1,4963,64,5998,RPI5_Heterogeneous_XMSSMT_2026-09-18/08_height_heterogeneity/FINAL_BENCHMARK_FREEZE/H10-10/CONTROL01/operations.csv
H10-10_W16-16,10,10,16,16,HEIGHT,sign,94,5718945,5.718945000,,4963,64,5998,RPI5_Heterogeneous_XMSSMT_2026-09-18/08_height_heterogeneity/FINAL_BENCHMARK_FREEZE/H10-10/CONTROL01/operations.csv
H10-10_W16-16,10,10,16,16,HEIGHT,verify,94,2775074,2.775074000,1,4963,64,5998,RPI5_Heterogeneous_XMSSMT_2026-09-18/08_height_heterogeneity/FINAL_BENCHMARK_FREEZE/H10-10/CONTROL01/operations.csv
H10-10_W16-16,10,10,16,16,HEIGHT,sign,95,15554666,15.554666000,,4963,64,5998,RPI5_Heterogeneous_XMSSMT_2026-09-18/08_height_heterogeneity/FINAL_BENCHMARK_FREEZE/H10-10/CONTROL01/operations.csv
H10-10_W16-16,10,10,16,16,HEIGHT,verify,95,2489907,2.489907000,1,4963,64,5998,RPI5_Heterogeneous_XMSSMT_2026-09-18/08_height_heterogeneity/FINAL_BENCHMARK_FREEZE/H10-10/CONTROL01/operations.csv
H10-10_W16-16,10,10,16,16,HEIGHT,sign,96,17690870,17.690870000,,4963,64,5998,RPI5_Heterogeneous_XMSSMT_2026-09-18/08_height_heterogeneity/FINAL_BENCHMARK_FREEZE/H10-10/CONTROL01/operations.csv
H10-10_W16-16,10,10,16,16,HEIGHT,verify,96,2712722,2.712722000,1,4963,64,5998,RPI5_Heterogeneous_XMSSMT_2026-09-18/08_height_heterogeneity/FINAL_BENCHMARK_FREEZE/H10-10/CONTROL01/operations.csv
H10-10_W16-16,10,10,16,16,HEIGHT,sign,97,15426518,15.426518000,,4963,64,5998,RPI5_Heterogeneous_XMSSMT_2026-09-18/08_height_heterogeneity/FINAL_BENCHMARK_FREEZE/H10-10/CONTROL01/operations.csv
H10-10_W16-16,10,10,16,16,HEIGHT,verify,97,2616963,2.616963000,1,4963,64,5998,RPI5_Heterogeneous_XMSSMT_2026-09-18/08_height_heterogeneity/FINAL_BENCHMARK_FREEZE/H10-10/CONTROL01/operations.csv
H10-10_W16-16,10,10,16,16,HEIGHT,sign,98,17780445,17.780445000,,4963,64,5998,RPI5_Heterogeneous_XMSSMT_2026-09-18/08_height_heterogeneity/FINAL_BENCHMARK_FREEZE/H10-10/CONTROL01/operations.csv
H10-10_W16-16,10,10,16,16,HEIGHT,verify,98,2649889,2.649889000,1,4963,64,5998,RPI5_Heterogeneous_XMSSMT_2026-09-18/08_height_heterogeneity/FINAL_BENCHMARK_FREEZE/H10-10/CONTROL01/operations.csv
H10-10_W16-16,10,10,16,16,HEIGHT,sign,99,15311426,15.311426000,,4963,64,5998,RPI5_Heterogeneous_XMSSMT_2026-09-18/08_height_heterogeneity/FINAL_BENCHMARK_FREEZE/H10-10/CONTROL01/operations.csv
H10-10_W16-16,10,10,16,16,HEIGHT,verify,99,2738704,2.738704000,1,4963,64,5998,RPI5_Heterogeneous_XMSSMT_2026-09-18/08_height_heterogeneity/FINAL_BENCHMARK_FREEZE/H10-10/CONTROL01/operations.csv
H10-10_W4-16,10,10,4,16,WOTS,keygen,1,3838541091,3838.541091000,,7075,64,5998,RPI5_Heterogeneous_XMSSMT_2026-09-18/07_w_heterogeneity/HET20D2_H10-10_W4-16_RUN01/XMSSMT_FAST_XMSSMT-SHA2_20_2_256_HET20D2_H10-10_W4-16_RUN01_operations_instrumented.csv
H10-10_W4-16,10,10,4,16,WOTS,keygen,2,3841326664,3841.326664000,,7075,64,5998,RPI5_Heterogeneous_XMSSMT_2026-09-18/07_w_heterogeneity/HET20D2_H10-10_W4-16_RUN01/XMSSMT_FAST_XMSSMT-SHA2_20_2_256_HET20D2_H10-10_W4-16_RUN01_operations_instrumented.csv
H10-10_W4-16,10,10,4,16,WOTS,keygen,3,3874032164,3874.032164000,,7075,64,5998,RPI5_Heterogeneous_XMSSMT_2026-09-18/07_w_heterogeneity/HET20D2_H10-10_W4-16_RUN01/XMSSMT_FAST_XMSSMT-SHA2_20_2_256_HET20D2_H10-10_W4-16_RUN01_operations_instrumented.csv
H10-10_W4-16,10,10,4,16,WOTS,keygen,4,3821296942,3821.296942000,,7075,64,5998,RPI5_Heterogeneous_XMSSMT_2026-09-18/07_w_heterogeneity/HET20D2_H10-10_W4-16_RUN01/XMSSMT_FAST_XMSSMT-SHA2_20_2_256_HET20D2_H10-10_W4-16_RUN01_operations_instrumented.csv
H10-10_W4-16,10,10,4,16,WOTS,keygen,5,3822565183,3822.565183000,,7075,64,5998,RPI5_Heterogeneous_XMSSMT_2026-09-18/07_w_heterogeneity/HET20D2_H10-10_W4-16_RUN01/XMSSMT_FAST_XMSSMT-SHA2_20_2_256_HET20D2_H10-10_W4-16_RUN01_operations_instrumented.csv
H10-10_W4-16,10,10,4,16,WOTS,keygen,6,3819915128,3819.915128000,,7075,64,5998,RPI5_Heterogeneous_XMSSMT_2026-09-18/07_w_heterogeneity/HET20D2_H10-10_W4-16_RUN01/XMSSMT_FAST_XMSSMT-SHA2_20_2_256_HET20D2_H10-10_W4-16_RUN01_operations_instrumented.csv
H10-10_W4-16,10,10,4,16,WOTS,keygen,7,3819454627,3819.454627000,,7075,64,5998,RPI5_Heterogeneous_XMSSMT_2026-09-18/07_w_heterogeneity/HET20D2_H10-10_W4-16_RUN01/XMSSMT_FAST_XMSSMT-SHA2_20_2_256_HET20D2_H10-10_W4-16_RUN01_operations_instrumented.csv
H10-10_W4-16,10,10,4,16,WOTS,keygen,8,3819176406,3819.176406000,,7075,64,5998,RPI5_Heterogeneous_XMSSMT_2026-09-18/07_w_heterogeneity/HET20D2_H10-10_W4-16_RUN01/XMSSMT_FAST_XMSSMT-SHA2_20_2_256_HET20D2_H10-10_W4-16_RUN01_operations_instrumented.csv
H10-10_W4-16,10,10,4,16,WOTS,keygen,9,3820303998,3820.303998000,,7075,64,5998,RPI5_Heterogeneous_XMSSMT_2026-09-18/07_w_heterogeneity/HET20D2_H10-10_W4-16_RUN01/XMSSMT_FAST_XMSSMT-SHA2_20_2_256_HET20D2_H10-10_W4-16_RUN01_operations_instrumented.csv
H10-10_W4-16,10,10,4,16,WOTS,keygen,10,3819661294,3819.661294000,,7075,64,5998,RPI5_Heterogeneous_XMSSMT_2026-09-18/07_w_heterogeneity/HET20D2_H10-10_W4-16_RUN01/XMSSMT_FAST_XMSSMT-SHA2_20_2_256_HET20D2_H10-10_W4-16_RUN01_operations_instrumented.csv
H10-10_W4-16,10,10,4,16,WOTS,sign,1,3245814,3.245814000,,7075,64,5998,RPI5_Heterogeneous_XMSSMT_2026-09-18/07_w_heterogeneity/HET20D2_H10-10_W4-16_RUN01/XMSSMT_FAST_XMSSMT-SHA2_20_2_256_HET20D2_H10-10_W4-16_RUN01_operations_instrumented.csv
H10-10_W4-16,10,10,4,16,WOTS,verify,1,2144518,2.144518000,1,7075,64,5998,RPI5_Heterogeneous_XMSSMT_2026-09-18/07_w_heterogeneity/HET20D2_H10-10_W4-16_RUN01/XMSSMT_FAST_XMSSMT-SHA2_20_2_256_HET20D2_H10-10_W4-16_RUN01_operations_instrumented.csv
H10-10_W4-16,10,10,4,16,WOTS,sign,2,3210667,3.210667000,,7075,64,5998,RPI5_Heterogeneous_XMSSMT_2026-09-18/07_w_heterogeneity/HET20D2_H10-10_W4-16_RUN01/XMSSMT_FAST_XMSSMT-SHA2_20_2_256_HET20D2_H10-10_W4-16_RUN01_operations_instrumented.csv
H10-10_W4-16,10,10,4,16,WOTS,verify,2,2172518,2.172518000,1,7075,64,5998,RPI5_Heterogeneous_XMSSMT_2026-09-18/07_w_heterogeneity/HET20D2_H10-10_W4-16_RUN01/XMSSMT_FAST_XMSSMT-SHA2_20_2_256_HET20D2_H10-10_W4-16_RUN01_operations_instrumented.csv
H10-10_W4-16,10,10,4,16,WOTS,sign,3,3198407,3.198407000,,7075,64,5998,RPI5_Heterogeneous_XMSSMT_2026-09-18/07_w_heterogeneity/HET20D2_H10-10_W4-16_RUN01/XMSSMT_FAST_XMSSMT-SHA2_20_2_256_HET20D2_H10-10_W4-16_RUN01_operations_instrumented.csv
H10-10_W4-16,10,10,4,16,WOTS,verify,3,2173796,2.173796000,1,7075,64,5998,RPI5_Heterogeneous_XMSSMT_2026-09-18/07_w_heterogeneity/HET20D2_H10-10_W4-16_RUN01/XMSSMT_FAST_XMSSMT-SHA2_20_2_256_HET20D2_H10-10_W4-16_RUN01_operations_instrumented.csv
H10-10_W4-16,10,10,4,16,WOTS,sign,4,5934685,5.934685000,,7075,64,5998,RPI5_Heterogeneous_XMSSMT_2026-09-18/07_w_heterogeneity/HET20D2_H10-10_W4-16_RUN01/XMSSMT_FAST_XMSSMT-SHA2_20_2_256_HET20D2_H10-10_W4-16_RUN01_operations_instrumented.csv
H10-10_W4-16,10,10,4,16,WOTS,verify,4,2137981,2.137981000,1,7075,64,5998,RPI5_Heterogeneous_XMSSMT_2026-09-18/07_w_heterogeneity/HET20D2_H10-10_W4-16_RUN01/XMSSMT_FAST_XMSSMT-SHA2_20_2_256_HET20D2_H10-10_W4-16_RUN01_operations_instrumented.csv
H10-10_W4-16,10,10,4,16,WOTS,sign,5,3236334,3.236334000,,7075,64,5998,RPI5_Heterogeneous_XMSSMT_2026-09-18/07_w_heterogeneity/HET20D2_H10-10_W4-16_RUN01/XMSSMT_FAST_XMSSMT-SHA2_20_2_256_HET20D2_H10-10_W4-16_RUN01_operations_instrumented.csv
H10-10_W4-16,10,10,4,16,WOTS,verify,5,2144056,2.144056000,1,7075,64,5998,RPI5_Heterogeneous_XMSSMT_2026-09-18/07_w_heterogeneity/HET20D2_H10-10_W4-16_RUN01/XMSSMT_FAST_XMSSMT-SHA2_20_2_256_HET20D2_H10-10_W4-16_RUN01_operations_instrumented.csv
H10-10_W4-16,10,10,4,16,WOTS,sign,6,3183500,3.183500000,,7075,64,5998,RPI5_Heterogeneous_XMSSMT_2026-09-18/07_w_heterogeneity/HET20D2_H10-10_W4-16_RUN01/XMSSMT_FAST_XMSSMT-SHA2_20_2_256_HET20D2_H10-10_W4-16_RUN01_operations_instrumented.csv
H10-10_W4-16,10,10,4,16,WOTS,verify,6,2196259,2.196259000,1,7075,64,5998,RPI5_Heterogeneous_XMSSMT_2026-09-18/07_w_heterogeneity/HET20D2_H10-10_W4-16_RUN01/XMSSMT_FAST_XMSSMT-SHA2_20_2_256_HET20D2_H10-10_W4-16_RUN01_operations_instrumented.csv
H10-10_W4-16,10,10,4,16,WOTS,sign,7,3214871,3.214871000,,7075,64,5998,RPI5_Heterogeneous_XMSSMT_2026-09-18/07_w_heterogeneity/HET20D2_H10-10_W4-16_RUN01/XMSSMT_FAST_XMSSMT-SHA2_20_2_256_HET20D2_H10-10_W4-16_RUN01_operations_instrumented.csv
H10-10_W4-16,10,10,4,16,WOTS,verify,7,2184000,2.184000000,1,7075,64,5998,RPI5_Heterogeneous_XMSSMT_2026-09-18/07_w_heterogeneity/HET20D2_H10-10_W4-16_RUN01/XMSSMT_FAST_XMSSMT-SHA2_20_2_256_HET20D2_H10-10_W4-16_RUN01_operations_instrumented.csv
H10-10_W4-16,10,10,4,16,WOTS,sign,8,8602092,8.602092000,,7075,64,5998,RPI5_Heterogeneous_XMSSMT_2026-09-18/07_w_heterogeneity/HET20D2_H10-10_W4-16_RUN01/XMSSMT_FAST_XMSSMT-SHA2_20_2_256_HET20D2_H10-10_W4-16_RUN01_operations_instrumented.csv
H10-10_W4-16,10,10,4,16,WOTS,verify,8,2165852,2.165852000,1,7075,64,5998,RPI5_Heterogeneous_XMSSMT_2026-09-18/07_w_heterogeneity/HET20D2_H10-10_W4-16_RUN01/XMSSMT_FAST_XMSSMT-SHA2_20_2_256_HET20D2_H10-10_W4-16_RUN01_operations_instrumented.csv
H10-10_W4-16,10,10,4,16,WOTS,sign,9,5943111,5.943111000,,7075,64,5998,RPI5_Heterogeneous_XMSSMT_2026-09-18/07_w_heterogeneity/HET20D2_H10-10_W4-16_RUN01/XMSSMT_FAST_XMSSMT-SHA2_20_2_256_HET20D2_H10-10_W4-16_RUN01_operations_instrumented.csv
H10-10_W4-16,10,10,4,16,WOTS,verify,9,2125426,2.125426000,1,7075,64,5998,RPI5_Heterogeneous_XMSSMT_2026-09-18/07_w_heterogeneity/HET20D2_H10-10_W4-16_RUN01/XMSSMT_FAST_XMSSMT-SHA2_20_2_256_HET20D2_H10-10_W4-16_RUN01_operations_instrumented.csv
H10-10_W4-16,10,10,4,16,WOTS,sign,10,3254778,3.254778000,,7075,64,5998,RPI5_Heterogeneous_XMSSMT_2026-09-18/07_w_heterogeneity/HET20D2_H10-10_W4-16_RUN01/XMSSMT_FAST_XMSSMT-SHA2_20_2_256_HET20D2_H10-10_W4-16_RUN01_operations_instrumented.csv
H10-10_W4-16,10,10,4,16,WOTS,verify,10,2133426,2.133426000,1,7075,64,5998,RPI5_Heterogeneous_XMSSMT_2026-09-18/07_w_heterogeneity/HET20D2_H10-10_W4-16_RUN01/XMSSMT_FAST_XMSSMT-SHA2_20_2_256_HET20D2_H10-10_W4-16_RUN01_operations_instrumented.csv
H10-10_W4-16,10,10,4,16,WOTS,sign,1,3260870,3.260870000,,7075,64,5998,RPI5_Heterogeneous_XMSSMT_2026-09-18/07_w_heterogeneity/HET20D2_H10-10_W4-16_RUN01/XMSSMT_FAST_XMSSMT-SHA2_20_2_256_HET20D2_H10-10_W4-16_RUN01_operations_instrumented.csv
H10-10_W4-16,10,10,4,16,WOTS,verify,1,2263445,2.263445000,1,7075,64,5998,RPI5_Heterogeneous_XMSSMT_2026-09-18/07_w_heterogeneity/HET20D2_H10-10_W4-16_RUN01/XMSSMT_FAST_XMSSMT-SHA2_20_2_256_HET20D2_H10-10_W4-16_RUN01_operations_instrumented.csv
H10-10_W4-16,10,10,4,16,WOTS,sign,2,3179389,3.179389000,,7075,64,5998,RPI5_Heterogeneous_XMSSMT_2026-09-18/07_w_heterogeneity/HET20D2_H10-10_W4-16_RUN01/XMSSMT_FAST_XMSSMT-SHA2_20_2_256_HET20D2_H10-10_W4-16_RUN01_operations_instrumented.csv
H10-10_W4-16,10,10,4,16,WOTS,verify,2,2332037,2.332037000,1,7075,64,5998,RPI5_Heterogeneous_XMSSMT_2026-09-18/07_w_heterogeneity/HET20D2_H10-10_W4-16_RUN01/XMSSMT_FAST_XMSSMT-SHA2_20_2_256_HET20D2_H10-10_W4-16_RUN01_operations_instrumented.csv
H10-10_W4-16,10,10,4,16,WOTS,sign,3,3228500,3.228500000,,7075,64,5998,RPI5_Heterogeneous_XMSSMT_2026-09-18/07_w_heterogeneity/HET20D2_H10-10_W4-16_RUN01/XMSSMT_FAST_XMSSMT-SHA2_20_2_256_HET20D2_H10-10_W4-16_RUN01_operations_instrumented.csv
H10-10_W4-16,10,10,4,16,WOTS,verify,3,2272611,2.272611000,1,7075,64,5998,RPI5_Heterogeneous_XMSSMT_2026-09-18/07_w_heterogeneity/HET20D2_H10-10_W4-16_RUN01/XMSSMT_FAST_XMSSMT-SHA2_20_2_256_HET20D2_H10-10_W4-16_RUN01_operations_instrumented.csv
H10-10_W4-16,10,10,4,16,WOTS,sign,4,5916426,5.916426000,,7075,64,5998,RPI5_Heterogeneous_XMSSMT_2026-09-18/07_w_heterogeneity/HET20D2_H10-10_W4-16_RUN01/XMSSMT_FAST_XMSSMT-SHA2_20_2_256_HET20D2_H10-10_W4-16_RUN01_operations_instrumented.csv
H10-10_W4-16,10,10,4,16,WOTS,verify,4,2297388,2.297388000,1,7075,64,5998,RPI5_Heterogeneous_XMSSMT_2026-09-18/07_w_heterogeneity/HET20D2_H10-10_W4-16_RUN01/XMSSMT_FAST_XMSSMT-SHA2_20_2_256_HET20D2_H10-10_W4-16_RUN01_operations_instrumented.csv
H10-10_W4-16,10,10,4,16,WOTS,sign,5,3246408,3.246408000,,7075,64,5998,RPI5_Heterogeneous_XMSSMT_2026-09-18/07_w_heterogeneity/HET20D2_H10-10_W4-16_RUN01/XMSSMT_FAST_XMSSMT-SHA2_20_2_256_HET20D2_H10-10_W4-16_RUN01_operations_instrumented.csv
H10-10_W4-16,10,10,4,16,WOTS,verify,5,2259833,2.259833000,1,7075,64,5998,RPI5_Heterogeneous_XMSSMT_2026-09-18/07_w_heterogeneity/HET20D2_H10-10_W4-16_RUN01/XMSSMT_FAST_XMSSMT-SHA2_20_2_256_HET20D2_H10-10_W4-16_RUN01_operations_instrumented.csv
H10-10_W4-16,10,10,4,16,WOTS,sign,6,3253333,3.253333000,,7075,64,5998,RPI5_Heterogeneous_XMSSMT_2026-09-18/07_w_heterogeneity/HET20D2_H10-10_W4-16_RUN01/XMSSMT_FAST_XMSSMT-SHA2_20_2_256_HET20D2_H10-10_W4-16_RUN01_operations_instrumented.csv
H10-10_W4-16,10,10,4,16,WOTS,verify,6,2263240,2.263240000,1,7075,64,5998,RPI5_Heterogeneous_XMSSMT_2026-09-18/07_w_heterogeneity/HET20D2_H10-10_W4-16_RUN01/XMSSMT_FAST_XMSSMT-SHA2_20_2_256_HET20D2_H10-10_W4-16_RUN01_operations_instrumented.csv
H10-10_W4-16,10,10,4,16,WOTS,sign,7,3253074,3.253074000,,7075,64,5998,RPI5_Heterogeneous_XMSSMT_2026-09-18/07_w_heterogeneity/HET20D2_H10-10_W4-16_RUN01/XMSSMT_FAST_XMSSMT-SHA2_20_2_256_HET20D2_H10-10_W4-16_RUN01_operations_instrumented.csv
H10-10_W4-16,10,10,4,16,WOTS,verify,7,2255944,2.255944000,1,7075,64,5998,RPI5_Heterogeneous_XMSSMT_2026-09-18/07_w_heterogeneity/HET20D2_H10-10_W4-16_RUN01/XMSSMT_FAST_XMSSMT-SHA2_20_2_256_HET20D2_H10-10_W4-16_RUN01_operations_instrumented.csv
H10-10_W4-16,10,10,4,16,WOTS,sign,8,8584315,8.584315000,,7075,64,5998,RPI5_Heterogeneous_XMSSMT_2026-09-18/07_w_heterogeneity/HET20D2_H10-10_W4-16_RUN01/XMSSMT_FAST_XMSSMT-SHA2_20_2_256_HET20D2_H10-10_W4-16_RUN01_operations_instrumented.csv
H10-10_W4-16,10,10,4,16,WOTS,verify,8,2317908,2.317908000,1,7075,64,5998,RPI5_Heterogeneous_XMSSMT_2026-09-18/07_w_heterogeneity/HET20D2_H10-10_W4-16_RUN01/XMSSMT_FAST_XMSSMT-SHA2_20_2_256_HET20D2_H10-10_W4-16_RUN01_operations_instrumented.csv
H10-10_W4-16,10,10,4,16,WOTS,sign,9,5942222,5.942222000,,7075,64,5998,RPI5_Heterogeneous_XMSSMT_2026-09-18/07_w_heterogeneity/HET20D2_H10-10_W4-16_RUN01/XMSSMT_FAST_XMSSMT-SHA2_20_2_256_HET20D2_H10-10_W4-16_RUN01_operations_instrumented.csv
H10-10_W4-16,10,10,4,16,WOTS,verify,9,2260833,2.260833000,1,7075,64,5998,RPI5_Heterogeneous_XMSSMT_2026-09-18/07_w_heterogeneity/HET20D2_H10-10_W4-16_RUN01/XMSSMT_FAST_XMSSMT-SHA2_20_2_256_HET20D2_H10-10_W4-16_RUN01_operations_instrumented.csv
H10-10_W4-16,10,10,4,16,WOTS,sign,10,3280296,3.280296000,,7075,64,5998,RPI5_Heterogeneous_XMSSMT_2026-09-18/07_w_heterogeneity/HET20D2_H10-10_W4-16_RUN01/XMSSMT_FAST_XMSSMT-SHA2_20_2_256_HET20D2_H10-10_W4-16_RUN01_operations_instrumented.csv
H10-10_W4-16,10,10,4,16,WOTS,verify,10,2237777,2.237777000,1,7075,64,5998,RPI5_Heterogeneous_XMSSMT_2026-09-18/07_w_heterogeneity/HET20D2_H10-10_W4-16_RUN01/XMSSMT_FAST_XMSSMT-SHA2_20_2_256_HET20D2_H10-10_W4-16_RUN01_operations_instrumented.csv
H10-10_W4-16,10,10,4,16,WOTS,sign,1,3244222,3.244222000,,7075,64,5998,RPI5_Heterogeneous_XMSSMT_2026-09-18/07_w_heterogeneity/HET20D2_H10-10_W4-16_RUN01/XMSSMT_FAST_XMSSMT-SHA2_20_2_256_HET20D2_H10-10_W4-16_RUN01_operations_instrumented.csv
H10-10_W4-16,10,10,4,16,WOTS,verify,1,2136611,2.136611000,1,7075,64,5998,RPI5_Heterogeneous_XMSSMT_2026-09-18/07_w_heterogeneity/HET20D2_H10-10_W4-16_RUN01/XMSSMT_FAST_XMSSMT-SHA2_20_2_256_HET20D2_H10-10_W4-16_RUN01_operations_instrumented.csv
H10-10_W4-16,10,10,4,16,WOTS,sign,2,3184130,3.184130000,,7075,64,5998,RPI5_Heterogeneous_XMSSMT_2026-09-18/07_w_heterogeneity/HET20D2_H10-10_W4-16_RUN01/XMSSMT_FAST_XMSSMT-SHA2_20_2_256_HET20D2_H10-10_W4-16_RUN01_operations_instrumented.csv
H10-10_W4-16,10,10,4,16,WOTS,verify,2,2204333,2.204333000,1,7075,64,5998,RPI5_Heterogeneous_XMSSMT_2026-09-18/07_w_heterogeneity/HET20D2_H10-10_W4-16_RUN01/XMSSMT_FAST_XMSSMT-SHA2_20_2_256_HET20D2_H10-10_W4-16_RUN01_operations_instrumented.csv
H10-10_W4-16,10,10,4,16,WOTS,sign,3,3244204,3.244204000,,7075,64,5998,RPI5_Heterogeneous_XMSSMT_2026-09-18/07_w_heterogeneity/HET20D2_H10-10_W4-16_RUN01/XMSSMT_FAST_XMSSMT-SHA2_20_2_256_HET20D2_H10-10_W4-16_RUN01_operations_instrumented.csv
H10-10_W4-16,10,10,4,16,WOTS,verify,3,2133667,2.133667000,1,7075,64,5998,RPI5_Heterogeneous_XMSSMT_2026-09-18/07_w_heterogeneity/HET20D2_H10-10_W4-16_RUN01/XMSSMT_FAST_XMSSMT-SHA2_20_2_256_HET20D2_H10-10_W4-16_RUN01_operations_instrumented.csv
H10-10_W4-16,10,10,4,16,WOTS,sign,4,5968722,5.968722000,,7075,64,5998,RPI5_Heterogeneous_XMSSMT_2026-09-18/07_w_heterogeneity/HET20D2_H10-10_W4-16_RUN01/XMSSMT_FAST_XMSSMT-SHA2_20_2_256_HET20D2_H10-10_W4-16_RUN01_operations_instrumented.csv
H10-10_W4-16,10,10,4,16,WOTS,verify,4,2099778,2.099778000,1,7075,64,5998,RPI5_Heterogeneous_XMSSMT_2026-09-18/07_w_heterogeneity/HET20D2_H10-10_W4-16_RUN01/XMSSMT_FAST_XMSSMT-SHA2_20_2_256_HET20D2_H10-10_W4-16_RUN01_operations_instrumented.csv
H10-10_W4-16,10,10,4,16,WOTS,sign,5,3259500,3.259500000,,7075,64,5998,RPI5_Heterogeneous_XMSSMT_2026-09-18/07_w_heterogeneity/HET20D2_H10-10_W4-16_RUN01/XMSSMT_FAST_XMSSMT-SHA2_20_2_256_HET20D2_H10-10_W4-16_RUN01_operations_instrumented.csv
H10-10_W4-16,10,10,4,16,WOTS,verify,5,2118981,2.118981000,1,7075,64,5998,RPI5_Heterogeneous_XMSSMT_2026-09-18/07_w_heterogeneity/HET20D2_H10-10_W4-16_RUN01/XMSSMT_FAST_XMSSMT-SHA2_20_2_256_HET20D2_H10-10_W4-16_RUN01_operations_instrumented.csv
H10-10_W4-16,10,10,4,16,WOTS,sign,6,3243000,3.243000000,,7075,64,5998,RPI5_Heterogeneous_XMSSMT_2026-09-18/07_w_heterogeneity/HET20D2_H10-10_W4-16_RUN01/XMSSMT_FAST_XMSSMT-SHA2_20_2_256_HET20D2_H10-10_W4-16_RUN01_operations_instrumented.csv
H10-10_W4-16,10,10,4,16,WOTS,verify,6,2136722,2.136722000,1,7075,64,5998,RPI5_Heterogeneous_XMSSMT_2026-09-18/07_w_heterogeneity/HET20D2_H10-10_W4-16_RUN01/XMSSMT_FAST_XMSSMT-SHA2_20_2_256_HET20D2_H10-10_W4-16_RUN01_operations_instrumented.csv
H10-10_W4-16,10,10,4,16,WOTS,sign,7,3264685,3.264685000,,7075,64,5998,RPI5_Heterogeneous_XMSSMT_2026-09-18/07_w_heterogeneity/HET20D2_H10-10_W4-16_RUN01/XMSSMT_FAST_XMSSMT-SHA2_20_2_256_HET20D2_H10-10_W4-16_RUN01_operations_instrumented.csv
H10-10_W4-16,10,10,4,16,WOTS,verify,7,2110851,2.110851000,1,7075,64,5998,RPI5_Heterogeneous_XMSSMT_2026-09-18/07_w_heterogeneity/HET20D2_H10-10_W4-16_RUN01/XMSSMT_FAST_XMSSMT-SHA2_20_2_256_HET20D2_H10-10_W4-16_RUN01_operations_instrumented.csv
H10-10_W4-16,10,10,4,16,WOTS,sign,8,8591297,8.591297000,,7075,64,5998,RPI5_Heterogeneous_XMSSMT_2026-09-18/07_w_heterogeneity/HET20D2_H10-10_W4-16_RUN01/XMSSMT_FAST_XMSSMT-SHA2_20_2_256_HET20D2_H10-10_W4-16_RUN01_operations_instrumented.csv
H10-10_W4-16,10,10,4,16,WOTS,verify,8,2186463,2.186463000,1,7075,64,5998,RPI5_Heterogeneous_XMSSMT_2026-09-18/07_w_heterogeneity/HET20D2_H10-10_W4-16_RUN01/XMSSMT_FAST_XMSSMT-SHA2_20_2_256_HET20D2_H10-10_W4-16_RUN01_operations_instrumented.csv
H10-10_W4-16,10,10,4,16,WOTS,sign,9,5929834,5.929834000,,7075,64,5998,RPI5_Heterogeneous_XMSSMT_2026-09-18/07_w_heterogeneity/HET20D2_H10-10_W4-16_RUN01/XMSSMT_FAST_XMSSMT-SHA2_20_2_256_HET20D2_H10-10_W4-16_RUN01_operations_instrumented.csv
H10-10_W4-16,10,10,4,16,WOTS,verify,9,2141222,2.141222000,1,7075,64,5998,RPI5_Heterogeneous_XMSSMT_2026-09-18/07_w_heterogeneity/HET20D2_H10-10_W4-16_RUN01/XMSSMT_FAST_XMSSMT-SHA2_20_2_256_HET20D2_H10-10_W4-16_RUN01_operations_instrumented.csv
H10-10_W4-16,10,10,4,16,WOTS,sign,10,3259426,3.259426000,,7075,64,5998,RPI5_Heterogeneous_XMSSMT_2026-09-18/07_w_heterogeneity/HET20D2_H10-10_W4-16_RUN01/XMSSMT_FAST_XMSSMT-SHA2_20_2_256_HET20D2_H10-10_W4-16_RUN01_operations_instrumented.csv
H10-10_W4-16,10,10,4,16,WOTS,verify,10,2128981,2.128981000,1,7075,64,5998,RPI5_Heterogeneous_XMSSMT_2026-09-18/07_w_heterogeneity/HET20D2_H10-10_W4-16_RUN01/XMSSMT_FAST_XMSSMT-SHA2_20_2_256_HET20D2_H10-10_W4-16_RUN01_operations_instrumented.csv
H10-10_W4-16,10,10,4,16,WOTS,sign,1,3270463,3.270463000,,7075,64,5998,RPI5_Heterogeneous_XMSSMT_2026-09-18/07_w_heterogeneity/HET20D2_H10-10_W4-16_RUN01/XMSSMT_FAST_XMSSMT-SHA2_20_2_256_HET20D2_H10-10_W4-16_RUN01_operations_instrumented.csv
H10-10_W4-16,10,10,4,16,WOTS,verify,1,2116926,2.116926000,1,7075,64,5998,RPI5_Heterogeneous_XMSSMT_2026-09-18/07_w_heterogeneity/HET20D2_H10-10_W4-16_RUN01/XMSSMT_FAST_XMSSMT-SHA2_20_2_256_HET20D2_H10-10_W4-16_RUN01_operations_instrumented.csv
H10-10_W4-16,10,10,4,16,WOTS,sign,2,3254019,3.254019000,,7075,64,5998,RPI5_Heterogeneous_XMSSMT_2026-09-18/07_w_heterogeneity/HET20D2_H10-10_W4-16_RUN01/XMSSMT_FAST_XMSSMT-SHA2_20_2_256_HET20D2_H10-10_W4-16_RUN01_operations_instrumented.csv
H10-10_W4-16,10,10,4,16,WOTS,verify,2,2130556,2.130556000,1,7075,64,5998,RPI5_Heterogeneous_XMSSMT_2026-09-18/07_w_heterogeneity/HET20D2_H10-10_W4-16_RUN01/XMSSMT_FAST_XMSSMT-SHA2_20_2_256_HET20D2_H10-10_W4-16_RUN01_operations_instrumented.csv
H10-10_W4-16,10,10,4,16,WOTS,sign,3,3235445,3.235445000,,7075,64,5998,RPI5_Heterogeneous_XMSSMT_2026-09-18/07_w_heterogeneity/HET20D2_H10-10_W4-16_RUN01/XMSSMT_FAST_XMSSMT-SHA2_20_2_256_HET20D2_H10-10_W4-16_RUN01_operations_instrumented.csv
H10-10_W4-16,10,10,4,16,WOTS,verify,3,2136871,2.136871000,1,7075,64,5998,RPI5_Heterogeneous_XMSSMT_2026-09-18/07_w_heterogeneity/HET20D2_H10-10_W4-16_RUN01/XMSSMT_FAST_XMSSMT-SHA2_20_2_256_HET20D2_H10-10_W4-16_RUN01_operations_instrumented.csv
H10-10_W4-16,10,10,4,16,WOTS,sign,4,5941296,5.941296000,,7075,64,5998,RPI5_Heterogeneous_XMSSMT_2026-09-18/07_w_heterogeneity/HET20D2_H10-10_W4-16_RUN01/XMSSMT_FAST_XMSSMT-SHA2_20_2_256_HET20D2_H10-10_W4-16_RUN01_operations_instrumented.csv
H10-10_W4-16,10,10,4,16,WOTS,verify,4,2128296,2.128296000,1,7075,64,5998,RPI5_Heterogeneous_XMSSMT_2026-09-18/07_w_heterogeneity/HET20D2_H10-10_W4-16_RUN01/XMSSMT_FAST_XMSSMT-SHA2_20_2_256_HET20D2_H10-10_W4-16_RUN01_operations_instrumented.csv
H10-10_W4-16,10,10,4,16,WOTS,sign,5,3190166,3.190166000,,7075,64,5998,RPI5_Heterogeneous_XMSSMT_2026-09-18/07_w_heterogeneity/HET20D2_H10-10_W4-16_RUN01/XMSSMT_FAST_XMSSMT-SHA2_20_2_256_HET20D2_H10-10_W4-16_RUN01_operations_instrumented.csv
H10-10_W4-16,10,10,4,16,WOTS,verify,5,2183074,2.183074000,1,7075,64,5998,RPI5_Heterogeneous_XMSSMT_2026-09-18/07_w_heterogeneity/HET20D2_H10-10_W4-16_RUN01/XMSSMT_FAST_XMSSMT-SHA2_20_2_256_HET20D2_H10-10_W4-16_RUN01_operations_instrumented.csv
H10-10_W4-16,10,10,4,16,WOTS,sign,6,3246463,3.246463000,,7075,64,5998,RPI5_Heterogeneous_XMSSMT_2026-09-18/07_w_heterogeneity/HET20D2_H10-10_W4-16_RUN01/XMSSMT_FAST_XMSSMT-SHA2_20_2_256_HET20D2_H10-10_W4-16_RUN01_operations_instrumented.csv
H10-10_W4-16,10,10,4,16,WOTS,verify,6,2130611,2.130611000,1,7075,64,5998,RPI5_Heterogeneous_XMSSMT_2026-09-18/07_w_heterogeneity/HET20D2_H10-10_W4-16_RUN01/XMSSMT_FAST_XMSSMT-SHA2_20_2_256_HET20D2_H10-10_W4-16_RUN01_operations_instrumented.csv
H10-10_W4-16,10,10,4,16,WOTS,sign,7,3173333,3.173333000,,7075,64,5998,RPI5_Heterogeneous_XMSSMT_2026-09-18/07_w_heterogeneity/HET20D2_H10-10_W4-16_RUN01/XMSSMT_FAST_XMSSMT-SHA2_20_2_256_HET20D2_H10-10_W4-16_RUN01_operations_instrumented.csv
H10-10_W4-16,10,10,4,16,WOTS,verify,7,2198296,2.198296000,1,7075,64,5998,RPI5_Heterogeneous_XMSSMT_2026-09-18/07_w_heterogeneity/HET20D2_H10-10_W4-16_RUN01/XMSSMT_FAST_XMSSMT-SHA2_20_2_256_HET20D2_H10-10_W4-16_RUN01_operations_instrumented.csv
H10-10_W4-16,10,10,4,16,WOTS,sign,8,8621926,8.621926000,,7075,64,5998,RPI5_Heterogeneous_XMSSMT_2026-09-18/07_w_heterogeneity/HET20D2_H10-10_W4-16_RUN01/XMSSMT_FAST_XMSSMT-SHA2_20_2_256_HET20D2_H10-10_W4-16_RUN01_operations_instrumented.csv
H10-10_W4-16,10,10,4,16,WOTS,verify,8,2147241,2.147241000,1,7075,64,5998,RPI5_Heterogeneous_XMSSMT_2026-09-18/07_w_heterogeneity/HET20D2_H10-10_W4-16_RUN01/XMSSMT_FAST_XMSSMT-SHA2_20_2_256_HET20D2_H10-10_W4-16_RUN01_operations_instrumented.csv
H10-10_W4-16,10,10,4,16,WOTS,sign,9,5899278,5.899278000,,7075,64,5998,RPI5_Heterogeneous_XMSSMT_2026-09-18/07_w_heterogeneity/HET20D2_H10-10_W4-16_RUN01/XMSSMT_FAST_XMSSMT-SHA2_20_2_256_HET20D2_H10-10_W4-16_RUN01_operations_instrumented.csv
H10-10_W4-16,10,10,4,16,WOTS,verify,9,2172278,2.172278000,1,7075,64,5998,RPI5_Heterogeneous_XMSSMT_2026-09-18/07_w_heterogeneity/HET20D2_H10-10_W4-16_RUN01/XMSSMT_FAST_XMSSMT-SHA2_20_2_256_HET20D2_H10-10_W4-16_RUN01_operations_instrumented.csv
H10-10_W4-16,10,10,4,16,WOTS,sign,10,3234908,3.234908000,,7075,64,5998,RPI5_Heterogeneous_XMSSMT_2026-09-18/07_w_heterogeneity/HET20D2_H10-10_W4-16_RUN01/XMSSMT_FAST_XMSSMT-SHA2_20_2_256_HET20D2_H10-10_W4-16_RUN01_operations_instrumented.csv
H10-10_W4-16,10,10,4,16,WOTS,verify,10,2140611,2.140611000,1,7075,64,5998,RPI5_Heterogeneous_XMSSMT_2026-09-18/07_w_heterogeneity/HET20D2_H10-10_W4-16_RUN01/XMSSMT_FAST_XMSSMT-SHA2_20_2_256_HET20D2_H10-10_W4-16_RUN01_operations_instrumented.csv
H10-10_W4-16,10,10,4,16,WOTS,sign,1,3196537,3.196537000,,7075,64,5998,RPI5_Heterogeneous_XMSSMT_2026-09-18/07_w_heterogeneity/HET20D2_H10-10_W4-16_RUN01/XMSSMT_FAST_XMSSMT-SHA2_20_2_256_HET20D2_H10-10_W4-16_RUN01_operations_instrumented.csv
H10-10_W4-16,10,10,4,16,WOTS,verify,1,2121574,2.121574000,1,7075,64,5998,RPI5_Heterogeneous_XMSSMT_2026-09-18/07_w_heterogeneity/HET20D2_H10-10_W4-16_RUN01/XMSSMT_FAST_XMSSMT-SHA2_20_2_256_HET20D2_H10-10_W4-16_RUN01_operations_instrumented.csv
H10-10_W4-16,10,10,4,16,WOTS,sign,2,3242649,3.242649000,,7075,64,5998,RPI5_Heterogeneous_XMSSMT_2026-09-18/07_w_heterogeneity/HET20D2_H10-10_W4-16_RUN01/XMSSMT_FAST_XMSSMT-SHA2_20_2_256_HET20D2_H10-10_W4-16_RUN01_operations_instrumented.csv
H10-10_W4-16,10,10,4,16,WOTS,verify,2,2069593,2.069593000,1,7075,64,5998,RPI5_Heterogeneous_XMSSMT_2026-09-18/07_w_heterogeneity/HET20D2_H10-10_W4-16_RUN01/XMSSMT_FAST_XMSSMT-SHA2_20_2_256_HET20D2_H10-10_W4-16_RUN01_operations_instrumented.csv
H10-10_W4-16,10,10,4,16,WOTS,sign,3,3236686,3.236686000,,7075,64,5998,RPI5_Heterogeneous_XMSSMT_2026-09-18/07_w_heterogeneity/HET20D2_H10-10_W4-16_RUN01/XMSSMT_FAST_XMSSMT-SHA2_20_2_256_HET20D2_H10-10_W4-16_RUN01_operations_instrumented.csv
H10-10_W4-16,10,10,4,16,WOTS,verify,3,2073481,2.073481000,1,7075,64,5998,RPI5_Heterogeneous_XMSSMT_2026-09-18/07_w_heterogeneity/HET20D2_H10-10_W4-16_RUN01/XMSSMT_FAST_XMSSMT-SHA2_20_2_256_HET20D2_H10-10_W4-16_RUN01_operations_instrumented.csv
H10-10_W4-16,10,10,4,16,WOTS,sign,4,5948593,5.948593000,,7075,64,5998,RPI5_Heterogeneous_XMSSMT_2026-09-18/07_w_heterogeneity/HET20D2_H10-10_W4-16_RUN01/XMSSMT_FAST_XMSSMT-SHA2_20_2_256_HET20D2_H10-10_W4-16_RUN01_operations_instrumented.csv
H10-10_W4-16,10,10,4,16,WOTS,verify,4,2060352,2.060352000,1,7075,64,5998,RPI5_Heterogeneous_XMSSMT_2026-09-18/07_w_heterogeneity/HET20D2_H10-10_W4-16_RUN01/XMSSMT_FAST_XMSSMT-SHA2_20_2_256_HET20D2_H10-10_W4-16_RUN01_operations_instrumented.csv
H10-10_W4-16,10,10,4,16,WOTS,sign,5,3230000,3.230000000,,7075,64,5998,RPI5_Heterogeneous_XMSSMT_2026-09-18/07_w_heterogeneity/HET20D2_H10-10_W4-16_RUN01/XMSSMT_FAST_XMSSMT-SHA2_20_2_256_HET20D2_H10-10_W4-16_RUN01_operations_instrumented.csv
H10-10_W4-16,10,10,4,16,WOTS,verify,5,2075703,2.075703000,1,7075,64,5998,RPI5_Heterogeneous_XMSSMT_2026-09-18/07_w_heterogeneity/HET20D2_H10-10_W4-16_RUN01/XMSSMT_FAST_XMSSMT-SHA2_20_2_256_HET20D2_H10-10_W4-16_RUN01_operations_instrumented.csv
H10-10_W4-16,10,10,4,16,WOTS,sign,6,3236574,3.236574000,,7075,64,5998,RPI5_Heterogeneous_XMSSMT_2026-09-18/07_w_heterogeneity/HET20D2_H10-10_W4-16_RUN01/XMSSMT_FAST_XMSSMT-SHA2_20_2_256_HET20D2_H10-10_W4-16_RUN01_operations_instrumented.csv
H10-10_W4-16,10,10,4,16,WOTS,verify,6,2081241,2.081241000,1,7075,64,5998,RPI5_Heterogeneous_XMSSMT_2026-09-18/07_w_heterogeneity/HET20D2_H10-10_W4-16_RUN01/XMSSMT_FAST_XMSSMT-SHA2_20_2_256_HET20D2_H10-10_W4-16_RUN01_operations_instrumented.csv
H10-10_W4-16,10,10,4,16,WOTS,sign,7,3207648,3.207648000,,7075,64,5998,RPI5_Heterogeneous_XMSSMT_2026-09-18/07_w_heterogeneity/HET20D2_H10-10_W4-16_RUN01/XMSSMT_FAST_XMSSMT-SHA2_20_2_256_HET20D2_H10-10_W4-16_RUN01_operations_instrumented.csv
H10-10_W4-16,10,10,4,16,WOTS,verify,7,2099278,2.099278000,1,7075,64,5998,RPI5_Heterogeneous_XMSSMT_2026-09-18/07_w_heterogeneity/HET20D2_H10-10_W4-16_RUN01/XMSSMT_FAST_XMSSMT-SHA2_20_2_256_HET20D2_H10-10_W4-16_RUN01_operations_instrumented.csv
H10-10_W4-16,10,10,4,16,WOTS,sign,8,8655833,8.655833000,,7075,64,5998,RPI5_Heterogeneous_XMSSMT_2026-09-18/07_w_heterogeneity/HET20D2_H10-10_W4-16_RUN01/XMSSMT_FAST_XMSSMT-SHA2_20_2_256_HET20D2_H10-10_W4-16_RUN01_operations_instrumented.csv
H10-10_W4-16,10,10,4,16,WOTS,verify,8,2053111,2.053111000,1,7075,64,5998,RPI5_Heterogeneous_XMSSMT_2026-09-18/07_w_heterogeneity/HET20D2_H10-10_W4-16_RUN01/XMSSMT_FAST_XMSSMT-SHA2_20_2_256_HET20D2_H10-10_W4-16_RUN01_operations_instrumented.csv
H10-10_W4-16,10,10,4,16,WOTS,sign,9,5895556,5.895556000,,7075,64,5998,RPI5_Heterogeneous_XMSSMT_2026-09-18/07_w_heterogeneity/HET20D2_H10-10_W4-16_RUN01/XMSSMT_FAST_XMSSMT-SHA2_20_2_256_HET20D2_H10-10_W4-16_RUN01_operations_instrumented.csv
H10-10_W4-16,10,10,4,16,WOTS,verify,9,2100592,2.100592000,1,7075,64,5998,RPI5_Heterogeneous_XMSSMT_2026-09-18/07_w_heterogeneity/HET20D2_H10-10_W4-16_RUN01/XMSSMT_FAST_XMSSMT-SHA2_20_2_256_HET20D2_H10-10_W4-16_RUN01_operations_instrumented.csv
H10-10_W4-16,10,10,4,16,WOTS,sign,10,3240982,3.240982000,,7075,64,5998,RPI5_Heterogeneous_XMSSMT_2026-09-18/07_w_heterogeneity/HET20D2_H10-10_W4-16_RUN01/XMSSMT_FAST_XMSSMT-SHA2_20_2_256_HET20D2_H10-10_W4-16_RUN01_operations_instrumented.csv
H10-10_W4-16,10,10,4,16,WOTS,verify,10,2072926,2.072926000,1,7075,64,5998,RPI5_Heterogeneous_XMSSMT_2026-09-18/07_w_heterogeneity/HET20D2_H10-10_W4-16_RUN01/XMSSMT_FAST_XMSSMT-SHA2_20_2_256_HET20D2_H10-10_W4-16_RUN01_operations_instrumented.csv
H10-10_W4-16,10,10,4,16,WOTS,sign,1,3190018,3.190018000,,7075,64,5998,RPI5_Heterogeneous_XMSSMT_2026-09-18/07_w_heterogeneity/HET20D2_H10-10_W4-16_RUN01/XMSSMT_FAST_XMSSMT-SHA2_20_2_256_HET20D2_H10-10_W4-16_RUN01_operations_instrumented.csv
H10-10_W4-16,10,10,4,16,WOTS,verify,1,2123814,2.123814000,1,7075,64,5998,RPI5_Heterogeneous_XMSSMT_2026-09-18/07_w_heterogeneity/HET20D2_H10-10_W4-16_RUN01/XMSSMT_FAST_XMSSMT-SHA2_20_2_256_HET20D2_H10-10_W4-16_RUN01_operations_instrumented.csv
H10-10_W4-16,10,10,4,16,WOTS,sign,2,3205240,3.205240000,,7075,64,5998,RPI5_Heterogeneous_XMSSMT_2026-09-18/07_w_heterogeneity/HET20D2_H10-10_W4-16_RUN01/XMSSMT_FAST_XMSSMT-SHA2_20_2_256_HET20D2_H10-10_W4-16_RUN01_operations_instrumented.csv
H10-10_W4-16,10,10,4,16,WOTS,verify,2,2118130,2.118130000,1,7075,64,5998,RPI5_Heterogeneous_XMSSMT_2026-09-18/07_w_heterogeneity/HET20D2_H10-10_W4-16_RUN01/XMSSMT_FAST_XMSSMT-SHA2_20_2_256_HET20D2_H10-10_W4-16_RUN01_operations_instrumented.csv
H10-10_W4-16,10,10,4,16,WOTS,sign,3,3238722,3.238722000,,7075,64,5998,RPI5_Heterogeneous_XMSSMT_2026-09-18/07_w_heterogeneity/HET20D2_H10-10_W4-16_RUN01/XMSSMT_FAST_XMSSMT-SHA2_20_2_256_HET20D2_H10-10_W4-16_RUN01_operations_instrumented.csv
H10-10_W4-16,10,10,4,16,WOTS,verify,3,2066852,2.066852000,1,7075,64,5998,RPI5_Heterogeneous_XMSSMT_2026-09-18/07_w_heterogeneity/HET20D2_H10-10_W4-16_RUN01/XMSSMT_FAST_XMSSMT-SHA2_20_2_256_HET20D2_H10-10_W4-16_RUN01_operations_instrumented.csv
H10-10_W4-16,10,10,4,16,WOTS,sign,4,5895704,5.895704000,,7075,64,5998,RPI5_Heterogeneous_XMSSMT_2026-09-18/07_w_heterogeneity/HET20D2_H10-10_W4-16_RUN01/XMSSMT_FAST_XMSSMT-SHA2_20_2_256_HET20D2_H10-10_W4-16_RUN01_operations_instrumented.csv
H10-10_W4-16,10,10,4,16,WOTS,verify,4,2121278,2.121278000,1,7075,64,5998,RPI5_Heterogeneous_XMSSMT_2026-09-18/07_w_heterogeneity/HET20D2_H10-10_W4-16_RUN01/XMSSMT_FAST_XMSSMT-SHA2_20_2_256_HET20D2_H10-10_W4-16_RUN01_operations_instrumented.csv
H10-10_W4-16,10,10,4,16,WOTS,sign,5,3188204,3.188204000,,7075,64,5998,RPI5_Heterogeneous_XMSSMT_2026-09-18/07_w_heterogeneity/HET20D2_H10-10_W4-16_RUN01/XMSSMT_FAST_XMSSMT-SHA2_20_2_256_HET20D2_H10-10_W4-16_RUN01_operations_instrumented.csv
H10-10_W4-16,10,10,4,16,WOTS,verify,5,2121852,2.121852000,1,7075,64,5998,RPI5_Heterogeneous_XMSSMT_2026-09-18/07_w_heterogeneity/HET20D2_H10-10_W4-16_RUN01/XMSSMT_FAST_XMSSMT-SHA2_20_2_256_HET20D2_H10-10_W4-16_RUN01_operations_instrumented.csv
H10-10_W4-16,10,10,4,16,WOTS,sign,6,3288000,3.288000000,,7075,64,5998,RPI5_Heterogeneous_XMSSMT_2026-09-18/07_w_heterogeneity/HET20D2_H10-10_W4-16_RUN01/XMSSMT_FAST_XMSSMT-SHA2_20_2_256_HET20D2_H10-10_W4-16_RUN01_operations_instrumented.csv
H10-10_W4-16,10,10,4,16,WOTS,verify,6,2029814,2.029814000,1,7075,64,5998,RPI5_Heterogeneous_XMSSMT_2026-09-18/07_w_heterogeneity/HET20D2_H10-10_W4-16_RUN01/XMSSMT_FAST_XMSSMT-SHA2_20_2_256_HET20D2_H10-10_W4-16_RUN01_operations_instrumented.csv
H10-10_W4-16,10,10,4,16,WOTS,sign,7,3251185,3.251185000,,7075,64,5998,RPI5_Heterogeneous_XMSSMT_2026-09-18/07_w_heterogeneity/HET20D2_H10-10_W4-16_RUN01/XMSSMT_FAST_XMSSMT-SHA2_20_2_256_HET20D2_H10-10_W4-16_RUN01_operations_instrumented.csv
H10-10_W4-16,10,10,4,16,WOTS,verify,7,2062111,2.062111000,1,7075,64,5998,RPI5_Heterogeneous_XMSSMT_2026-09-18/07_w_heterogeneity/HET20D2_H10-10_W4-16_RUN01/XMSSMT_FAST_XMSSMT-SHA2_20_2_256_HET20D2_H10-10_W4-16_RUN01_operations_instrumented.csv
H10-10_W4-16,10,10,4,16,WOTS,sign,8,8670371,8.670371000,,7075,64,5998,RPI5_Heterogeneous_XMSSMT_2026-09-18/07_w_heterogeneity/HET20D2_H10-10_W4-16_RUN01/XMSSMT_FAST_XMSSMT-SHA2_20_2_256_HET20D2_H10-10_W4-16_RUN01_operations_instrumented.csv
H10-10_W4-16,10,10,4,16,WOTS,verify,8,2070149,2.070149000,1,7075,64,5998,RPI5_Heterogeneous_XMSSMT_2026-09-18/07_w_heterogeneity/HET20D2_H10-10_W4-16_RUN01/XMSSMT_FAST_XMSSMT-SHA2_20_2_256_HET20D2_H10-10_W4-16_RUN01_operations_instrumented.csv
H10-10_W4-16,10,10,4,16,WOTS,sign,9,5870704,5.870704000,,7075,64,5998,RPI5_Heterogeneous_XMSSMT_2026-09-18/07_w_heterogeneity/HET20D2_H10-10_W4-16_RUN01/XMSSMT_FAST_XMSSMT-SHA2_20_2_256_HET20D2_H10-10_W4-16_RUN01_operations_instrumented.csv
H10-10_W4-16,10,10,4,16,WOTS,verify,9,2133259,2.133259000,1,7075,64,5998,RPI5_Heterogeneous_XMSSMT_2026-09-18/07_w_heterogeneity/HET20D2_H10-10_W4-16_RUN01/XMSSMT_FAST_XMSSMT-SHA2_20_2_256_HET20D2_H10-10_W4-16_RUN01_operations_instrumented.csv
H10-10_W4-16,10,10,4,16,WOTS,sign,10,3200278,3.200278000,,7075,64,5998,RPI5_Heterogeneous_XMSSMT_2026-09-18/07_w_heterogeneity/HET20D2_H10-10_W4-16_RUN01/XMSSMT_FAST_XMSSMT-SHA2_20_2_256_HET20D2_H10-10_W4-16_RUN01_operations_instrumented.csv
H10-10_W4-16,10,10,4,16,WOTS,verify,10,2120870,2.120870000,1,7075,64,5998,RPI5_Heterogeneous_XMSSMT_2026-09-18/07_w_heterogeneity/HET20D2_H10-10_W4-16_RUN01/XMSSMT_FAST_XMSSMT-SHA2_20_2_256_HET20D2_H10-10_W4-16_RUN01_operations_instrumented.csv
H10-10_W4-16,10,10,4,16,WOTS,sign,1,3213555,3.213555000,,7075,64,5998,RPI5_Heterogeneous_XMSSMT_2026-09-18/07_w_heterogeneity/HET20D2_H10-10_W4-16_RUN01/XMSSMT_FAST_XMSSMT-SHA2_20_2_256_HET20D2_H10-10_W4-16_RUN01_operations_instrumented.csv
H10-10_W4-16,10,10,4,16,WOTS,verify,1,2173944,2.173944000,1,7075,64,5998,RPI5_Heterogeneous_XMSSMT_2026-09-18/07_w_heterogeneity/HET20D2_H10-10_W4-16_RUN01/XMSSMT_FAST_XMSSMT-SHA2_20_2_256_HET20D2_H10-10_W4-16_RUN01_operations_instrumented.csv
H10-10_W4-16,10,10,4,16,WOTS,sign,2,3209204,3.209204000,,7075,64,5998,RPI5_Heterogeneous_XMSSMT_2026-09-18/07_w_heterogeneity/HET20D2_H10-10_W4-16_RUN01/XMSSMT_FAST_XMSSMT-SHA2_20_2_256_HET20D2_H10-10_W4-16_RUN01_operations_instrumented.csv
H10-10_W4-16,10,10,4,16,WOTS,verify,2,2168945,2.168945000,1,7075,64,5998,RPI5_Heterogeneous_XMSSMT_2026-09-18/07_w_heterogeneity/HET20D2_H10-10_W4-16_RUN01/XMSSMT_FAST_XMSSMT-SHA2_20_2_256_HET20D2_H10-10_W4-16_RUN01_operations_instrumented.csv
H10-10_W4-16,10,10,4,16,WOTS,sign,3,3194260,3.194260000,,7075,64,5998,RPI5_Heterogeneous_XMSSMT_2026-09-18/07_w_heterogeneity/HET20D2_H10-10_W4-16_RUN01/XMSSMT_FAST_XMSSMT-SHA2_20_2_256_HET20D2_H10-10_W4-16_RUN01_operations_instrumented.csv
H10-10_W4-16,10,10,4,16,WOTS,verify,3,2177944,2.177944000,1,7075,64,5998,RPI5_Heterogeneous_XMSSMT_2026-09-18/07_w_heterogeneity/HET20D2_H10-10_W4-16_RUN01/XMSSMT_FAST_XMSSMT-SHA2_20_2_256_HET20D2_H10-10_W4-16_RUN01_operations_instrumented.csv
H10-10_W4-16,10,10,4,16,WOTS,sign,4,5960963,5.960963000,,7075,64,5998,RPI5_Heterogeneous_XMSSMT_2026-09-18/07_w_heterogeneity/HET20D2_H10-10_W4-16_RUN01/XMSSMT_FAST_XMSSMT-SHA2_20_2_256_HET20D2_H10-10_W4-16_RUN01_operations_instrumented.csv
H10-10_W4-16,10,10,4,16,WOTS,verify,4,2115000,2.115000000,1,7075,64,5998,RPI5_Heterogeneous_XMSSMT_2026-09-18/07_w_heterogeneity/HET20D2_H10-10_W4-16_RUN01/XMSSMT_FAST_XMSSMT-SHA2_20_2_256_HET20D2_H10-10_W4-16_RUN01_operations_instrumented.csv
H10-10_W4-16,10,10,4,16,WOTS,sign,5,3204907,3.204907000,,7075,64,5998,RPI5_Heterogeneous_XMSSMT_2026-09-18/07_w_heterogeneity/HET20D2_H10-10_W4-16_RUN01/XMSSMT_FAST_XMSSMT-SHA2_20_2_256_HET20D2_H10-10_W4-16_RUN01_operations_instrumented.csv
H10-10_W4-16,10,10,4,16,WOTS,verify,5,2165722,2.165722000,1,7075,64,5998,RPI5_Heterogeneous_XMSSMT_2026-09-18/07_w_heterogeneity/HET20D2_H10-10_W4-16_RUN01/XMSSMT_FAST_XMSSMT-SHA2_20_2_256_HET20D2_H10-10_W4-16_RUN01_operations_instrumented.csv
H10-10_W4-16,10,10,4,16,WOTS,sign,6,3178278,3.178278000,,7075,64,5998,RPI5_Heterogeneous_XMSSMT_2026-09-18/07_w_heterogeneity/HET20D2_H10-10_W4-16_RUN01/XMSSMT_FAST_XMSSMT-SHA2_20_2_256_HET20D2_H10-10_W4-16_RUN01_operations_instrumented.csv
H10-10_W4-16,10,10,4,16,WOTS,verify,6,2201833,2.201833000,1,7075,64,5998,RPI5_Heterogeneous_XMSSMT_2026-09-18/07_w_heterogeneity/HET20D2_H10-10_W4-16_RUN01/XMSSMT_FAST_XMSSMT-SHA2_20_2_256_HET20D2_H10-10_W4-16_RUN01_operations_instrumented.csv
H10-10_W4-16,10,10,4,16,WOTS,sign,7,3231500,3.231500000,,7075,64,5998,RPI5_Heterogeneous_XMSSMT_2026-09-18/07_w_heterogeneity/HET20D2_H10-10_W4-16_RUN01/XMSSMT_FAST_XMSSMT-SHA2_20_2_256_HET20D2_H10-10_W4-16_RUN01_operations_instrumented.csv
H10-10_W4-16,10,10,4,16,WOTS,verify,7,2147370,2.147370000,1,7075,64,5998,RPI5_Heterogeneous_XMSSMT_2026-09-18/07_w_heterogeneity/HET20D2_H10-10_W4-16_RUN01/XMSSMT_FAST_XMSSMT-SHA2_20_2_256_HET20D2_H10-10_W4-16_RUN01_operations_instrumented.csv
H10-10_W4-16,10,10,4,16,WOTS,sign,8,8587240,8.587240000,,7075,64,5998,RPI5_Heterogeneous_XMSSMT_2026-09-18/07_w_heterogeneity/HET20D2_H10-10_W4-16_RUN01/XMSSMT_FAST_XMSSMT-SHA2_20_2_256_HET20D2_H10-10_W4-16_RUN01_operations_instrumented.csv
H10-10_W4-16,10,10,4,16,WOTS,verify,8,2174593,2.174593000,1,7075,64,5998,RPI5_Heterogeneous_XMSSMT_2026-09-18/07_w_heterogeneity/HET20D2_H10-10_W4-16_RUN01/XMSSMT_FAST_XMSSMT-SHA2_20_2_256_HET20D2_H10-10_W4-16_RUN01_operations_instrumented.csv
H10-10_W4-16,10,10,4,16,WOTS,sign,9,5884611,5.884611000,,7075,64,5998,RPI5_Heterogeneous_XMSSMT_2026-09-18/07_w_heterogeneity/HET20D2_H10-10_W4-16_RUN01/XMSSMT_FAST_XMSSMT-SHA2_20_2_256_HET20D2_H10-10_W4-16_RUN01_operations_instrumented.csv
H10-10_W4-16,10,10,4,16,WOTS,verify,9,2184260,2.184260000,1,7075,64,5998,RPI5_Heterogeneous_XMSSMT_2026-09-18/07_w_heterogeneity/HET20D2_H10-10_W4-16_RUN01/XMSSMT_FAST_XMSSMT-SHA2_20_2_256_HET20D2_H10-10_W4-16_RUN01_operations_instrumented.csv
H10-10_W4-16,10,10,4,16,WOTS,sign,10,3229889,3.229889000,,7075,64,5998,RPI5_Heterogeneous_XMSSMT_2026-09-18/07_w_heterogeneity/HET20D2_H10-10_W4-16_RUN01/XMSSMT_FAST_XMSSMT-SHA2_20_2_256_HET20D2_H10-10_W4-16_RUN01_operations_instrumented.csv
H10-10_W4-16,10,10,4,16,WOTS,verify,10,2145888,2.145888000,1,7075,64,5998,RPI5_Heterogeneous_XMSSMT_2026-09-18/07_w_heterogeneity/HET20D2_H10-10_W4-16_RUN01/XMSSMT_FAST_XMSSMT-SHA2_20_2_256_HET20D2_H10-10_W4-16_RUN01_operations_instrumented.csv
H10-10_W4-16,10,10,4,16,WOTS,sign,1,3200037,3.200037000,,7075,64,5998,RPI5_Heterogeneous_XMSSMT_2026-09-18/07_w_heterogeneity/HET20D2_H10-10_W4-16_RUN01/XMSSMT_FAST_XMSSMT-SHA2_20_2_256_HET20D2_H10-10_W4-16_RUN01_operations_instrumented.csv
H10-10_W4-16,10,10,4,16,WOTS,verify,1,2182537,2.182537000,1,7075,64,5998,RPI5_Heterogeneous_XMSSMT_2026-09-18/07_w_heterogeneity/HET20D2_H10-10_W4-16_RUN01/XMSSMT_FAST_XMSSMT-SHA2_20_2_256_HET20D2_H10-10_W4-16_RUN01_operations_instrumented.csv
H10-10_W4-16,10,10,4,16,WOTS,sign,2,3282852,3.282852000,,7075,64,5998,RPI5_Heterogeneous_XMSSMT_2026-09-18/07_w_heterogeneity/HET20D2_H10-10_W4-16_RUN01/XMSSMT_FAST_XMSSMT-SHA2_20_2_256_HET20D2_H10-10_W4-16_RUN01_operations_instrumented.csv
H10-10_W4-16,10,10,4,16,WOTS,verify,2,2110222,2.110222000,1,7075,64,5998,RPI5_Heterogeneous_XMSSMT_2026-09-18/07_w_heterogeneity/HET20D2_H10-10_W4-16_RUN01/XMSSMT_FAST_XMSSMT-SHA2_20_2_256_HET20D2_H10-10_W4-16_RUN01_operations_instrumented.csv
H10-10_W4-16,10,10,4,16,WOTS,sign,3,3178555,3.178555000,,7075,64,5998,RPI5_Heterogeneous_XMSSMT_2026-09-18/07_w_heterogeneity/HET20D2_H10-10_W4-16_RUN01/XMSSMT_FAST_XMSSMT-SHA2_20_2_256_HET20D2_H10-10_W4-16_RUN01_operations_instrumented.csv
H10-10_W4-16,10,10,4,16,WOTS,verify,3,2198204,2.198204000,1,7075,64,5998,RPI5_Heterogeneous_XMSSMT_2026-09-18/07_w_heterogeneity/HET20D2_H10-10_W4-16_RUN01/XMSSMT_FAST_XMSSMT-SHA2_20_2_256_HET20D2_H10-10_W4-16_RUN01_operations_instrumented.csv
H10-10_W4-16,10,10,4,16,WOTS,sign,4,5910222,5.910222000,,7075,64,5998,RPI5_Heterogeneous_XMSSMT_2026-09-18/07_w_heterogeneity/HET20D2_H10-10_W4-16_RUN01/XMSSMT_FAST_XMSSMT-SHA2_20_2_256_HET20D2_H10-10_W4-16_RUN01_operations_instrumented.csv
H10-10_W4-16,10,10,4,16,WOTS,verify,4,2172408,2.172408000,1,7075,64,5998,RPI5_Heterogeneous_XMSSMT_2026-09-18/07_w_heterogeneity/HET20D2_H10-10_W4-16_RUN01/XMSSMT_FAST_XMSSMT-SHA2_20_2_256_HET20D2_H10-10_W4-16_RUN01_operations_instrumented.csv
H10-10_W4-16,10,10,4,16,WOTS,sign,5,3132426,3.132426000,,7075,64,5998,RPI5_Heterogeneous_XMSSMT_2026-09-18/07_w_heterogeneity/HET20D2_H10-10_W4-16_RUN01/XMSSMT_FAST_XMSSMT-SHA2_20_2_256_HET20D2_H10-10_W4-16_RUN01_operations_instrumented.csv
H10-10_W4-16,10,10,4,16,WOTS,verify,5,2245426,2.245426000,1,7075,64,5998,RPI5_Heterogeneous_XMSSMT_2026-09-18/07_w_heterogeneity/HET20D2_H10-10_W4-16_RUN01/XMSSMT_FAST_XMSSMT-SHA2_20_2_256_HET20D2_H10-10_W4-16_RUN01_operations_instrumented.csv
H10-10_W4-16,10,10,4,16,WOTS,sign,6,3215981,3.215981000,,7075,64,5998,RPI5_Heterogeneous_XMSSMT_2026-09-18/07_w_heterogeneity/HET20D2_H10-10_W4-16_RUN01/XMSSMT_FAST_XMSSMT-SHA2_20_2_256_HET20D2_H10-10_W4-16_RUN01_operations_instrumented.csv
H10-10_W4-16,10,10,4,16,WOTS,verify,6,2174463,2.174463000,1,7075,64,5998,RPI5_Heterogeneous_XMSSMT_2026-09-18/07_w_heterogeneity/HET20D2_H10-10_W4-16_RUN01/XMSSMT_FAST_XMSSMT-SHA2_20_2_256_HET20D2_H10-10_W4-16_RUN01_operations_instrumented.csv
H10-10_W4-16,10,10,4,16,WOTS,sign,7,3178426,3.178426000,,7075,64,5998,RPI5_Heterogeneous_XMSSMT_2026-09-18/07_w_heterogeneity/HET20D2_H10-10_W4-16_RUN01/XMSSMT_FAST_XMSSMT-SHA2_20_2_256_HET20D2_H10-10_W4-16_RUN01_operations_instrumented.csv
H10-10_W4-16,10,10,4,16,WOTS,verify,7,2191667,2.191667000,1,7075,64,5998,RPI5_Heterogeneous_XMSSMT_2026-09-18/07_w_heterogeneity/HET20D2_H10-10_W4-16_RUN01/XMSSMT_FAST_XMSSMT-SHA2_20_2_256_HET20D2_H10-10_W4-16_RUN01_operations_instrumented.csv
H10-10_W4-16,10,10,4,16,WOTS,sign,8,8579426,8.579426000,,7075,64,5998,RPI5_Heterogeneous_XMSSMT_2026-09-18/07_w_heterogeneity/HET20D2_H10-10_W4-16_RUN01/XMSSMT_FAST_XMSSMT-SHA2_20_2_256_HET20D2_H10-10_W4-16_RUN01_operations_instrumented.csv
H10-10_W4-16,10,10,4,16,WOTS,verify,8,2181463,2.181463000,1,7075,64,5998,RPI5_Heterogeneous_XMSSMT_2026-09-18/07_w_heterogeneity/HET20D2_H10-10_W4-16_RUN01/XMSSMT_FAST_XMSSMT-SHA2_20_2_256_HET20D2_H10-10_W4-16_RUN01_operations_instrumented.csv
H10-10_W4-16,10,10,4,16,WOTS,sign,9,5884222,5.884222000,,7075,64,5998,RPI5_Heterogeneous_XMSSMT_2026-09-18/07_w_heterogeneity/HET20D2_H10-10_W4-16_RUN01/XMSSMT_FAST_XMSSMT-SHA2_20_2_256_HET20D2_H10-10_W4-16_RUN01_operations_instrumented.csv
H10-10_W4-16,10,10,4,16,WOTS,verify,9,2185037,2.185037000,1,7075,64,5998,RPI5_Heterogeneous_XMSSMT_2026-09-18/07_w_heterogeneity/HET20D2_H10-10_W4-16_RUN01/XMSSMT_FAST_XMSSMT-SHA2_20_2_256_HET20D2_H10-10_W4-16_RUN01_operations_instrumented.csv
H10-10_W4-16,10,10,4,16,WOTS,sign,10,3283537,3.283537000,,7075,64,5998,RPI5_Heterogeneous_XMSSMT_2026-09-18/07_w_heterogeneity/HET20D2_H10-10_W4-16_RUN01/XMSSMT_FAST_XMSSMT-SHA2_20_2_256_HET20D2_H10-10_W4-16_RUN01_operations_instrumented.csv
H10-10_W4-16,10,10,4,16,WOTS,verify,10,2104333,2.104333000,1,7075,64,5998,RPI5_Heterogeneous_XMSSMT_2026-09-18/07_w_heterogeneity/HET20D2_H10-10_W4-16_RUN01/XMSSMT_FAST_XMSSMT-SHA2_20_2_256_HET20D2_H10-10_W4-16_RUN01_operations_instrumented.csv
H10-10_W4-16,10,10,4,16,WOTS,sign,1,3200574,3.200574000,,7075,64,5998,RPI5_Heterogeneous_XMSSMT_2026-09-18/07_w_heterogeneity/HET20D2_H10-10_W4-16_RUN01/XMSSMT_FAST_XMSSMT-SHA2_20_2_256_HET20D2_H10-10_W4-16_RUN01_operations_instrumented.csv
H10-10_W4-16,10,10,4,16,WOTS,verify,1,2117000,2.117000000,1,7075,64,5998,RPI5_Heterogeneous_XMSSMT_2026-09-18/07_w_heterogeneity/HET20D2_H10-10_W4-16_RUN01/XMSSMT_FAST_XMSSMT-SHA2_20_2_256_HET20D2_H10-10_W4-16_RUN01_operations_instrumented.csv
H10-10_W4-16,10,10,4,16,WOTS,sign,2,3248000,3.248000000,,7075,64,5998,RPI5_Heterogeneous_XMSSMT_2026-09-18/07_w_heterogeneity/HET20D2_H10-10_W4-16_RUN01/XMSSMT_FAST_XMSSMT-SHA2_20_2_256_HET20D2_H10-10_W4-16_RUN01_operations_instrumented.csv
H10-10_W4-16,10,10,4,16,WOTS,verify,2,2071500,2.071500000,1,7075,64,5998,RPI5_Heterogeneous_XMSSMT_2026-09-18/07_w_heterogeneity/HET20D2_H10-10_W4-16_RUN01/XMSSMT_FAST_XMSSMT-SHA2_20_2_256_HET20D2_H10-10_W4-16_RUN01_operations_instrumented.csv
H10-10_W4-16,10,10,4,16,WOTS,sign,3,3195481,3.195481000,,7075,64,5998,RPI5_Heterogeneous_XMSSMT_2026-09-18/07_w_heterogeneity/HET20D2_H10-10_W4-16_RUN01/XMSSMT_FAST_XMSSMT-SHA2_20_2_256_HET20D2_H10-10_W4-16_RUN01_operations_instrumented.csv
H10-10_W4-16,10,10,4,16,WOTS,verify,3,2113074,2.113074000,1,7075,64,5998,RPI5_Heterogeneous_XMSSMT_2026-09-18/07_w_heterogeneity/HET20D2_H10-10_W4-16_RUN01/XMSSMT_FAST_XMSSMT-SHA2_20_2_256_HET20D2_H10-10_W4-16_RUN01_operations_instrumented.csv
H10-10_W4-16,10,10,4,16,WOTS,sign,4,5923722,5.923722000,,7075,64,5998,RPI5_Heterogeneous_XMSSMT_2026-09-18/07_w_heterogeneity/HET20D2_H10-10_W4-16_RUN01/XMSSMT_FAST_XMSSMT-SHA2_20_2_256_HET20D2_H10-10_W4-16_RUN01_operations_instrumented.csv
H10-10_W4-16,10,10,4,16,WOTS,verify,4,2078407,2.078407000,1,7075,64,5998,RPI5_Heterogeneous_XMSSMT_2026-09-18/07_w_heterogeneity/HET20D2_H10-10_W4-16_RUN01/XMSSMT_FAST_XMSSMT-SHA2_20_2_256_HET20D2_H10-10_W4-16_RUN01_operations_instrumented.csv
H10-10_W4-16,10,10,4,16,WOTS,sign,5,3205611,3.205611000,,7075,64,5998,RPI5_Heterogeneous_XMSSMT_2026-09-18/07_w_heterogeneity/HET20D2_H10-10_W4-16_RUN01/XMSSMT_FAST_XMSSMT-SHA2_20_2_256_HET20D2_H10-10_W4-16_RUN01_operations_instrumented.csv
H10-10_W4-16,10,10,4,16,WOTS,verify,5,2108593,2.108593000,1,7075,64,5998,RPI5_Heterogeneous_XMSSMT_2026-09-18/07_w_heterogeneity/HET20D2_H10-10_W4-16_RUN01/XMSSMT_FAST_XMSSMT-SHA2_20_2_256_HET20D2_H10-10_W4-16_RUN01_operations_instrumented.csv
H10-10_W4-16,10,10,4,16,WOTS,sign,6,3193130,3.193130000,,7075,64,5998,RPI5_Heterogeneous_XMSSMT_2026-09-18/07_w_heterogeneity/HET20D2_H10-10_W4-16_RUN01/XMSSMT_FAST_XMSSMT-SHA2_20_2_256_HET20D2_H10-10_W4-16_RUN01_operations_instrumented.csv
H10-10_W4-16,10,10,4,16,WOTS,verify,6,2118555,2.118555000,1,7075,64,5998,RPI5_Heterogeneous_XMSSMT_2026-09-18/07_w_heterogeneity/HET20D2_H10-10_W4-16_RUN01/XMSSMT_FAST_XMSSMT-SHA2_20_2_256_HET20D2_H10-10_W4-16_RUN01_operations_instrumented.csv
H10-10_W4-16,10,10,4,16,WOTS,sign,7,3188648,3.188648000,,7075,64,5998,RPI5_Heterogeneous_XMSSMT_2026-09-18/07_w_heterogeneity/HET20D2_H10-10_W4-16_RUN01/XMSSMT_FAST_XMSSMT-SHA2_20_2_256_HET20D2_H10-10_W4-16_RUN01_operations_instrumented.csv
H10-10_W4-16,10,10,4,16,WOTS,verify,7,2119186,2.119186000,1,7075,64,5998,RPI5_Heterogeneous_XMSSMT_2026-09-18/07_w_heterogeneity/HET20D2_H10-10_W4-16_RUN01/XMSSMT_FAST_XMSSMT-SHA2_20_2_256_HET20D2_H10-10_W4-16_RUN01_operations_instrumented.csv
H10-10_W4-16,10,10,4,16,WOTS,sign,8,8558796,8.558796000,,7075,64,5998,RPI5_Heterogeneous_XMSSMT_2026-09-18/07_w_heterogeneity/HET20D2_H10-10_W4-16_RUN01/XMSSMT_FAST_XMSSMT-SHA2_20_2_256_HET20D2_H10-10_W4-16_RUN01_operations_instrumented.csv
H10-10_W4-16,10,10,4,16,WOTS,verify,8,2129833,2.129833000,1,7075,64,5998,RPI5_Heterogeneous_XMSSMT_2026-09-18/07_w_heterogeneity/HET20D2_H10-10_W4-16_RUN01/XMSSMT_FAST_XMSSMT-SHA2_20_2_256_HET20D2_H10-10_W4-16_RUN01_operations_instrumented.csv
H10-10_W4-16,10,10,4,16,WOTS,sign,9,5945130,5.945130000,,7075,64,5998,RPI5_Heterogeneous_XMSSMT_2026-09-18/07_w_heterogeneity/HET20D2_H10-10_W4-16_RUN01/XMSSMT_FAST_XMSSMT-SHA2_20_2_256_HET20D2_H10-10_W4-16_RUN01_operations_instrumented.csv
H10-10_W4-16,10,10,4,16,WOTS,verify,9,2054334,2.054334000,1,7075,64,5998,RPI5_Heterogeneous_XMSSMT_2026-09-18/07_w_heterogeneity/HET20D2_H10-10_W4-16_RUN01/XMSSMT_FAST_XMSSMT-SHA2_20_2_256_HET20D2_H10-10_W4-16_RUN01_operations_instrumented.csv
H10-10_W4-16,10,10,4,16,WOTS,sign,10,3253648,3.253648000,,7075,64,5998,RPI5_Heterogeneous_XMSSMT_2026-09-18/07_w_heterogeneity/HET20D2_H10-10_W4-16_RUN01/XMSSMT_FAST_XMSSMT-SHA2_20_2_256_HET20D2_H10-10_W4-16_RUN01_operations_instrumented.csv
H10-10_W4-16,10,10,4,16,WOTS,verify,10,2062277,2.062277000,1,7075,64,5998,RPI5_Heterogeneous_XMSSMT_2026-09-18/07_w_heterogeneity/HET20D2_H10-10_W4-16_RUN01/XMSSMT_FAST_XMSSMT-SHA2_20_2_256_HET20D2_H10-10_W4-16_RUN01_operations_instrumented.csv
H10-10_W4-16,10,10,4,16,WOTS,sign,1,3264907,3.264907000,,7075,64,5998,RPI5_Heterogeneous_XMSSMT_2026-09-18/07_w_heterogeneity/HET20D2_H10-10_W4-16_RUN01/XMSSMT_FAST_XMSSMT-SHA2_20_2_256_HET20D2_H10-10_W4-16_RUN01_operations_instrumented.csv
H10-10_W4-16,10,10,4,16,WOTS,verify,1,1987018,1.987018000,1,7075,64,5998,RPI5_Heterogeneous_XMSSMT_2026-09-18/07_w_heterogeneity/HET20D2_H10-10_W4-16_RUN01/XMSSMT_FAST_XMSSMT-SHA2_20_2_256_HET20D2_H10-10_W4-16_RUN01_operations_instrumented.csv
H10-10_W4-16,10,10,4,16,WOTS,sign,2,3180333,3.180333000,,7075,64,5998,RPI5_Heterogeneous_XMSSMT_2026-09-18/07_w_heterogeneity/HET20D2_H10-10_W4-16_RUN01/XMSSMT_FAST_XMSSMT-SHA2_20_2_256_HET20D2_H10-10_W4-16_RUN01_operations_instrumented.csv
H10-10_W4-16,10,10,4,16,WOTS,verify,2,2066963,2.066963000,1,7075,64,5998,RPI5_Heterogeneous_XMSSMT_2026-09-18/07_w_heterogeneity/HET20D2_H10-10_W4-16_RUN01/XMSSMT_FAST_XMSSMT-SHA2_20_2_256_HET20D2_H10-10_W4-16_RUN01_operations_instrumented.csv
H10-10_W4-16,10,10,4,16,WOTS,sign,3,3190278,3.190278000,,7075,64,5998,RPI5_Heterogeneous_XMSSMT_2026-09-18/07_w_heterogeneity/HET20D2_H10-10_W4-16_RUN01/XMSSMT_FAST_XMSSMT-SHA2_20_2_256_HET20D2_H10-10_W4-16_RUN01_operations_instrumented.csv
H10-10_W4-16,10,10,4,16,WOTS,verify,3,2053592,2.053592000,1,7075,64,5998,RPI5_Heterogeneous_XMSSMT_2026-09-18/07_w_heterogeneity/HET20D2_H10-10_W4-16_RUN01/XMSSMT_FAST_XMSSMT-SHA2_20_2_256_HET20D2_H10-10_W4-16_RUN01_operations_instrumented.csv
H10-10_W4-16,10,10,4,16,WOTS,sign,4,5966814,5.966814000,,7075,64,5998,RPI5_Heterogeneous_XMSSMT_2026-09-18/07_w_heterogeneity/HET20D2_H10-10_W4-16_RUN01/XMSSMT_FAST_XMSSMT-SHA2_20_2_256_HET20D2_H10-10_W4-16_RUN01_operations_instrumented.csv
H10-10_W4-16,10,10,4,16,WOTS,verify,4,1973926,1.973926000,1,7075,64,5998,RPI5_Heterogeneous_XMSSMT_2026-09-18/07_w_heterogeneity/HET20D2_H10-10_W4-16_RUN01/XMSSMT_FAST_XMSSMT-SHA2_20_2_256_HET20D2_H10-10_W4-16_RUN01_operations_instrumented.csv
H10-10_W4-16,10,10,4,16,WOTS,sign,5,3211963,3.211963000,,7075,64,5998,RPI5_Heterogeneous_XMSSMT_2026-09-18/07_w_heterogeneity/HET20D2_H10-10_W4-16_RUN01/XMSSMT_FAST_XMSSMT-SHA2_20_2_256_HET20D2_H10-10_W4-16_RUN01_operations_instrumented.csv
H10-10_W4-16,10,10,4,16,WOTS,verify,5,2038444,2.038444000,1,7075,64,5998,RPI5_Heterogeneous_XMSSMT_2026-09-18/07_w_heterogeneity/HET20D2_H10-10_W4-16_RUN01/XMSSMT_FAST_XMSSMT-SHA2_20_2_256_HET20D2_H10-10_W4-16_RUN01_operations_instrumented.csv
H10-10_W4-16,10,10,4,16,WOTS,sign,6,3235278,3.235278000,,7075,64,5998,RPI5_Heterogeneous_XMSSMT_2026-09-18/07_w_heterogeneity/HET20D2_H10-10_W4-16_RUN01/XMSSMT_FAST_XMSSMT-SHA2_20_2_256_HET20D2_H10-10_W4-16_RUN01_operations_instrumented.csv
H10-10_W4-16,10,10,4,16,WOTS,verify,6,2017112,2.017112000,1,7075,64,5998,RPI5_Heterogeneous_XMSSMT_2026-09-18/07_w_heterogeneity/HET20D2_H10-10_W4-16_RUN01/XMSSMT_FAST_XMSSMT-SHA2_20_2_256_HET20D2_H10-10_W4-16_RUN01_operations_instrumented.csv
H10-10_W4-16,10,10,4,16,WOTS,sign,7,3261370,3.261370000,,7075,64,5998,RPI5_Heterogeneous_XMSSMT_2026-09-18/07_w_heterogeneity/HET20D2_H10-10_W4-16_RUN01/XMSSMT_FAST_XMSSMT-SHA2_20_2_256_HET20D2_H10-10_W4-16_RUN01_operations_instrumented.csv
H10-10_W4-16,10,10,4,16,WOTS,verify,7,1982000,1.982000000,1,7075,64,5998,RPI5_Heterogeneous_XMSSMT_2026-09-18/07_w_heterogeneity/HET20D2_H10-10_W4-16_RUN01/XMSSMT_FAST_XMSSMT-SHA2_20_2_256_HET20D2_H10-10_W4-16_RUN01_operations_instrumented.csv
H10-10_W4-16,10,10,4,16,WOTS,sign,8,8608204,8.608204000,,7075,64,5998,RPI5_Heterogeneous_XMSSMT_2026-09-18/07_w_heterogeneity/HET20D2_H10-10_W4-16_RUN01/XMSSMT_FAST_XMSSMT-SHA2_20_2_256_HET20D2_H10-10_W4-16_RUN01_operations_instrumented.csv
H10-10_W4-16,10,10,4,16,WOTS,verify,8,2012463,2.012463000,1,7075,64,5998,RPI5_Heterogeneous_XMSSMT_2026-09-18/07_w_heterogeneity/HET20D2_H10-10_W4-16_RUN01/XMSSMT_FAST_XMSSMT-SHA2_20_2_256_HET20D2_H10-10_W4-16_RUN01_operations_instrumented.csv
H10-10_W4-16,10,10,4,16,WOTS,sign,9,5890407,5.890407000,,7075,64,5998,RPI5_Heterogeneous_XMSSMT_2026-09-18/07_w_heterogeneity/HET20D2_H10-10_W4-16_RUN01/XMSSMT_FAST_XMSSMT-SHA2_20_2_256_HET20D2_H10-10_W4-16_RUN01_operations_instrumented.csv
H10-10_W4-16,10,10,4,16,WOTS,verify,9,2049667,2.049667000,1,7075,64,5998,RPI5_Heterogeneous_XMSSMT_2026-09-18/07_w_heterogeneity/HET20D2_H10-10_W4-16_RUN01/XMSSMT_FAST_XMSSMT-SHA2_20_2_256_HET20D2_H10-10_W4-16_RUN01_operations_instrumented.csv
H10-10_W4-16,10,10,4,16,WOTS,sign,10,3239833,3.239833000,,7075,64,5998,RPI5_Heterogeneous_XMSSMT_2026-09-18/07_w_heterogeneity/HET20D2_H10-10_W4-16_RUN01/XMSSMT_FAST_XMSSMT-SHA2_20_2_256_HET20D2_H10-10_W4-16_RUN01_operations_instrumented.csv
H10-10_W4-16,10,10,4,16,WOTS,verify,10,2009833,2.009833000,1,7075,64,5998,RPI5_Heterogeneous_XMSSMT_2026-09-18/07_w_heterogeneity/HET20D2_H10-10_W4-16_RUN01/XMSSMT_FAST_XMSSMT-SHA2_20_2_256_HET20D2_H10-10_W4-16_RUN01_operations_instrumented.csv
H10-10_W16-4,10,10,16,4,WOTS,keygen,1,3820714183,3820.714183000,,7075,64,8110,RPI5_Heterogeneous_XMSSMT_2026-09-18/07_w_heterogeneity/HET20D2_H10-10_W16-4_RUN01/XMSSMT_FAST_XMSSMT-SHA2_20_2_256_HET20D2_H10-10_W16-4_RUN01_operations_instrumented.csv
H10-10_W16-4,10,10,16,4,WOTS,keygen,2,3822762387,3822.762387000,,7075,64,8110,RPI5_Heterogeneous_XMSSMT_2026-09-18/07_w_heterogeneity/HET20D2_H10-10_W16-4_RUN01/XMSSMT_FAST_XMSSMT-SHA2_20_2_256_HET20D2_H10-10_W16-4_RUN01_operations_instrumented.csv
H10-10_W16-4,10,10,16,4,WOTS,keygen,3,3820707794,3820.707794000,,7075,64,8110,RPI5_Heterogeneous_XMSSMT_2026-09-18/07_w_heterogeneity/HET20D2_H10-10_W16-4_RUN01/XMSSMT_FAST_XMSSMT-SHA2_20_2_256_HET20D2_H10-10_W16-4_RUN01_operations_instrumented.csv
H10-10_W16-4,10,10,16,4,WOTS,keygen,4,3821664423,3821.664423000,,7075,64,8110,RPI5_Heterogeneous_XMSSMT_2026-09-18/07_w_heterogeneity/HET20D2_H10-10_W16-4_RUN01/XMSSMT_FAST_XMSSMT-SHA2_20_2_256_HET20D2_H10-10_W16-4_RUN01_operations_instrumented.csv
H10-10_W16-4,10,10,16,4,WOTS,keygen,5,3820202497,3820.202497000,,7075,64,8110,RPI5_Heterogeneous_XMSSMT_2026-09-18/07_w_heterogeneity/HET20D2_H10-10_W16-4_RUN01/XMSSMT_FAST_XMSSMT-SHA2_20_2_256_HET20D2_H10-10_W16-4_RUN01_operations_instrumented.csv
H10-10_W16-4,10,10,16,4,WOTS,keygen,6,3820881998,3820.881998000,,7075,64,8110,RPI5_Heterogeneous_XMSSMT_2026-09-18/07_w_heterogeneity/HET20D2_H10-10_W16-4_RUN01/XMSSMT_FAST_XMSSMT-SHA2_20_2_256_HET20D2_H10-10_W16-4_RUN01_operations_instrumented.csv
H10-10_W16-4,10,10,16,4,WOTS,keygen,7,3820133313,3820.133313000,,7075,64,8110,RPI5_Heterogeneous_XMSSMT_2026-09-18/07_w_heterogeneity/HET20D2_H10-10_W16-4_RUN01/XMSSMT_FAST_XMSSMT-SHA2_20_2_256_HET20D2_H10-10_W16-4_RUN01_operations_instrumented.csv
H10-10_W16-4,10,10,16,4,WOTS,keygen,8,3820640442,3820.640442000,,7075,64,8110,RPI5_Heterogeneous_XMSSMT_2026-09-18/07_w_heterogeneity/HET20D2_H10-10_W16-4_RUN01/XMSSMT_FAST_XMSSMT-SHA2_20_2_256_HET20D2_H10-10_W16-4_RUN01_operations_instrumented.csv
H10-10_W16-4,10,10,16,4,WOTS,keygen,9,3820539016,3820.539016000,,7075,64,8110,RPI5_Heterogeneous_XMSSMT_2026-09-18/07_w_heterogeneity/HET20D2_H10-10_W16-4_RUN01/XMSSMT_FAST_XMSSMT-SHA2_20_2_256_HET20D2_H10-10_W16-4_RUN01_operations_instrumented.csv
H10-10_W16-4,10,10,16,4,WOTS,keygen,10,3821576812,3821.576812000,,7075,64,8110,RPI5_Heterogeneous_XMSSMT_2026-09-18/07_w_heterogeneity/HET20D2_H10-10_W16-4_RUN01/XMSSMT_FAST_XMSSMT-SHA2_20_2_256_HET20D2_H10-10_W16-4_RUN01_operations_instrumented.csv
H10-10_W16-4,10,10,16,4,WOTS,sign,1,5916555,5.916555000,,7075,64,8110,RPI5_Heterogeneous_XMSSMT_2026-09-18/07_w_heterogeneity/HET20D2_H10-10_W16-4_RUN01/XMSSMT_FAST_XMSSMT-SHA2_20_2_256_HET20D2_H10-10_W16-4_RUN01_operations_instrumented.csv
H10-10_W16-4,10,10,16,4,WOTS,verify,1,2176500,2.176500000,1,7075,64,8110,RPI5_Heterogeneous_XMSSMT_2026-09-18/07_w_heterogeneity/HET20D2_H10-10_W16-4_RUN01/XMSSMT_FAST_XMSSMT-SHA2_20_2_256_HET20D2_H10-10_W16-4_RUN01_operations_instrumented.csv
H10-10_W16-4,10,10,16,4,WOTS,sign,2,5878908,5.878908000,,7075,64,8110,RPI5_Heterogeneous_XMSSMT_2026-09-18/07_w_heterogeneity/HET20D2_H10-10_W16-4_RUN01/XMSSMT_FAST_XMSSMT-SHA2_20_2_256_HET20D2_H10-10_W16-4_RUN01_operations_instrumented.csv
H10-10_W16-4,10,10,16,4,WOTS,verify,2,2206093,2.206093000,1,7075,64,8110,RPI5_Heterogeneous_XMSSMT_2026-09-18/07_w_heterogeneity/HET20D2_H10-10_W16-4_RUN01/XMSSMT_FAST_XMSSMT-SHA2_20_2_256_HET20D2_H10-10_W16-4_RUN01_operations_instrumented.csv
H10-10_W16-4,10,10,16,4,WOTS,sign,3,5721277,5.721277000,,7075,64,8110,RPI5_Heterogeneous_XMSSMT_2026-09-18/07_w_heterogeneity/HET20D2_H10-10_W16-4_RUN01/XMSSMT_FAST_XMSSMT-SHA2_20_2_256_HET20D2_H10-10_W16-4_RUN01_operations_instrumented.csv
H10-10_W16-4,10,10,16,4,WOTS,verify,3,2368686,2.368686000,1,7075,64,8110,RPI5_Heterogeneous_XMSSMT_2026-09-18/07_w_heterogeneity/HET20D2_H10-10_W16-4_RUN01/XMSSMT_FAST_XMSSMT-SHA2_20_2_256_HET20D2_H10-10_W16-4_RUN01_operations_instrumented.csv
H10-10_W16-4,10,10,16,4,WOTS,sign,4,10779778,10.779778000,,7075,64,8110,RPI5_Heterogeneous_XMSSMT_2026-09-18/07_w_heterogeneity/HET20D2_H10-10_W16-4_RUN01/XMSSMT_FAST_XMSSMT-SHA2_20_2_256_HET20D2_H10-10_W16-4_RUN01_operations_instrumented.csv
H10-10_W16-4,10,10,16,4,WOTS,verify,4,2113000,2.113000000,1,7075,64,8110,RPI5_Heterogeneous_XMSSMT_2026-09-18/07_w_heterogeneity/HET20D2_H10-10_W16-4_RUN01/XMSSMT_FAST_XMSSMT-SHA2_20_2_256_HET20D2_H10-10_W16-4_RUN01_operations_instrumented.csv
H10-10_W16-4,10,10,16,4,WOTS,sign,5,5954593,5.954593000,,7075,64,8110,RPI5_Heterogeneous_XMSSMT_2026-09-18/07_w_heterogeneity/HET20D2_H10-10_W16-4_RUN01/XMSSMT_FAST_XMSSMT-SHA2_20_2_256_HET20D2_H10-10_W16-4_RUN01_operations_instrumented.csv
H10-10_W16-4,10,10,16,4,WOTS,verify,5,2145537,2.145537000,1,7075,64,8110,RPI5_Heterogeneous_XMSSMT_2026-09-18/07_w_heterogeneity/HET20D2_H10-10_W16-4_RUN01/XMSSMT_FAST_XMSSMT-SHA2_20_2_256_HET20D2_H10-10_W16-4_RUN01_operations_instrumented.csv
H10-10_W16-4,10,10,16,4,WOTS,sign,6,6008759,6.008759000,,7075,64,8110,RPI5_Heterogeneous_XMSSMT_2026-09-18/07_w_heterogeneity/HET20D2_H10-10_W16-4_RUN01/XMSSMT_FAST_XMSSMT-SHA2_20_2_256_HET20D2_H10-10_W16-4_RUN01_operations_instrumented.csv
H10-10_W16-4,10,10,16,4,WOTS,verify,6,2077574,2.077574000,1,7075,64,8110,RPI5_Heterogeneous_XMSSMT_2026-09-18/07_w_heterogeneity/HET20D2_H10-10_W16-4_RUN01/XMSSMT_FAST_XMSSMT-SHA2_20_2_256_HET20D2_H10-10_W16-4_RUN01_operations_instrumented.csv
H10-10_W16-4,10,10,16,4,WOTS,sign,7,5949833,5.949833000,,7075,64,8110,RPI5_Heterogeneous_XMSSMT_2026-09-18/07_w_heterogeneity/HET20D2_H10-10_W16-4_RUN01/XMSSMT_FAST_XMSSMT-SHA2_20_2_256_HET20D2_H10-10_W16-4_RUN01_operations_instrumented.csv
H10-10_W16-4,10,10,16,4,WOTS,verify,7,2146074,2.146074000,1,7075,64,8110,RPI5_Heterogeneous_XMSSMT_2026-09-18/07_w_heterogeneity/HET20D2_H10-10_W16-4_RUN01/XMSSMT_FAST_XMSSMT-SHA2_20_2_256_HET20D2_H10-10_W16-4_RUN01_operations_instrumented.csv
H10-10_W16-4,10,10,16,4,WOTS,sign,8,15603259,15.603259000,,7075,64,8110,RPI5_Heterogeneous_XMSSMT_2026-09-18/07_w_heterogeneity/HET20D2_H10-10_W16-4_RUN01/XMSSMT_FAST_XMSSMT-SHA2_20_2_256_HET20D2_H10-10_W16-4_RUN01_operations_instrumented.csv
H10-10_W16-4,10,10,16,4,WOTS,verify,8,2074278,2.074278000,1,7075,64,8110,RPI5_Heterogeneous_XMSSMT_2026-09-18/07_w_heterogeneity/HET20D2_H10-10_W16-4_RUN01/XMSSMT_FAST_XMSSMT-SHA2_20_2_256_HET20D2_H10-10_W16-4_RUN01_operations_instrumented.csv
H10-10_W16-4,10,10,16,4,WOTS,sign,9,10697130,10.697130000,,7075,64,8110,RPI5_Heterogeneous_XMSSMT_2026-09-18/07_w_heterogeneity/HET20D2_H10-10_W16-4_RUN01/XMSSMT_FAST_XMSSMT-SHA2_20_2_256_HET20D2_H10-10_W16-4_RUN01_operations_instrumented.csv
H10-10_W16-4,10,10,16,4,WOTS,verify,9,2170907,2.170907000,1,7075,64,8110,RPI5_Heterogeneous_XMSSMT_2026-09-18/07_w_heterogeneity/HET20D2_H10-10_W16-4_RUN01/XMSSMT_FAST_XMSSMT-SHA2_20_2_256_HET20D2_H10-10_W16-4_RUN01_operations_instrumented.csv
H10-10_W16-4,10,10,16,4,WOTS,sign,10,5938612,5.938612000,,7075,64,8110,RPI5_Heterogeneous_XMSSMT_2026-09-18/07_w_heterogeneity/HET20D2_H10-10_W16-4_RUN01/XMSSMT_FAST_XMSSMT-SHA2_20_2_256_HET20D2_H10-10_W16-4_RUN01_operations_instrumented.csv
H10-10_W16-4,10,10,16,4,WOTS,verify,10,2142185,2.142185000,1,7075,64,8110,RPI5_Heterogeneous_XMSSMT_2026-09-18/07_w_heterogeneity/HET20D2_H10-10_W16-4_RUN01/XMSSMT_FAST_XMSSMT-SHA2_20_2_256_HET20D2_H10-10_W16-4_RUN01_operations_instrumented.csv
H10-10_W16-4,10,10,16,4,WOTS,sign,1,5951611,5.951611000,,7075,64,8110,RPI5_Heterogeneous_XMSSMT_2026-09-18/07_w_heterogeneity/HET20D2_H10-10_W16-4_RUN01/XMSSMT_FAST_XMSSMT-SHA2_20_2_256_HET20D2_H10-10_W16-4_RUN01_operations_instrumented.csv
H10-10_W16-4,10,10,16,4,WOTS,verify,1,2144093,2.144093000,1,7075,64,8110,RPI5_Heterogeneous_XMSSMT_2026-09-18/07_w_heterogeneity/HET20D2_H10-10_W16-4_RUN01/XMSSMT_FAST_XMSSMT-SHA2_20_2_256_HET20D2_H10-10_W16-4_RUN01_operations_instrumented.csv
H10-10_W16-4,10,10,16,4,WOTS,sign,2,6205556,6.205556000,,7075,64,8110,RPI5_Heterogeneous_XMSSMT_2026-09-18/07_w_heterogeneity/HET20D2_H10-10_W16-4_RUN01/XMSSMT_FAST_XMSSMT-SHA2_20_2_256_HET20D2_H10-10_W16-4_RUN01_operations_instrumented.csv
H10-10_W16-4,10,10,16,4,WOTS,verify,2,1878796,1.878796000,1,7075,64,8110,RPI5_Heterogeneous_XMSSMT_2026-09-18/07_w_heterogeneity/HET20D2_H10-10_W16-4_RUN01/XMSSMT_FAST_XMSSMT-SHA2_20_2_256_HET20D2_H10-10_W16-4_RUN01_operations_instrumented.csv
H10-10_W16-4,10,10,16,4,WOTS,sign,3,5903870,5.903870000,,7075,64,8110,RPI5_Heterogeneous_XMSSMT_2026-09-18/07_w_heterogeneity/HET20D2_H10-10_W16-4_RUN01/XMSSMT_FAST_XMSSMT-SHA2_20_2_256_HET20D2_H10-10_W16-4_RUN01_operations_instrumented.csv
H10-10_W16-4,10,10,16,4,WOTS,verify,3,2189019,2.189019000,1,7075,64,8110,RPI5_Heterogeneous_XMSSMT_2026-09-18/07_w_heterogeneity/HET20D2_H10-10_W16-4_RUN01/XMSSMT_FAST_XMSSMT-SHA2_20_2_256_HET20D2_H10-10_W16-4_RUN01_operations_instrumented.csv
H10-10_W16-4,10,10,16,4,WOTS,sign,4,10632741,10.632741000,,7075,64,8110,RPI5_Heterogeneous_XMSSMT_2026-09-18/07_w_heterogeneity/HET20D2_H10-10_W16-4_RUN01/XMSSMT_FAST_XMSSMT-SHA2_20_2_256_HET20D2_H10-10_W16-4_RUN01_operations_instrumented.csv
H10-10_W16-4,10,10,16,4,WOTS,verify,4,2264778,2.264778000,1,7075,64,8110,RPI5_Heterogeneous_XMSSMT_2026-09-18/07_w_heterogeneity/HET20D2_H10-10_W16-4_RUN01/XMSSMT_FAST_XMSSMT-SHA2_20_2_256_HET20D2_H10-10_W16-4_RUN01_operations_instrumented.csv
H10-10_W16-4,10,10,16,4,WOTS,sign,5,5979222,5.979222000,,7075,64,8110,RPI5_Heterogeneous_XMSSMT_2026-09-18/07_w_heterogeneity/HET20D2_H10-10_W16-4_RUN01/XMSSMT_FAST_XMSSMT-SHA2_20_2_256_HET20D2_H10-10_W16-4_RUN01_operations_instrumented.csv
H10-10_W16-4,10,10,16,4,WOTS,verify,5,2106759,2.106759000,1,7075,64,8110,RPI5_Heterogeneous_XMSSMT_2026-09-18/07_w_heterogeneity/HET20D2_H10-10_W16-4_RUN01/XMSSMT_FAST_XMSSMT-SHA2_20_2_256_HET20D2_H10-10_W16-4_RUN01_operations_instrumented.csv
H10-10_W16-4,10,10,16,4,WOTS,sign,6,5885167,5.885167000,,7075,64,8110,RPI5_Heterogeneous_XMSSMT_2026-09-18/07_w_heterogeneity/HET20D2_H10-10_W16-4_RUN01/XMSSMT_FAST_XMSSMT-SHA2_20_2_256_HET20D2_H10-10_W16-4_RUN01_operations_instrumented.csv
H10-10_W16-4,10,10,16,4,WOTS,verify,6,2198815,2.198815000,1,7075,64,8110,RPI5_Heterogeneous_XMSSMT_2026-09-18/07_w_heterogeneity/HET20D2_H10-10_W16-4_RUN01/XMSSMT_FAST_XMSSMT-SHA2_20_2_256_HET20D2_H10-10_W16-4_RUN01_operations_instrumented.csv
H10-10_W16-4,10,10,16,4,WOTS,sign,7,5945426,5.945426000,,7075,64,8110,RPI5_Heterogeneous_XMSSMT_2026-09-18/07_w_heterogeneity/HET20D2_H10-10_W16-4_RUN01/XMSSMT_FAST_XMSSMT-SHA2_20_2_256_HET20D2_H10-10_W16-4_RUN01_operations_instrumented.csv
H10-10_W16-4,10,10,16,4,WOTS,verify,7,2138426,2.138426000,1,7075,64,8110,RPI5_Heterogeneous_XMSSMT_2026-09-18/07_w_heterogeneity/HET20D2_H10-10_W16-4_RUN01/XMSSMT_FAST_XMSSMT-SHA2_20_2_256_HET20D2_H10-10_W16-4_RUN01_operations_instrumented.csv
H10-10_W16-4,10,10,16,4,WOTS,sign,8,15425537,15.425537000,,7075,64,8110,RPI5_Heterogeneous_XMSSMT_2026-09-18/07_w_heterogeneity/HET20D2_H10-10_W16-4_RUN01/XMSSMT_FAST_XMSSMT-SHA2_20_2_256_HET20D2_H10-10_W16-4_RUN01_operations_instrumented.csv
H10-10_W16-4,10,10,16,4,WOTS,verify,8,2262519,2.262519000,1,7075,64,8110,RPI5_Heterogeneous_XMSSMT_2026-09-18/07_w_heterogeneity/HET20D2_H10-10_W16-4_RUN01/XMSSMT_FAST_XMSSMT-SHA2_20_2_256_HET20D2_H10-10_W16-4_RUN01_operations_instrumented.csv
H10-10_W16-4,10,10,16,4,WOTS,sign,9,10683185,10.683185000,,7075,64,8110,RPI5_Heterogeneous_XMSSMT_2026-09-18/07_w_heterogeneity/HET20D2_H10-10_W16-4_RUN01/XMSSMT_FAST_XMSSMT-SHA2_20_2_256_HET20D2_H10-10_W16-4_RUN01_operations_instrumented.csv
H10-10_W16-4,10,10,16,4,WOTS,verify,9,2203703,2.203703000,1,7075,64,8110,RPI5_Heterogeneous_XMSSMT_2026-09-18/07_w_heterogeneity/HET20D2_H10-10_W16-4_RUN01/XMSSMT_FAST_XMSSMT-SHA2_20_2_256_HET20D2_H10-10_W16-4_RUN01_operations_instrumented.csv
H10-10_W16-4,10,10,16,4,WOTS,sign,10,5789093,5.789093000,,7075,64,8110,RPI5_Heterogeneous_XMSSMT_2026-09-18/07_w_heterogeneity/HET20D2_H10-10_W16-4_RUN01/XMSSMT_FAST_XMSSMT-SHA2_20_2_256_HET20D2_H10-10_W16-4_RUN01_operations_instrumented.csv
H10-10_W16-4,10,10,16,4,WOTS,verify,10,2296389,2.296389000,1,7075,64,8110,RPI5_Heterogeneous_XMSSMT_2026-09-18/07_w_heterogeneity/HET20D2_H10-10_W16-4_RUN01/XMSSMT_FAST_XMSSMT-SHA2_20_2_256_HET20D2_H10-10_W16-4_RUN01_operations_instrumented.csv
H10-10_W16-4,10,10,16,4,WOTS,sign,1,5796963,5.796963000,,7075,64,8110,RPI5_Heterogeneous_XMSSMT_2026-09-18/07_w_heterogeneity/HET20D2_H10-10_W16-4_RUN01/XMSSMT_FAST_XMSSMT-SHA2_20_2_256_HET20D2_H10-10_W16-4_RUN01_operations_instrumented.csv
H10-10_W16-4,10,10,16,4,WOTS,verify,1,2300871,2.300871000,1,7075,64,8110,RPI5_Heterogeneous_XMSSMT_2026-09-18/07_w_heterogeneity/HET20D2_H10-10_W16-4_RUN01/XMSSMT_FAST_XMSSMT-SHA2_20_2_256_HET20D2_H10-10_W16-4_RUN01_operations_instrumented.csv
H10-10_W16-4,10,10,16,4,WOTS,sign,2,5892148,5.892148000,,7075,64,8110,RPI5_Heterogeneous_XMSSMT_2026-09-18/07_w_heterogeneity/HET20D2_H10-10_W16-4_RUN01/XMSSMT_FAST_XMSSMT-SHA2_20_2_256_HET20D2_H10-10_W16-4_RUN01_operations_instrumented.csv
H10-10_W16-4,10,10,16,4,WOTS,verify,2,2205851,2.205851000,1,7075,64,8110,RPI5_Heterogeneous_XMSSMT_2026-09-18/07_w_heterogeneity/HET20D2_H10-10_W16-4_RUN01/XMSSMT_FAST_XMSSMT-SHA2_20_2_256_HET20D2_H10-10_W16-4_RUN01_operations_instrumented.csv
H10-10_W16-4,10,10,16,4,WOTS,sign,3,5807204,5.807204000,,7075,64,8110,RPI5_Heterogeneous_XMSSMT_2026-09-18/07_w_heterogeneity/HET20D2_H10-10_W16-4_RUN01/XMSSMT_FAST_XMSSMT-SHA2_20_2_256_HET20D2_H10-10_W16-4_RUN01_operations_instrumented.csv
H10-10_W16-4,10,10,16,4,WOTS,verify,3,2268111,2.268111000,1,7075,64,8110,RPI5_Heterogeneous_XMSSMT_2026-09-18/07_w_heterogeneity/HET20D2_H10-10_W16-4_RUN01/XMSSMT_FAST_XMSSMT-SHA2_20_2_256_HET20D2_H10-10_W16-4_RUN01_operations_instrumented.csv
H10-10_W16-4,10,10,16,4,WOTS,sign,4,10561407,10.561407000,,7075,64,8110,RPI5_Heterogeneous_XMSSMT_2026-09-18/07_w_heterogeneity/HET20D2_H10-10_W16-4_RUN01/XMSSMT_FAST_XMSSMT-SHA2_20_2_256_HET20D2_H10-10_W16-4_RUN01_operations_instrumented.csv
H10-10_W16-4,10,10,16,4,WOTS,verify,4,2327648,2.327648000,1,7075,64,8110,RPI5_Heterogeneous_XMSSMT_2026-09-18/07_w_heterogeneity/HET20D2_H10-10_W16-4_RUN01/XMSSMT_FAST_XMSSMT-SHA2_20_2_256_HET20D2_H10-10_W16-4_RUN01_operations_instrumented.csv
H10-10_W16-4,10,10,16,4,WOTS,sign,5,5815482,5.815482000,,7075,64,8110,RPI5_Heterogeneous_XMSSMT_2026-09-18/07_w_heterogeneity/HET20D2_H10-10_W16-4_RUN01/XMSSMT_FAST_XMSSMT-SHA2_20_2_256_HET20D2_H10-10_W16-4_RUN01_operations_instrumented.csv
H10-10_W16-4,10,10,16,4,WOTS,verify,5,2264445,2.264445000,1,7075,64,8110,RPI5_Heterogeneous_XMSSMT_2026-09-18/07_w_heterogeneity/HET20D2_H10-10_W16-4_RUN01/XMSSMT_FAST_XMSSMT-SHA2_20_2_256_HET20D2_H10-10_W16-4_RUN01_operations_instrumented.csv
H10-10_W16-4,10,10,16,4,WOTS,sign,6,5891574,5.891574000,,7075,64,8110,RPI5_Heterogeneous_XMSSMT_2026-09-18/07_w_heterogeneity/HET20D2_H10-10_W16-4_RUN01/XMSSMT_FAST_XMSSMT-SHA2_20_2_256_HET20D2_H10-10_W16-4_RUN01_operations_instrumented.csv
H10-10_W16-4,10,10,16,4,WOTS,verify,6,2198352,2.198352000,1,7075,64,8110,RPI5_Heterogeneous_XMSSMT_2026-09-18/07_w_heterogeneity/HET20D2_H10-10_W16-4_RUN01/XMSSMT_FAST_XMSSMT-SHA2_20_2_256_HET20D2_H10-10_W16-4_RUN01_operations_instrumented.csv
H10-10_W16-4,10,10,16,4,WOTS,sign,7,5877999,5.877999000,,7075,64,8110,RPI5_Heterogeneous_XMSSMT_2026-09-18/07_w_heterogeneity/HET20D2_H10-10_W16-4_RUN01/XMSSMT_FAST_XMSSMT-SHA2_20_2_256_HET20D2_H10-10_W16-4_RUN01_operations_instrumented.csv
H10-10_W16-4,10,10,16,4,WOTS,verify,7,2196963,2.196963000,1,7075,64,8110,RPI5_Heterogeneous_XMSSMT_2026-09-18/07_w_heterogeneity/HET20D2_H10-10_W16-4_RUN01/XMSSMT_FAST_XMSSMT-SHA2_20_2_256_HET20D2_H10-10_W16-4_RUN01_operations_instrumented.csv
H10-10_W16-4,10,10,16,4,WOTS,sign,8,15747463,15.747463000,,7075,64,8110,RPI5_Heterogeneous_XMSSMT_2026-09-18/07_w_heterogeneity/HET20D2_H10-10_W16-4_RUN01/XMSSMT_FAST_XMSSMT-SHA2_20_2_256_HET20D2_H10-10_W16-4_RUN01_operations_instrumented.csv
H10-10_W16-4,10,10,16,4,WOTS,verify,8,1946704,1.946704000,1,7075,64,8110,RPI5_Heterogeneous_XMSSMT_2026-09-18/07_w_heterogeneity/HET20D2_H10-10_W16-4_RUN01/XMSSMT_FAST_XMSSMT-SHA2_20_2_256_HET20D2_H10-10_W16-4_RUN01_operations_instrumented.csv
H10-10_W16-4,10,10,16,4,WOTS,sign,9,10672685,10.672685000,,7075,64,8110,RPI5_Heterogeneous_XMSSMT_2026-09-18/07_w_heterogeneity/HET20D2_H10-10_W16-4_RUN01/XMSSMT_FAST_XMSSMT-SHA2_20_2_256_HET20D2_H10-10_W16-4_RUN01_operations_instrumented.csv
H10-10_W16-4,10,10,16,4,WOTS,verify,9,2201000,2.201000000,1,7075,64,8110,RPI5_Heterogeneous_XMSSMT_2026-09-18/07_w_heterogeneity/HET20D2_H10-10_W16-4_RUN01/XMSSMT_FAST_XMSSMT-SHA2_20_2_256_HET20D2_H10-10_W16-4_RUN01_operations_instrumented.csv
H10-10_W16-4,10,10,16,4,WOTS,sign,10,5888296,5.888296000,,7075,64,8110,RPI5_Heterogeneous_XMSSMT_2026-09-18/07_w_heterogeneity/HET20D2_H10-10_W16-4_RUN01/XMSSMT_FAST_XMSSMT-SHA2_20_2_256_HET20D2_H10-10_W16-4_RUN01_operations_instrumented.csv
H10-10_W16-4,10,10,16,4,WOTS,verify,10,2202334,2.202334000,1,7075,64,8110,RPI5_Heterogeneous_XMSSMT_2026-09-18/07_w_heterogeneity/HET20D2_H10-10_W16-4_RUN01/XMSSMT_FAST_XMSSMT-SHA2_20_2_256_HET20D2_H10-10_W16-4_RUN01_operations_instrumented.csv
H10-10_W16-4,10,10,16,4,WOTS,sign,1,5774815,5.774815000,,7075,64,8110,RPI5_Heterogeneous_XMSSMT_2026-09-18/07_w_heterogeneity/HET20D2_H10-10_W16-4_RUN01/XMSSMT_FAST_XMSSMT-SHA2_20_2_256_HET20D2_H10-10_W16-4_RUN01_operations_instrumented.csv
H10-10_W16-4,10,10,16,4,WOTS,verify,1,2233926,2.233926000,1,7075,64,8110,RPI5_Heterogeneous_XMSSMT_2026-09-18/07_w_heterogeneity/HET20D2_H10-10_W16-4_RUN01/XMSSMT_FAST_XMSSMT-SHA2_20_2_256_HET20D2_H10-10_W16-4_RUN01_operations_instrumented.csv
H10-10_W16-4,10,10,16,4,WOTS,sign,2,5907092,5.907092000,,7075,64,8110,RPI5_Heterogeneous_XMSSMT_2026-09-18/07_w_heterogeneity/HET20D2_H10-10_W16-4_RUN01/XMSSMT_FAST_XMSSMT-SHA2_20_2_256_HET20D2_H10-10_W16-4_RUN01_operations_instrumented.csv
H10-10_W16-4,10,10,16,4,WOTS,verify,2,2107167,2.107167000,1,7075,64,8110,RPI5_Heterogeneous_XMSSMT_2026-09-18/07_w_heterogeneity/HET20D2_H10-10_W16-4_RUN01/XMSSMT_FAST_XMSSMT-SHA2_20_2_256_HET20D2_H10-10_W16-4_RUN01_operations_instrumented.csv
H10-10_W16-4,10,10,16,4,WOTS,sign,3,5871463,5.871463000,,7075,64,8110,RPI5_Heterogeneous_XMSSMT_2026-09-18/07_w_heterogeneity/HET20D2_H10-10_W16-4_RUN01/XMSSMT_FAST_XMSSMT-SHA2_20_2_256_HET20D2_H10-10_W16-4_RUN01_operations_instrumented.csv
H10-10_W16-4,10,10,16,4,WOTS,verify,3,2139519,2.139519000,1,7075,64,8110,RPI5_Heterogeneous_XMSSMT_2026-09-18/07_w_heterogeneity/HET20D2_H10-10_W16-4_RUN01/XMSSMT_FAST_XMSSMT-SHA2_20_2_256_HET20D2_H10-10_W16-4_RUN01_operations_instrumented.csv
H10-10_W16-4,10,10,16,4,WOTS,sign,4,10601981,10.601981000,,7075,64,8110,RPI5_Heterogeneous_XMSSMT_2026-09-18/07_w_heterogeneity/HET20D2_H10-10_W16-4_RUN01/XMSSMT_FAST_XMSSMT-SHA2_20_2_256_HET20D2_H10-10_W16-4_RUN01_operations_instrumented.csv
H10-10_W16-4,10,10,16,4,WOTS,verify,4,2219704,2.219704000,1,7075,64,8110,RPI5_Heterogeneous_XMSSMT_2026-09-18/07_w_heterogeneity/HET20D2_H10-10_W16-4_RUN01/XMSSMT_FAST_XMSSMT-SHA2_20_2_256_HET20D2_H10-10_W16-4_RUN01_operations_instrumented.csv
H10-10_W16-4,10,10,16,4,WOTS,sign,5,6095870,6.095870000,,7075,64,8110,RPI5_Heterogeneous_XMSSMT_2026-09-18/07_w_heterogeneity/HET20D2_H10-10_W16-4_RUN01/XMSSMT_FAST_XMSSMT-SHA2_20_2_256_HET20D2_H10-10_W16-4_RUN01_operations_instrumented.csv
H10-10_W16-4,10,10,16,4,WOTS,verify,5,1913222,1.913222000,1,7075,64,8110,RPI5_Heterogeneous_XMSSMT_2026-09-18/07_w_heterogeneity/HET20D2_H10-10_W16-4_RUN01/XMSSMT_FAST_XMSSMT-SHA2_20_2_256_HET20D2_H10-10_W16-4_RUN01_operations_instrumented.csv
H10-10_W16-4,10,10,16,4,WOTS,sign,6,5815055,5.815055000,,7075,64,8110,RPI5_Heterogeneous_XMSSMT_2026-09-18/07_w_heterogeneity/HET20D2_H10-10_W16-4_RUN01/XMSSMT_FAST_XMSSMT-SHA2_20_2_256_HET20D2_H10-10_W16-4_RUN01_operations_instrumented.csv
H10-10_W16-4,10,10,16,4,WOTS,verify,6,2218574,2.218574000,1,7075,64,8110,RPI5_Heterogeneous_XMSSMT_2026-09-18/07_w_heterogeneity/HET20D2_H10-10_W16-4_RUN01/XMSSMT_FAST_XMSSMT-SHA2_20_2_256_HET20D2_H10-10_W16-4_RUN01_operations_instrumented.csv
H10-10_W16-4,10,10,16,4,WOTS,sign,7,5963092,5.963092000,,7075,64,8110,RPI5_Heterogeneous_XMSSMT_2026-09-18/07_w_heterogeneity/HET20D2_H10-10_W16-4_RUN01/XMSSMT_FAST_XMSSMT-SHA2_20_2_256_HET20D2_H10-10_W16-4_RUN01_operations_instrumented.csv
H10-10_W16-4,10,10,16,4,WOTS,verify,7,2045834,2.045834000,1,7075,64,8110,RPI5_Heterogeneous_XMSSMT_2026-09-18/07_w_heterogeneity/HET20D2_H10-10_W16-4_RUN01/XMSSMT_FAST_XMSSMT-SHA2_20_2_256_HET20D2_H10-10_W16-4_RUN01_operations_instrumented.csv
H10-10_W16-4,10,10,16,4,WOTS,sign,8,15508592,15.508592000,,7075,64,8110,RPI5_Heterogeneous_XMSSMT_2026-09-18/07_w_heterogeneity/HET20D2_H10-10_W16-4_RUN01/XMSSMT_FAST_XMSSMT-SHA2_20_2_256_HET20D2_H10-10_W16-4_RUN01_operations_instrumented.csv
H10-10_W16-4,10,10,16,4,WOTS,verify,8,2075870,2.075870000,1,7075,64,8110,RPI5_Heterogeneous_XMSSMT_2026-09-18/07_w_heterogeneity/HET20D2_H10-10_W16-4_RUN01/XMSSMT_FAST_XMSSMT-SHA2_20_2_256_HET20D2_H10-10_W16-4_RUN01_operations_instrumented.csv
H10-10_W16-4,10,10,16,4,WOTS,sign,9,10747500,10.747500000,,7075,64,8110,RPI5_Heterogeneous_XMSSMT_2026-09-18/07_w_heterogeneity/HET20D2_H10-10_W16-4_RUN01/XMSSMT_FAST_XMSSMT-SHA2_20_2_256_HET20D2_H10-10_W16-4_RUN01_operations_instrumented.csv
H10-10_W16-4,10,10,16,4,WOTS,verify,9,2073037,2.073037000,1,7075,64,8110,RPI5_Heterogeneous_XMSSMT_2026-09-18/07_w_heterogeneity/HET20D2_H10-10_W16-4_RUN01/XMSSMT_FAST_XMSSMT-SHA2_20_2_256_HET20D2_H10-10_W16-4_RUN01_operations_instrumented.csv
H10-10_W16-4,10,10,16,4,WOTS,sign,10,5968870,5.968870000,,7075,64,8110,RPI5_Heterogeneous_XMSSMT_2026-09-18/07_w_heterogeneity/HET20D2_H10-10_W16-4_RUN01/XMSSMT_FAST_XMSSMT-SHA2_20_2_256_HET20D2_H10-10_W16-4_RUN01_operations_instrumented.csv
H10-10_W16-4,10,10,16,4,WOTS,verify,10,2040556,2.040556000,1,7075,64,8110,RPI5_Heterogeneous_XMSSMT_2026-09-18/07_w_heterogeneity/HET20D2_H10-10_W16-4_RUN01/XMSSMT_FAST_XMSSMT-SHA2_20_2_256_HET20D2_H10-10_W16-4_RUN01_operations_instrumented.csv
H10-10_W16-4,10,10,16,4,WOTS,sign,1,5964593,5.964593000,,7075,64,8110,RPI5_Heterogeneous_XMSSMT_2026-09-18/07_w_heterogeneity/HET20D2_H10-10_W16-4_RUN01/XMSSMT_FAST_XMSSMT-SHA2_20_2_256_HET20D2_H10-10_W16-4_RUN01_operations_instrumented.csv
H10-10_W16-4,10,10,16,4,WOTS,verify,1,2082055,2.082055000,1,7075,64,8110,RPI5_Heterogeneous_XMSSMT_2026-09-18/07_w_heterogeneity/HET20D2_H10-10_W16-4_RUN01/XMSSMT_FAST_XMSSMT-SHA2_20_2_256_HET20D2_H10-10_W16-4_RUN01_operations_instrumented.csv
H10-10_W16-4,10,10,16,4,WOTS,sign,2,5929889,5.929889000,,7075,64,8110,RPI5_Heterogeneous_XMSSMT_2026-09-18/07_w_heterogeneity/HET20D2_H10-10_W16-4_RUN01/XMSSMT_FAST_XMSSMT-SHA2_20_2_256_HET20D2_H10-10_W16-4_RUN01_operations_instrumented.csv
H10-10_W16-4,10,10,16,4,WOTS,verify,2,2110296,2.110296000,1,7075,64,8110,RPI5_Heterogeneous_XMSSMT_2026-09-18/07_w_heterogeneity/HET20D2_H10-10_W16-4_RUN01/XMSSMT_FAST_XMSSMT-SHA2_20_2_256_HET20D2_H10-10_W16-4_RUN01_operations_instrumented.csv
H10-10_W16-4,10,10,16,4,WOTS,sign,3,5892222,5.892222000,,7075,64,8110,RPI5_Heterogeneous_XMSSMT_2026-09-18/07_w_heterogeneity/HET20D2_H10-10_W16-4_RUN01/XMSSMT_FAST_XMSSMT-SHA2_20_2_256_HET20D2_H10-10_W16-4_RUN01_operations_instrumented.csv
H10-10_W16-4,10,10,16,4,WOTS,verify,3,2143760,2.143760000,1,7075,64,8110,RPI5_Heterogeneous_XMSSMT_2026-09-18/07_w_heterogeneity/HET20D2_H10-10_W16-4_RUN01/XMSSMT_FAST_XMSSMT-SHA2_20_2_256_HET20D2_H10-10_W16-4_RUN01_operations_instrumented.csv
H10-10_W16-4,10,10,16,4,WOTS,sign,4,10752500,10.752500000,,7075,64,8110,RPI5_Heterogeneous_XMSSMT_2026-09-18/07_w_heterogeneity/HET20D2_H10-10_W16-4_RUN01/XMSSMT_FAST_XMSSMT-SHA2_20_2_256_HET20D2_H10-10_W16-4_RUN01_operations_instrumented.csv
H10-10_W16-4,10,10,16,4,WOTS,verify,4,2082278,2.082278000,1,7075,64,8110,RPI5_Heterogeneous_XMSSMT_2026-09-18/07_w_heterogeneity/HET20D2_H10-10_W16-4_RUN01/XMSSMT_FAST_XMSSMT-SHA2_20_2_256_HET20D2_H10-10_W16-4_RUN01_operations_instrumented.csv
H10-10_W16-4,10,10,16,4,WOTS,sign,5,5992463,5.992463000,,7075,64,8110,RPI5_Heterogeneous_XMSSMT_2026-09-18/07_w_heterogeneity/HET20D2_H10-10_W16-4_RUN01/XMSSMT_FAST_XMSSMT-SHA2_20_2_256_HET20D2_H10-10_W16-4_RUN01_operations_instrumented.csv
H10-10_W16-4,10,10,16,4,WOTS,verify,5,2051722,2.051722000,1,7075,64,8110,RPI5_Heterogeneous_XMSSMT_2026-09-18/07_w_heterogeneity/HET20D2_H10-10_W16-4_RUN01/XMSSMT_FAST_XMSSMT-SHA2_20_2_256_HET20D2_H10-10_W16-4_RUN01_operations_instrumented.csv
H10-10_W16-4,10,10,16,4,WOTS,sign,6,5960167,5.960167000,,7075,64,8110,RPI5_Heterogeneous_XMSSMT_2026-09-18/07_w_heterogeneity/HET20D2_H10-10_W16-4_RUN01/XMSSMT_FAST_XMSSMT-SHA2_20_2_256_HET20D2_H10-10_W16-4_RUN01_operations_instrumented.csv
H10-10_W16-4,10,10,16,4,WOTS,verify,6,2079260,2.079260000,1,7075,64,8110,RPI5_Heterogeneous_XMSSMT_2026-09-18/07_w_heterogeneity/HET20D2_H10-10_W16-4_RUN01/XMSSMT_FAST_XMSSMT-SHA2_20_2_256_HET20D2_H10-10_W16-4_RUN01_operations_instrumented.csv
H10-10_W16-4,10,10,16,4,WOTS,sign,7,5893926,5.893926000,,7075,64,8110,RPI5_Heterogeneous_XMSSMT_2026-09-18/07_w_heterogeneity/HET20D2_H10-10_W16-4_RUN01/XMSSMT_FAST_XMSSMT-SHA2_20_2_256_HET20D2_H10-10_W16-4_RUN01_operations_instrumented.csv
H10-10_W16-4,10,10,16,4,WOTS,verify,7,2145538,2.145538000,1,7075,64,8110,RPI5_Heterogeneous_XMSSMT_2026-09-18/07_w_heterogeneity/HET20D2_H10-10_W16-4_RUN01/XMSSMT_FAST_XMSSMT-SHA2_20_2_256_HET20D2_H10-10_W16-4_RUN01_operations_instrumented.csv
H10-10_W16-4,10,10,16,4,WOTS,sign,8,15642315,15.642315000,,7075,64,8110,RPI5_Heterogeneous_XMSSMT_2026-09-18/07_w_heterogeneity/HET20D2_H10-10_W16-4_RUN01/XMSSMT_FAST_XMSSMT-SHA2_20_2_256_HET20D2_H10-10_W16-4_RUN01_operations_instrumented.csv
H10-10_W16-4,10,10,16,4,WOTS,verify,8,1982204,1.982204000,1,7075,64,8110,RPI5_Heterogeneous_XMSSMT_2026-09-18/07_w_heterogeneity/HET20D2_H10-10_W16-4_RUN01/XMSSMT_FAST_XMSSMT-SHA2_20_2_256_HET20D2_H10-10_W16-4_RUN01_operations_instrumented.csv
H10-10_W16-4,10,10,16,4,WOTS,sign,9,10733630,10.733630000,,7075,64,8110,RPI5_Heterogeneous_XMSSMT_2026-09-18/07_w_heterogeneity/HET20D2_H10-10_W16-4_RUN01/XMSSMT_FAST_XMSSMT-SHA2_20_2_256_HET20D2_H10-10_W16-4_RUN01_operations_instrumented.csv
H10-10_W16-4,10,10,16,4,WOTS,verify,9,2111278,2.111278000,1,7075,64,8110,RPI5_Heterogeneous_XMSSMT_2026-09-18/07_w_heterogeneity/HET20D2_H10-10_W16-4_RUN01/XMSSMT_FAST_XMSSMT-SHA2_20_2_256_HET20D2_H10-10_W16-4_RUN01_operations_instrumented.csv
H10-10_W16-4,10,10,16,4,WOTS,sign,10,5909982,5.909982000,,7075,64,8110,RPI5_Heterogeneous_XMSSMT_2026-09-18/07_w_heterogeneity/HET20D2_H10-10_W16-4_RUN01/XMSSMT_FAST_XMSSMT-SHA2_20_2_256_HET20D2_H10-10_W16-4_RUN01_operations_instrumented.csv
H10-10_W16-4,10,10,16,4,WOTS,verify,10,2138167,2.138167000,1,7075,64,8110,RPI5_Heterogeneous_XMSSMT_2026-09-18/07_w_heterogeneity/HET20D2_H10-10_W16-4_RUN01/XMSSMT_FAST_XMSSMT-SHA2_20_2_256_HET20D2_H10-10_W16-4_RUN01_operations_instrumented.csv
H10-10_W16-4,10,10,16,4,WOTS,sign,1,5880481,5.880481000,,7075,64,8110,RPI5_Heterogeneous_XMSSMT_2026-09-18/07_w_heterogeneity/HET20D2_H10-10_W16-4_RUN01/XMSSMT_FAST_XMSSMT-SHA2_20_2_256_HET20D2_H10-10_W16-4_RUN01_operations_instrumented.csv
H10-10_W16-4,10,10,16,4,WOTS,verify,1,2150445,2.150445000,1,7075,64,8110,RPI5_Heterogeneous_XMSSMT_2026-09-18/07_w_heterogeneity/HET20D2_H10-10_W16-4_RUN01/XMSSMT_FAST_XMSSMT-SHA2_20_2_256_HET20D2_H10-10_W16-4_RUN01_operations_instrumented.csv
H10-10_W16-4,10,10,16,4,WOTS,sign,2,5985500,5.985500000,,7075,64,8110,RPI5_Heterogeneous_XMSSMT_2026-09-18/07_w_heterogeneity/HET20D2_H10-10_W16-4_RUN01/XMSSMT_FAST_XMSSMT-SHA2_20_2_256_HET20D2_H10-10_W16-4_RUN01_operations_instrumented.csv
H10-10_W16-4,10,10,16,4,WOTS,verify,2,2045778,2.045778000,1,7075,64,8110,RPI5_Heterogeneous_XMSSMT_2026-09-18/07_w_heterogeneity/HET20D2_H10-10_W16-4_RUN01/XMSSMT_FAST_XMSSMT-SHA2_20_2_256_HET20D2_H10-10_W16-4_RUN01_operations_instrumented.csv
H10-10_W16-4,10,10,16,4,WOTS,sign,3,5951926,5.951926000,,7075,64,8110,RPI5_Heterogeneous_XMSSMT_2026-09-18/07_w_heterogeneity/HET20D2_H10-10_W16-4_RUN01/XMSSMT_FAST_XMSSMT-SHA2_20_2_256_HET20D2_H10-10_W16-4_RUN01_operations_instrumented.csv
H10-10_W16-4,10,10,16,4,WOTS,verify,3,2081815,2.081815000,1,7075,64,8110,RPI5_Heterogeneous_XMSSMT_2026-09-18/07_w_heterogeneity/HET20D2_H10-10_W16-4_RUN01/XMSSMT_FAST_XMSSMT-SHA2_20_2_256_HET20D2_H10-10_W16-4_RUN01_operations_instrumented.csv
H10-10_W16-4,10,10,16,4,WOTS,sign,4,10667908,10.667908000,,7075,64,8110,RPI5_Heterogeneous_XMSSMT_2026-09-18/07_w_heterogeneity/HET20D2_H10-10_W16-4_RUN01/XMSSMT_FAST_XMSSMT-SHA2_20_2_256_HET20D2_H10-10_W16-4_RUN01_operations_instrumented.csv
H10-10_W16-4,10,10,16,4,WOTS,verify,4,2138519,2.138519000,1,7075,64,8110,RPI5_Heterogeneous_XMSSMT_2026-09-18/07_w_heterogeneity/HET20D2_H10-10_W16-4_RUN01/XMSSMT_FAST_XMSSMT-SHA2_20_2_256_HET20D2_H10-10_W16-4_RUN01_operations_instrumented.csv
H10-10_W16-4,10,10,16,4,WOTS,sign,5,6054407,6.054407000,,7075,64,8110,RPI5_Heterogeneous_XMSSMT_2026-09-18/07_w_heterogeneity/HET20D2_H10-10_W16-4_RUN01/XMSSMT_FAST_XMSSMT-SHA2_20_2_256_HET20D2_H10-10_W16-4_RUN01_operations_instrumented.csv
H10-10_W16-4,10,10,16,4,WOTS,verify,5,1980796,1.980796000,1,7075,64,8110,RPI5_Heterogeneous_XMSSMT_2026-09-18/07_w_heterogeneity/HET20D2_H10-10_W16-4_RUN01/XMSSMT_FAST_XMSSMT-SHA2_20_2_256_HET20D2_H10-10_W16-4_RUN01_operations_instrumented.csv
H10-10_W16-4,10,10,16,4,WOTS,sign,6,6031667,6.031667000,,7075,64,8110,RPI5_Heterogeneous_XMSSMT_2026-09-18/07_w_heterogeneity/HET20D2_H10-10_W16-4_RUN01/XMSSMT_FAST_XMSSMT-SHA2_20_2_256_HET20D2_H10-10_W16-4_RUN01_operations_instrumented.csv
H10-10_W16-4,10,10,16,4,WOTS,verify,6,2010556,2.010556000,1,7075,64,8110,RPI5_Heterogeneous_XMSSMT_2026-09-18/07_w_heterogeneity/HET20D2_H10-10_W16-4_RUN01/XMSSMT_FAST_XMSSMT-SHA2_20_2_256_HET20D2_H10-10_W16-4_RUN01_operations_instrumented.csv
H10-10_W16-4,10,10,16,4,WOTS,sign,7,5794778,5.794778000,,7075,64,8110,RPI5_Heterogeneous_XMSSMT_2026-09-18/07_w_heterogeneity/HET20D2_H10-10_W16-4_RUN01/XMSSMT_FAST_XMSSMT-SHA2_20_2_256_HET20D2_H10-10_W16-4_RUN01_operations_instrumented.csv
H10-10_W16-4,10,10,16,4,WOTS,verify,7,2235740,2.235740000,1,7075,64,8110,RPI5_Heterogeneous_XMSSMT_2026-09-18/07_w_heterogeneity/HET20D2_H10-10_W16-4_RUN01/XMSSMT_FAST_XMSSMT-SHA2_20_2_256_HET20D2_H10-10_W16-4_RUN01_operations_instrumented.csv
H10-10_W16-4,10,10,16,4,WOTS,sign,8,15623871,15.623871000,,7075,64,8110,RPI5_Heterogeneous_XMSSMT_2026-09-18/07_w_heterogeneity/HET20D2_H10-10_W16-4_RUN01/XMSSMT_FAST_XMSSMT-SHA2_20_2_256_HET20D2_H10-10_W16-4_RUN01_operations_instrumented.csv
H10-10_W16-4,10,10,16,4,WOTS,verify,8,1983148,1.983148000,1,7075,64,8110,RPI5_Heterogeneous_XMSSMT_2026-09-18/07_w_heterogeneity/HET20D2_H10-10_W16-4_RUN01/XMSSMT_FAST_XMSSMT-SHA2_20_2_256_HET20D2_H10-10_W16-4_RUN01_operations_instrumented.csv
H10-10_W16-4,10,10,16,4,WOTS,sign,9,10667518,10.667518000,,7075,64,8110,RPI5_Heterogeneous_XMSSMT_2026-09-18/07_w_heterogeneity/HET20D2_H10-10_W16-4_RUN01/XMSSMT_FAST_XMSSMT-SHA2_20_2_256_HET20D2_H10-10_W16-4_RUN01_operations_instrumented.csv
H10-10_W16-4,10,10,16,4,WOTS,verify,9,2148778,2.148778000,1,7075,64,8110,RPI5_Heterogeneous_XMSSMT_2026-09-18/07_w_heterogeneity/HET20D2_H10-10_W16-4_RUN01/XMSSMT_FAST_XMSSMT-SHA2_20_2_256_HET20D2_H10-10_W16-4_RUN01_operations_instrumented.csv
H10-10_W16-4,10,10,16,4,WOTS,sign,10,5935592,5.935592000,,7075,64,8110,RPI5_Heterogeneous_XMSSMT_2026-09-18/07_w_heterogeneity/HET20D2_H10-10_W16-4_RUN01/XMSSMT_FAST_XMSSMT-SHA2_20_2_256_HET20D2_H10-10_W16-4_RUN01_operations_instrumented.csv
H10-10_W16-4,10,10,16,4,WOTS,verify,10,2115500,2.115500000,1,7075,64,8110,RPI5_Heterogeneous_XMSSMT_2026-09-18/07_w_heterogeneity/HET20D2_H10-10_W16-4_RUN01/XMSSMT_FAST_XMSSMT-SHA2_20_2_256_HET20D2_H10-10_W16-4_RUN01_operations_instrumented.csv
H10-10_W16-4,10,10,16,4,WOTS,sign,1,5899630,5.899630000,,7075,64,8110,RPI5_Heterogeneous_XMSSMT_2026-09-18/07_w_heterogeneity/HET20D2_H10-10_W16-4_RUN01/XMSSMT_FAST_XMSSMT-SHA2_20_2_256_HET20D2_H10-10_W16-4_RUN01_operations_instrumented.csv
H10-10_W16-4,10,10,16,4,WOTS,verify,1,2167315,2.167315000,1,7075,64,8110,RPI5_Heterogeneous_XMSSMT_2026-09-18/07_w_heterogeneity/HET20D2_H10-10_W16-4_RUN01/XMSSMT_FAST_XMSSMT-SHA2_20_2_256_HET20D2_H10-10_W16-4_RUN01_operations_instrumented.csv
H10-10_W16-4,10,10,16,4,WOTS,sign,2,5772685,5.772685000,,7075,64,8110,RPI5_Heterogeneous_XMSSMT_2026-09-18/07_w_heterogeneity/HET20D2_H10-10_W16-4_RUN01/XMSSMT_FAST_XMSSMT-SHA2_20_2_256_HET20D2_H10-10_W16-4_RUN01_operations_instrumented.csv
H10-10_W16-4,10,10,16,4,WOTS,verify,2,2295222,2.295222000,1,7075,64,8110,RPI5_Heterogeneous_XMSSMT_2026-09-18/07_w_heterogeneity/HET20D2_H10-10_W16-4_RUN01/XMSSMT_FAST_XMSSMT-SHA2_20_2_256_HET20D2_H10-10_W16-4_RUN01_operations_instrumented.csv
H10-10_W16-4,10,10,16,4,WOTS,sign,3,5930852,5.930852000,,7075,64,8110,RPI5_Heterogeneous_XMSSMT_2026-09-18/07_w_heterogeneity/HET20D2_H10-10_W16-4_RUN01/XMSSMT_FAST_XMSSMT-SHA2_20_2_256_HET20D2_H10-10_W16-4_RUN01_operations_instrumented.csv
H10-10_W16-4,10,10,16,4,WOTS,verify,3,2132685,2.132685000,1,7075,64,8110,RPI5_Heterogeneous_XMSSMT_2026-09-18/07_w_heterogeneity/HET20D2_H10-10_W16-4_RUN01/XMSSMT_FAST_XMSSMT-SHA2_20_2_256_HET20D2_H10-10_W16-4_RUN01_operations_instrumented.csv
H10-10_W16-4,10,10,16,4,WOTS,sign,4,10717259,10.717259000,,7075,64,8110,RPI5_Heterogeneous_XMSSMT_2026-09-18/07_w_heterogeneity/HET20D2_H10-10_W16-4_RUN01/XMSSMT_FAST_XMSSMT-SHA2_20_2_256_HET20D2_H10-10_W16-4_RUN01_operations_instrumented.csv
H10-10_W16-4,10,10,16,4,WOTS,verify,4,2135352,2.135352000,1,7075,64,8110,RPI5_Heterogeneous_XMSSMT_2026-09-18/07_w_heterogeneity/HET20D2_H10-10_W16-4_RUN01/XMSSMT_FAST_XMSSMT-SHA2_20_2_256_HET20D2_H10-10_W16-4_RUN01_operations_instrumented.csv
H10-10_W16-4,10,10,16,4,WOTS,sign,5,5862204,5.862204000,,7075,64,8110,RPI5_Heterogeneous_XMSSMT_2026-09-18/07_w_heterogeneity/HET20D2_H10-10_W16-4_RUN01/XMSSMT_FAST_XMSSMT-SHA2_20_2_256_HET20D2_H10-10_W16-4_RUN01_operations_instrumented.csv
H10-10_W16-4,10,10,16,4,WOTS,verify,5,2197260,2.197260000,1,7075,64,8110,RPI5_Heterogeneous_XMSSMT_2026-09-18/07_w_heterogeneity/HET20D2_H10-10_W16-4_RUN01/XMSSMT_FAST_XMSSMT-SHA2_20_2_256_HET20D2_H10-10_W16-4_RUN01_operations_instrumented.csv
H10-10_W16-4,10,10,16,4,WOTS,sign,6,5769556,5.769556000,,7075,64,8110,RPI5_Heterogeneous_XMSSMT_2026-09-18/07_w_heterogeneity/HET20D2_H10-10_W16-4_RUN01/XMSSMT_FAST_XMSSMT-SHA2_20_2_256_HET20D2_H10-10_W16-4_RUN01_operations_instrumented.csv
H10-10_W16-4,10,10,16,4,WOTS,verify,6,2293000,2.293000000,1,7075,64,8110,RPI5_Heterogeneous_XMSSMT_2026-09-18/07_w_heterogeneity/HET20D2_H10-10_W16-4_RUN01/XMSSMT_FAST_XMSSMT-SHA2_20_2_256_HET20D2_H10-10_W16-4_RUN01_operations_instrumented.csv
H10-10_W16-4,10,10,16,4,WOTS,sign,7,5881870,5.881870000,,7075,64,8110,RPI5_Heterogeneous_XMSSMT_2026-09-18/07_w_heterogeneity/HET20D2_H10-10_W16-4_RUN01/XMSSMT_FAST_XMSSMT-SHA2_20_2_256_HET20D2_H10-10_W16-4_RUN01_operations_instrumented.csv
H10-10_W16-4,10,10,16,4,WOTS,verify,7,2196907,2.196907000,1,7075,64,8110,RPI5_Heterogeneous_XMSSMT_2026-09-18/07_w_heterogeneity/HET20D2_H10-10_W16-4_RUN01/XMSSMT_FAST_XMSSMT-SHA2_20_2_256_HET20D2_H10-10_W16-4_RUN01_operations_instrumented.csv
H10-10_W16-4,10,10,16,4,WOTS,sign,8,15544389,15.544389000,,7075,64,8110,RPI5_Heterogeneous_XMSSMT_2026-09-18/07_w_heterogeneity/HET20D2_H10-10_W16-4_RUN01/XMSSMT_FAST_XMSSMT-SHA2_20_2_256_HET20D2_H10-10_W16-4_RUN01_operations_instrumented.csv
H10-10_W16-4,10,10,16,4,WOTS,verify,8,2108926,2.108926000,1,7075,64,8110,RPI5_Heterogeneous_XMSSMT_2026-09-18/07_w_heterogeneity/HET20D2_H10-10_W16-4_RUN01/XMSSMT_FAST_XMSSMT-SHA2_20_2_256_HET20D2_H10-10_W16-4_RUN01_operations_instrumented.csv
H10-10_W16-4,10,10,16,4,WOTS,sign,9,10593111,10.593111000,,7075,64,8110,RPI5_Heterogeneous_XMSSMT_2026-09-18/07_w_heterogeneity/HET20D2_H10-10_W16-4_RUN01/XMSSMT_FAST_XMSSMT-SHA2_20_2_256_HET20D2_H10-10_W16-4_RUN01_operations_instrumented.csv
H10-10_W16-4,10,10,16,4,WOTS,verify,9,2264092,2.264092000,1,7075,64,8110,RPI5_Heterogeneous_XMSSMT_2026-09-18/07_w_heterogeneity/HET20D2_H10-10_W16-4_RUN01/XMSSMT_FAST_XMSSMT-SHA2_20_2_256_HET20D2_H10-10_W16-4_RUN01_operations_instrumented.csv
H10-10_W16-4,10,10,16,4,WOTS,sign,10,6025333,6.025333000,,7075,64,8110,RPI5_Heterogeneous_XMSSMT_2026-09-18/07_w_heterogeneity/HET20D2_H10-10_W16-4_RUN01/XMSSMT_FAST_XMSSMT-SHA2_20_2_256_HET20D2_H10-10_W16-4_RUN01_operations_instrumented.csv
H10-10_W16-4,10,10,16,4,WOTS,verify,10,2039296,2.039296000,1,7075,64,8110,RPI5_Heterogeneous_XMSSMT_2026-09-18/07_w_heterogeneity/HET20D2_H10-10_W16-4_RUN01/XMSSMT_FAST_XMSSMT-SHA2_20_2_256_HET20D2_H10-10_W16-4_RUN01_operations_instrumented.csv
H10-10_W16-4,10,10,16,4,WOTS,sign,1,5973907,5.973907000,,7075,64,8110,RPI5_Heterogeneous_XMSSMT_2026-09-18/07_w_heterogeneity/HET20D2_H10-10_W16-4_RUN01/XMSSMT_FAST_XMSSMT-SHA2_20_2_256_HET20D2_H10-10_W16-4_RUN01_operations_instrumented.csv
H10-10_W16-4,10,10,16,4,WOTS,verify,1,2111778,2.111778000,1,7075,64,8110,RPI5_Heterogeneous_XMSSMT_2026-09-18/07_w_heterogeneity/HET20D2_H10-10_W16-4_RUN01/XMSSMT_FAST_XMSSMT-SHA2_20_2_256_HET20D2_H10-10_W16-4_RUN01_operations_instrumented.csv
H10-10_W16-4,10,10,16,4,WOTS,sign,2,5809445,5.809445000,,7075,64,8110,RPI5_Heterogeneous_XMSSMT_2026-09-18/07_w_heterogeneity/HET20D2_H10-10_W16-4_RUN01/XMSSMT_FAST_XMSSMT-SHA2_20_2_256_HET20D2_H10-10_W16-4_RUN01_operations_instrumented.csv
H10-10_W16-4,10,10,16,4,WOTS,verify,2,2269611,2.269611000,1,7075,64,8110,RPI5_Heterogeneous_XMSSMT_2026-09-18/07_w_heterogeneity/HET20D2_H10-10_W16-4_RUN01/XMSSMT_FAST_XMSSMT-SHA2_20_2_256_HET20D2_H10-10_W16-4_RUN01_operations_instrumented.csv
H10-10_W16-4,10,10,16,4,WOTS,sign,3,5900555,5.900555000,,7075,64,8110,RPI5_Heterogeneous_XMSSMT_2026-09-18/07_w_heterogeneity/HET20D2_H10-10_W16-4_RUN01/XMSSMT_FAST_XMSSMT-SHA2_20_2_256_HET20D2_H10-10_W16-4_RUN01_operations_instrumented.csv
H10-10_W16-4,10,10,16,4,WOTS,verify,3,2174407,2.174407000,1,7075,64,8110,RPI5_Heterogeneous_XMSSMT_2026-09-18/07_w_heterogeneity/HET20D2_H10-10_W16-4_RUN01/XMSSMT_FAST_XMSSMT-SHA2_20_2_256_HET20D2_H10-10_W16-4_RUN01_operations_instrumented.csv
H10-10_W16-4,10,10,16,4,WOTS,sign,4,10654315,10.654315000,,7075,64,8110,RPI5_Heterogeneous_XMSSMT_2026-09-18/07_w_heterogeneity/HET20D2_H10-10_W16-4_RUN01/XMSSMT_FAST_XMSSMT-SHA2_20_2_256_HET20D2_H10-10_W16-4_RUN01_operations_instrumented.csv
H10-10_W16-4,10,10,16,4,WOTS,verify,4,2208797,2.208797000,1,7075,64,8110,RPI5_Heterogeneous_XMSSMT_2026-09-18/07_w_heterogeneity/HET20D2_H10-10_W16-4_RUN01/XMSSMT_FAST_XMSSMT-SHA2_20_2_256_HET20D2_H10-10_W16-4_RUN01_operations_instrumented.csv
H10-10_W16-4,10,10,16,4,WOTS,sign,5,5925389,5.925389000,,7075,64,8110,RPI5_Heterogeneous_XMSSMT_2026-09-18/07_w_heterogeneity/HET20D2_H10-10_W16-4_RUN01/XMSSMT_FAST_XMSSMT-SHA2_20_2_256_HET20D2_H10-10_W16-4_RUN01_operations_instrumented.csv
H10-10_W16-4,10,10,16,4,WOTS,verify,5,2143611,2.143611000,1,7075,64,8110,RPI5_Heterogeneous_XMSSMT_2026-09-18/07_w_heterogeneity/HET20D2_H10-10_W16-4_RUN01/XMSSMT_FAST_XMSSMT-SHA2_20_2_256_HET20D2_H10-10_W16-4_RUN01_operations_instrumented.csv
H10-10_W16-4,10,10,16,4,WOTS,sign,6,6040204,6.040204000,,7075,64,8110,RPI5_Heterogeneous_XMSSMT_2026-09-18/07_w_heterogeneity/HET20D2_H10-10_W16-4_RUN01/XMSSMT_FAST_XMSSMT-SHA2_20_2_256_HET20D2_H10-10_W16-4_RUN01_operations_instrumented.csv
H10-10_W16-4,10,10,16,4,WOTS,verify,6,2052278,2.052278000,1,7075,64,8110,RPI5_Heterogeneous_XMSSMT_2026-09-18/07_w_heterogeneity/HET20D2_H10-10_W16-4_RUN01/XMSSMT_FAST_XMSSMT-SHA2_20_2_256_HET20D2_H10-10_W16-4_RUN01_operations_instrumented.csv
H10-10_W16-4,10,10,16,4,WOTS,sign,7,5896574,5.896574000,,7075,64,8110,RPI5_Heterogeneous_XMSSMT_2026-09-18/07_w_heterogeneity/HET20D2_H10-10_W16-4_RUN01/XMSSMT_FAST_XMSSMT-SHA2_20_2_256_HET20D2_H10-10_W16-4_RUN01_operations_instrumented.csv
H10-10_W16-4,10,10,16,4,WOTS,verify,7,2176463,2.176463000,1,7075,64,8110,RPI5_Heterogeneous_XMSSMT_2026-09-18/07_w_heterogeneity/HET20D2_H10-10_W16-4_RUN01/XMSSMT_FAST_XMSSMT-SHA2_20_2_256_HET20D2_H10-10_W16-4_RUN01_operations_instrumented.csv
H10-10_W16-4,10,10,16,4,WOTS,sign,8,15462703,15.462703000,,7075,64,8110,RPI5_Heterogeneous_XMSSMT_2026-09-18/07_w_heterogeneity/HET20D2_H10-10_W16-4_RUN01/XMSSMT_FAST_XMSSMT-SHA2_20_2_256_HET20D2_H10-10_W16-4_RUN01_operations_instrumented.csv
H10-10_W16-4,10,10,16,4,WOTS,verify,8,2174555,2.174555000,1,7075,64,8110,RPI5_Heterogeneous_XMSSMT_2026-09-18/07_w_heterogeneity/HET20D2_H10-10_W16-4_RUN01/XMSSMT_FAST_XMSSMT-SHA2_20_2_256_HET20D2_H10-10_W16-4_RUN01_operations_instrumented.csv
H10-10_W16-4,10,10,16,4,WOTS,sign,9,10744537,10.744537000,,7075,64,8110,RPI5_Heterogeneous_XMSSMT_2026-09-18/07_w_heterogeneity/HET20D2_H10-10_W16-4_RUN01/XMSSMT_FAST_XMSSMT-SHA2_20_2_256_HET20D2_H10-10_W16-4_RUN01_operations_instrumented.csv
H10-10_W16-4,10,10,16,4,WOTS,verify,9,2108463,2.108463000,1,7075,64,8110,RPI5_Heterogeneous_XMSSMT_2026-09-18/07_w_heterogeneity/HET20D2_H10-10_W16-4_RUN01/XMSSMT_FAST_XMSSMT-SHA2_20_2_256_HET20D2_H10-10_W16-4_RUN01_operations_instrumented.csv
H10-10_W16-4,10,10,16,4,WOTS,sign,10,6031871,6.031871000,,7075,64,8110,RPI5_Heterogeneous_XMSSMT_2026-09-18/07_w_heterogeneity/HET20D2_H10-10_W16-4_RUN01/XMSSMT_FAST_XMSSMT-SHA2_20_2_256_HET20D2_H10-10_W16-4_RUN01_operations_instrumented.csv
H10-10_W16-4,10,10,16,4,WOTS,verify,10,2044481,2.044481000,1,7075,64,8110,RPI5_Heterogeneous_XMSSMT_2026-09-18/07_w_heterogeneity/HET20D2_H10-10_W16-4_RUN01/XMSSMT_FAST_XMSSMT-SHA2_20_2_256_HET20D2_H10-10_W16-4_RUN01_operations_instrumented.csv
H10-10_W16-4,10,10,16,4,WOTS,sign,1,5966666,5.966666000,,7075,64,8110,RPI5_Heterogeneous_XMSSMT_2026-09-18/07_w_heterogeneity/HET20D2_H10-10_W16-4_RUN01/XMSSMT_FAST_XMSSMT-SHA2_20_2_256_HET20D2_H10-10_W16-4_RUN01_operations_instrumented.csv
H10-10_W16-4,10,10,16,4,WOTS,verify,1,2046371,2.046371000,1,7075,64,8110,RPI5_Heterogeneous_XMSSMT_2026-09-18/07_w_heterogeneity/HET20D2_H10-10_W16-4_RUN01/XMSSMT_FAST_XMSSMT-SHA2_20_2_256_HET20D2_H10-10_W16-4_RUN01_operations_instrumented.csv
H10-10_W16-4,10,10,16,4,WOTS,sign,2,6000093,6.000093000,,7075,64,8110,RPI5_Heterogeneous_XMSSMT_2026-09-18/07_w_heterogeneity/HET20D2_H10-10_W16-4_RUN01/XMSSMT_FAST_XMSSMT-SHA2_20_2_256_HET20D2_H10-10_W16-4_RUN01_operations_instrumented.csv
H10-10_W16-4,10,10,16,4,WOTS,verify,2,2010629,2.010629000,1,7075,64,8110,RPI5_Heterogeneous_XMSSMT_2026-09-18/07_w_heterogeneity/HET20D2_H10-10_W16-4_RUN01/XMSSMT_FAST_XMSSMT-SHA2_20_2_256_HET20D2_H10-10_W16-4_RUN01_operations_instrumented.csv
H10-10_W16-4,10,10,16,4,WOTS,sign,3,5891278,5.891278000,,7075,64,8110,RPI5_Heterogeneous_XMSSMT_2026-09-18/07_w_heterogeneity/HET20D2_H10-10_W16-4_RUN01/XMSSMT_FAST_XMSSMT-SHA2_20_2_256_HET20D2_H10-10_W16-4_RUN01_operations_instrumented.csv
H10-10_W16-4,10,10,16,4,WOTS,verify,3,2108204,2.108204000,1,7075,64,8110,RPI5_Heterogeneous_XMSSMT_2026-09-18/07_w_heterogeneity/HET20D2_H10-10_W16-4_RUN01/XMSSMT_FAST_XMSSMT-SHA2_20_2_256_HET20D2_H10-10_W16-4_RUN01_operations_instrumented.csv
H10-10_W16-4,10,10,16,4,WOTS,sign,4,10693611,10.693611000,,7075,64,8110,RPI5_Heterogeneous_XMSSMT_2026-09-18/07_w_heterogeneity/HET20D2_H10-10_W16-4_RUN01/XMSSMT_FAST_XMSSMT-SHA2_20_2_256_HET20D2_H10-10_W16-4_RUN01_operations_instrumented.csv
H10-10_W16-4,10,10,16,4,WOTS,verify,4,2107815,2.107815000,1,7075,64,8110,RPI5_Heterogeneous_XMSSMT_2026-09-18/07_w_heterogeneity/HET20D2_H10-10_W16-4_RUN01/XMSSMT_FAST_XMSSMT-SHA2_20_2_256_HET20D2_H10-10_W16-4_RUN01_operations_instrumented.csv
H10-10_W16-4,10,10,16,4,WOTS,sign,5,5891685,5.891685000,,7075,64,8110,RPI5_Heterogeneous_XMSSMT_2026-09-18/07_w_heterogeneity/HET20D2_H10-10_W16-4_RUN01/XMSSMT_FAST_XMSSMT-SHA2_20_2_256_HET20D2_H10-10_W16-4_RUN01_operations_instrumented.csv
H10-10_W16-4,10,10,16,4,WOTS,verify,5,2108055,2.108055000,1,7075,64,8110,RPI5_Heterogeneous_XMSSMT_2026-09-18/07_w_heterogeneity/HET20D2_H10-10_W16-4_RUN01/XMSSMT_FAST_XMSSMT-SHA2_20_2_256_HET20D2_H10-10_W16-4_RUN01_operations_instrumented.csv
H10-10_W16-4,10,10,16,4,WOTS,sign,6,5938852,5.938852000,,7075,64,8110,RPI5_Heterogeneous_XMSSMT_2026-09-18/07_w_heterogeneity/HET20D2_H10-10_W16-4_RUN01/XMSSMT_FAST_XMSSMT-SHA2_20_2_256_HET20D2_H10-10_W16-4_RUN01_operations_instrumented.csv
H10-10_W16-4,10,10,16,4,WOTS,verify,6,2075667,2.075667000,1,7075,64,8110,RPI5_Heterogeneous_XMSSMT_2026-09-18/07_w_heterogeneity/HET20D2_H10-10_W16-4_RUN01/XMSSMT_FAST_XMSSMT-SHA2_20_2_256_HET20D2_H10-10_W16-4_RUN01_operations_instrumented.csv
H10-10_W16-4,10,10,16,4,WOTS,sign,7,5796037,5.796037000,,7075,64,8110,RPI5_Heterogeneous_XMSSMT_2026-09-18/07_w_heterogeneity/HET20D2_H10-10_W16-4_RUN01/XMSSMT_FAST_XMSSMT-SHA2_20_2_256_HET20D2_H10-10_W16-4_RUN01_operations_instrumented.csv
H10-10_W16-4,10,10,16,4,WOTS,verify,7,2207148,2.207148000,1,7075,64,8110,RPI5_Heterogeneous_XMSSMT_2026-09-18/07_w_heterogeneity/HET20D2_H10-10_W16-4_RUN01/XMSSMT_FAST_XMSSMT-SHA2_20_2_256_HET20D2_H10-10_W16-4_RUN01_operations_instrumented.csv
H10-10_W16-4,10,10,16,4,WOTS,sign,8,15442315,15.442315000,,7075,64,8110,RPI5_Heterogeneous_XMSSMT_2026-09-18/07_w_heterogeneity/HET20D2_H10-10_W16-4_RUN01/XMSSMT_FAST_XMSSMT-SHA2_20_2_256_HET20D2_H10-10_W16-4_RUN01_operations_instrumented.csv
H10-10_W16-4,10,10,16,4,WOTS,verify,8,2146407,2.146407000,1,7075,64,8110,RPI5_Heterogeneous_XMSSMT_2026-09-18/07_w_heterogeneity/HET20D2_H10-10_W16-4_RUN01/XMSSMT_FAST_XMSSMT-SHA2_20_2_256_HET20D2_H10-10_W16-4_RUN01_operations_instrumented.csv
H10-10_W16-4,10,10,16,4,WOTS,sign,9,10583630,10.583630000,,7075,64,8110,RPI5_Heterogeneous_XMSSMT_2026-09-18/07_w_heterogeneity/HET20D2_H10-10_W16-4_RUN01/XMSSMT_FAST_XMSSMT-SHA2_20_2_256_HET20D2_H10-10_W16-4_RUN01_operations_instrumented.csv
H10-10_W16-4,10,10,16,4,WOTS,verify,9,2206796,2.206796000,1,7075,64,8110,RPI5_Heterogeneous_XMSSMT_2026-09-18/07_w_heterogeneity/HET20D2_H10-10_W16-4_RUN01/XMSSMT_FAST_XMSSMT-SHA2_20_2_256_HET20D2_H10-10_W16-4_RUN01_operations_instrumented.csv
H10-10_W16-4,10,10,16,4,WOTS,sign,10,6002370,6.002370000,,7075,64,8110,RPI5_Heterogeneous_XMSSMT_2026-09-18/07_w_heterogeneity/HET20D2_H10-10_W16-4_RUN01/XMSSMT_FAST_XMSSMT-SHA2_20_2_256_HET20D2_H10-10_W16-4_RUN01_operations_instrumented.csv
H10-10_W16-4,10,10,16,4,WOTS,verify,10,2014241,2.014241000,1,7075,64,8110,RPI5_Heterogeneous_XMSSMT_2026-09-18/07_w_heterogeneity/HET20D2_H10-10_W16-4_RUN01/XMSSMT_FAST_XMSSMT-SHA2_20_2_256_HET20D2_H10-10_W16-4_RUN01_operations_instrumented.csv
H10-10_W16-4,10,10,16,4,WOTS,sign,1,5814334,5.814334000,,7075,64,8110,RPI5_Heterogeneous_XMSSMT_2026-09-18/07_w_heterogeneity/HET20D2_H10-10_W16-4_RUN01/XMSSMT_FAST_XMSSMT-SHA2_20_2_256_HET20D2_H10-10_W16-4_RUN01_operations_instrumented.csv
H10-10_W16-4,10,10,16,4,WOTS,verify,1,2246481,2.246481000,1,7075,64,8110,RPI5_Heterogeneous_XMSSMT_2026-09-18/07_w_heterogeneity/HET20D2_H10-10_W16-4_RUN01/XMSSMT_FAST_XMSSMT-SHA2_20_2_256_HET20D2_H10-10_W16-4_RUN01_operations_instrumented.csv
H10-10_W16-4,10,10,16,4,WOTS,sign,2,5814667,5.814667000,,7075,64,8110,RPI5_Heterogeneous_XMSSMT_2026-09-18/07_w_heterogeneity/HET20D2_H10-10_W16-4_RUN01/XMSSMT_FAST_XMSSMT-SHA2_20_2_256_HET20D2_H10-10_W16-4_RUN01_operations_instrumented.csv
H10-10_W16-4,10,10,16,4,WOTS,verify,2,2238426,2.238426000,1,7075,64,8110,RPI5_Heterogeneous_XMSSMT_2026-09-18/07_w_heterogeneity/HET20D2_H10-10_W16-4_RUN01/XMSSMT_FAST_XMSSMT-SHA2_20_2_256_HET20D2_H10-10_W16-4_RUN01_operations_instrumented.csv
H10-10_W16-4,10,10,16,4,WOTS,sign,3,5906426,5.906426000,,7075,64,8110,RPI5_Heterogeneous_XMSSMT_2026-09-18/07_w_heterogeneity/HET20D2_H10-10_W16-4_RUN01/XMSSMT_FAST_XMSSMT-SHA2_20_2_256_HET20D2_H10-10_W16-4_RUN01_operations_instrumented.csv
H10-10_W16-4,10,10,16,4,WOTS,verify,3,2144963,2.144963000,1,7075,64,8110,RPI5_Heterogeneous_XMSSMT_2026-09-18/07_w_heterogeneity/HET20D2_H10-10_W16-4_RUN01/XMSSMT_FAST_XMSSMT-SHA2_20_2_256_HET20D2_H10-10_W16-4_RUN01_operations_instrumented.csv
H10-10_W16-4,10,10,16,4,WOTS,sign,4,10769759,10.769759000,,7075,64,8110,RPI5_Heterogeneous_XMSSMT_2026-09-18/07_w_heterogeneity/HET20D2_H10-10_W16-4_RUN01/XMSSMT_FAST_XMSSMT-SHA2_20_2_256_HET20D2_H10-10_W16-4_RUN01_operations_instrumented.csv
H10-10_W16-4,10,10,16,4,WOTS,verify,4,2074352,2.074352000,1,7075,64,8110,RPI5_Heterogeneous_XMSSMT_2026-09-18/07_w_heterogeneity/HET20D2_H10-10_W16-4_RUN01/XMSSMT_FAST_XMSSMT-SHA2_20_2_256_HET20D2_H10-10_W16-4_RUN01_operations_instrumented.csv
H10-10_W16-4,10,10,16,4,WOTS,sign,5,5828222,5.828222000,,7075,64,8110,RPI5_Heterogeneous_XMSSMT_2026-09-18/07_w_heterogeneity/HET20D2_H10-10_W16-4_RUN01/XMSSMT_FAST_XMSSMT-SHA2_20_2_256_HET20D2_H10-10_W16-4_RUN01_operations_instrumented.csv
H10-10_W16-4,10,10,16,4,WOTS,verify,5,2234759,2.234759000,1,7075,64,8110,RPI5_Heterogeneous_XMSSMT_2026-09-18/07_w_heterogeneity/HET20D2_H10-10_W16-4_RUN01/XMSSMT_FAST_XMSSMT-SHA2_20_2_256_HET20D2_H10-10_W16-4_RUN01_operations_instrumented.csv
H10-10_W16-4,10,10,16,4,WOTS,sign,6,5912241,5.912241000,,7075,64,8110,RPI5_Heterogeneous_XMSSMT_2026-09-18/07_w_heterogeneity/HET20D2_H10-10_W16-4_RUN01/XMSSMT_FAST_XMSSMT-SHA2_20_2_256_HET20D2_H10-10_W16-4_RUN01_operations_instrumented.csv
H10-10_W16-4,10,10,16,4,WOTS,verify,6,2138741,2.138741000,1,7075,64,8110,RPI5_Heterogeneous_XMSSMT_2026-09-18/07_w_heterogeneity/HET20D2_H10-10_W16-4_RUN01/XMSSMT_FAST_XMSSMT-SHA2_20_2_256_HET20D2_H10-10_W16-4_RUN01_operations_instrumented.csv
H10-10_W16-4,10,10,16,4,WOTS,sign,7,5912037,5.912037000,,7075,64,8110,RPI5_Heterogeneous_XMSSMT_2026-09-18/07_w_heterogeneity/HET20D2_H10-10_W16-4_RUN01/XMSSMT_FAST_XMSSMT-SHA2_20_2_256_HET20D2_H10-10_W16-4_RUN01_operations_instrumented.csv
H10-10_W16-4,10,10,16,4,WOTS,verify,7,2138352,2.138352000,1,7075,64,8110,RPI5_Heterogeneous_XMSSMT_2026-09-18/07_w_heterogeneity/HET20D2_H10-10_W16-4_RUN01/XMSSMT_FAST_XMSSMT-SHA2_20_2_256_HET20D2_H10-10_W16-4_RUN01_operations_instrumented.csv
H10-10_W16-4,10,10,16,4,WOTS,sign,8,15636315,15.636315000,,7075,64,8110,RPI5_Heterogeneous_XMSSMT_2026-09-18/07_w_heterogeneity/HET20D2_H10-10_W16-4_RUN01/XMSSMT_FAST_XMSSMT-SHA2_20_2_256_HET20D2_H10-10_W16-4_RUN01_operations_instrumented.csv
H10-10_W16-4,10,10,16,4,WOTS,verify,8,2017241,2.017241000,1,7075,64,8110,RPI5_Heterogeneous_XMSSMT_2026-09-18/07_w_heterogeneity/HET20D2_H10-10_W16-4_RUN01/XMSSMT_FAST_XMSSMT-SHA2_20_2_256_HET20D2_H10-10_W16-4_RUN01_operations_instrumented.csv
H10-10_W16-4,10,10,16,4,WOTS,sign,9,10534555,10.534555000,,7075,64,8110,RPI5_Heterogeneous_XMSSMT_2026-09-18/07_w_heterogeneity/HET20D2_H10-10_W16-4_RUN01/XMSSMT_FAST_XMSSMT-SHA2_20_2_256_HET20D2_H10-10_W16-4_RUN01_operations_instrumented.csv
H10-10_W16-4,10,10,16,4,WOTS,verify,9,2302778,2.302778000,1,7075,64,8110,RPI5_Heterogeneous_XMSSMT_2026-09-18/07_w_heterogeneity/HET20D2_H10-10_W16-4_RUN01/XMSSMT_FAST_XMSSMT-SHA2_20_2_256_HET20D2_H10-10_W16-4_RUN01_operations_instrumented.csv
H10-10_W16-4,10,10,16,4,WOTS,sign,10,5908926,5.908926000,,7075,64,8110,RPI5_Heterogeneous_XMSSMT_2026-09-18/07_w_heterogeneity/HET20D2_H10-10_W16-4_RUN01/XMSSMT_FAST_XMSSMT-SHA2_20_2_256_HET20D2_H10-10_W16-4_RUN01_operations_instrumented.csv
H10-10_W16-4,10,10,16,4,WOTS,verify,10,2139296,2.139296000,1,7075,64,8110,RPI5_Heterogeneous_XMSSMT_2026-09-18/07_w_heterogeneity/HET20D2_H10-10_W16-4_RUN01/XMSSMT_FAST_XMSSMT-SHA2_20_2_256_HET20D2_H10-10_W16-4_RUN01_operations_instrumented.csv
H10-10_W4-4,10,10,4,4,WOTS,keygen,1,2763066387,2763.066387000,,9187,64,8110,RPI5_Heterogeneous_XMSSMT_2026-09-18/07_w_heterogeneity/HET20D2_H10-10_W4-4_RUN01/XMSSMT_FAST_XMSSMT-SHA2_20_2_256_HET20D2_H10-10_W4-4_RUN01_operations_instrumented.csv
H10-10_W4-4,10,10,4,4,WOTS,keygen,2,2755214054,2755.214054000,,9187,64,8110,RPI5_Heterogeneous_XMSSMT_2026-09-18/07_w_heterogeneity/HET20D2_H10-10_W4-4_RUN01/XMSSMT_FAST_XMSSMT-SHA2_20_2_256_HET20D2_H10-10_W4-4_RUN01_operations_instrumented.csv
H10-10_W4-4,10,10,4,4,WOTS,keygen,3,2755854017,2755.854017000,,9187,64,8110,RPI5_Heterogeneous_XMSSMT_2026-09-18/07_w_heterogeneity/HET20D2_H10-10_W4-4_RUN01/XMSSMT_FAST_XMSSMT-SHA2_20_2_256_HET20D2_H10-10_W4-4_RUN01_operations_instrumented.csv
H10-10_W4-4,10,10,4,4,WOTS,keygen,4,2756077962,2756.077962000,,9187,64,8110,RPI5_Heterogeneous_XMSSMT_2026-09-18/07_w_heterogeneity/HET20D2_H10-10_W4-4_RUN01/XMSSMT_FAST_XMSSMT-SHA2_20_2_256_HET20D2_H10-10_W4-4_RUN01_operations_instrumented.csv
H10-10_W4-4,10,10,4,4,WOTS,keygen,5,2755729368,2755.729368000,,9187,64,8110,RPI5_Heterogeneous_XMSSMT_2026-09-18/07_w_heterogeneity/HET20D2_H10-10_W4-4_RUN01/XMSSMT_FAST_XMSSMT-SHA2_20_2_256_HET20D2_H10-10_W4-4_RUN01_operations_instrumented.csv
H10-10_W4-4,10,10,4,4,WOTS,keygen,6,2755597943,2755.597943000,,9187,64,8110,RPI5_Heterogeneous_XMSSMT_2026-09-18/07_w_heterogeneity/HET20D2_H10-10_W4-4_RUN01/XMSSMT_FAST_XMSSMT-SHA2_20_2_256_HET20D2_H10-10_W4-4_RUN01_operations_instrumented.csv
H10-10_W4-4,10,10,4,4,WOTS,keygen,7,2756118739,2756.118739000,,9187,64,8110,RPI5_Heterogeneous_XMSSMT_2026-09-18/07_w_heterogeneity/HET20D2_H10-10_W4-4_RUN01/XMSSMT_FAST_XMSSMT-SHA2_20_2_256_HET20D2_H10-10_W4-4_RUN01_operations_instrumented.csv
H10-10_W4-4,10,10,4,4,WOTS,keygen,8,2755063721,2755.063721000,,9187,64,8110,RPI5_Heterogeneous_XMSSMT_2026-09-18/07_w_heterogeneity/HET20D2_H10-10_W4-4_RUN01/XMSSMT_FAST_XMSSMT-SHA2_20_2_256_HET20D2_H10-10_W4-4_RUN01_operations_instrumented.csv
H10-10_W4-4,10,10,4,4,WOTS,keygen,9,2753729109,2753.729109000,,9187,64,8110,RPI5_Heterogeneous_XMSSMT_2026-09-18/07_w_heterogeneity/HET20D2_H10-10_W4-4_RUN01/XMSSMT_FAST_XMSSMT-SHA2_20_2_256_HET20D2_H10-10_W4-4_RUN01_operations_instrumented.csv
H10-10_W4-4,10,10,4,4,WOTS,keygen,10,2753915665,2753.915665000,,9187,64,8110,RPI5_Heterogeneous_XMSSMT_2026-09-18/07_w_heterogeneity/HET20D2_H10-10_W4-4_RUN01/XMSSMT_FAST_XMSSMT-SHA2_20_2_256_HET20D2_H10-10_W4-4_RUN01_operations_instrumented.csv
H10-10_W4-4,10,10,4,4,WOTS,sign,1,3224981,3.224981000,,9187,64,8110,RPI5_Heterogeneous_XMSSMT_2026-09-18/07_w_heterogeneity/HET20D2_H10-10_W4-4_RUN01/XMSSMT_FAST_XMSSMT-SHA2_20_2_256_HET20D2_H10-10_W4-4_RUN01_operations_instrumented.csv
H10-10_W4-4,10,10,4,4,WOTS,verify,1,1748241,1.748241000,1,9187,64,8110,RPI5_Heterogeneous_XMSSMT_2026-09-18/07_w_heterogeneity/HET20D2_H10-10_W4-4_RUN01/XMSSMT_FAST_XMSSMT-SHA2_20_2_256_HET20D2_H10-10_W4-4_RUN01_operations_instrumented.csv
H10-10_W4-4,10,10,4,4,WOTS,sign,2,3253111,3.253111000,,9187,64,8110,RPI5_Heterogeneous_XMSSMT_2026-09-18/07_w_heterogeneity/HET20D2_H10-10_W4-4_RUN01/XMSSMT_FAST_XMSSMT-SHA2_20_2_256_HET20D2_H10-10_W4-4_RUN01_operations_instrumented.csv
H10-10_W4-4,10,10,4,4,WOTS,verify,2,1713704,1.713704000,1,9187,64,8110,RPI5_Heterogeneous_XMSSMT_2026-09-18/07_w_heterogeneity/HET20D2_H10-10_W4-4_RUN01/XMSSMT_FAST_XMSSMT-SHA2_20_2_256_HET20D2_H10-10_W4-4_RUN01_operations_instrumented.csv
H10-10_W4-4,10,10,4,4,WOTS,sign,3,3188740,3.188740000,,9187,64,8110,RPI5_Heterogeneous_XMSSMT_2026-09-18/07_w_heterogeneity/HET20D2_H10-10_W4-4_RUN01/XMSSMT_FAST_XMSSMT-SHA2_20_2_256_HET20D2_H10-10_W4-4_RUN01_operations_instrumented.csv
H10-10_W4-4,10,10,4,4,WOTS,verify,3,1776611,1.776611000,1,9187,64,8110,RPI5_Heterogeneous_XMSSMT_2026-09-18/07_w_heterogeneity/HET20D2_H10-10_W4-4_RUN01/XMSSMT_FAST_XMSSMT-SHA2_20_2_256_HET20D2_H10-10_W4-4_RUN01_operations_instrumented.csv
H10-10_W4-4,10,10,4,4,WOTS,sign,4,5882741,5.882741000,,9187,64,8110,RPI5_Heterogeneous_XMSSMT_2026-09-18/07_w_heterogeneity/HET20D2_H10-10_W4-4_RUN01/XMSSMT_FAST_XMSSMT-SHA2_20_2_256_HET20D2_H10-10_W4-4_RUN01_operations_instrumented.csv
H10-10_W4-4,10,10,4,4,WOTS,verify,4,1783129,1.783129000,1,9187,64,8110,RPI5_Heterogeneous_XMSSMT_2026-09-18/07_w_heterogeneity/HET20D2_H10-10_W4-4_RUN01/XMSSMT_FAST_XMSSMT-SHA2_20_2_256_HET20D2_H10-10_W4-4_RUN01_operations_instrumented.csv
H10-10_W4-4,10,10,4,4,WOTS,sign,5,3203852,3.203852000,,9187,64,8110,RPI5_Heterogeneous_XMSSMT_2026-09-18/07_w_heterogeneity/HET20D2_H10-10_W4-4_RUN01/XMSSMT_FAST_XMSSMT-SHA2_20_2_256_HET20D2_H10-10_W4-4_RUN01_operations_instrumented.csv
H10-10_W4-4,10,10,4,4,WOTS,verify,5,1760703,1.760703000,1,9187,64,8110,RPI5_Heterogeneous_XMSSMT_2026-09-18/07_w_heterogeneity/HET20D2_H10-10_W4-4_RUN01/XMSSMT_FAST_XMSSMT-SHA2_20_2_256_HET20D2_H10-10_W4-4_RUN01_operations_instrumented.csv
H10-10_W4-4,10,10,4,4,WOTS,sign,6,3198019,3.198019000,,9187,64,8110,RPI5_Heterogeneous_XMSSMT_2026-09-18/07_w_heterogeneity/HET20D2_H10-10_W4-4_RUN01/XMSSMT_FAST_XMSSMT-SHA2_20_2_256_HET20D2_H10-10_W4-4_RUN01_operations_instrumented.csv
H10-10_W4-4,10,10,4,4,WOTS,verify,6,1779204,1.779204000,1,9187,64,8110,RPI5_Heterogeneous_XMSSMT_2026-09-18/07_w_heterogeneity/HET20D2_H10-10_W4-4_RUN01/XMSSMT_FAST_XMSSMT-SHA2_20_2_256_HET20D2_H10-10_W4-4_RUN01_operations_instrumented.csv
H10-10_W4-4,10,10,4,4,WOTS,sign,7,3253278,3.253278000,,9187,64,8110,RPI5_Heterogeneous_XMSSMT_2026-09-18/07_w_heterogeneity/HET20D2_H10-10_W4-4_RUN01/XMSSMT_FAST_XMSSMT-SHA2_20_2_256_HET20D2_H10-10_W4-4_RUN01_operations_instrumented.csv
H10-10_W4-4,10,10,4,4,WOTS,verify,7,1709833,1.709833000,1,9187,64,8110,RPI5_Heterogeneous_XMSSMT_2026-09-18/07_w_heterogeneity/HET20D2_H10-10_W4-4_RUN01/XMSSMT_FAST_XMSSMT-SHA2_20_2_256_HET20D2_H10-10_W4-4_RUN01_operations_instrumented.csv
H10-10_W4-4,10,10,4,4,WOTS,sign,8,8655185,8.655185000,,9187,64,8110,RPI5_Heterogeneous_XMSSMT_2026-09-18/07_w_heterogeneity/HET20D2_H10-10_W4-4_RUN01/XMSSMT_FAST_XMSSMT-SHA2_20_2_256_HET20D2_H10-10_W4-4_RUN01_operations_instrumented.csv
H10-10_W4-4,10,10,4,4,WOTS,verify,8,1717204,1.717204000,1,9187,64,8110,RPI5_Heterogeneous_XMSSMT_2026-09-18/07_w_heterogeneity/HET20D2_H10-10_W4-4_RUN01/XMSSMT_FAST_XMSSMT-SHA2_20_2_256_HET20D2_H10-10_W4-4_RUN01_operations_instrumented.csv
H10-10_W4-4,10,10,4,4,WOTS,sign,9,5871315,5.871315000,,9187,64,8110,RPI5_Heterogeneous_XMSSMT_2026-09-18/07_w_heterogeneity/HET20D2_H10-10_W4-4_RUN01/XMSSMT_FAST_XMSSMT-SHA2_20_2_256_HET20D2_H10-10_W4-4_RUN01_operations_instrumented.csv
H10-10_W4-4,10,10,4,4,WOTS,verify,9,1791518,1.791518000,1,9187,64,8110,RPI5_Heterogeneous_XMSSMT_2026-09-18/07_w_heterogeneity/HET20D2_H10-10_W4-4_RUN01/XMSSMT_FAST_XMSSMT-SHA2_20_2_256_HET20D2_H10-10_W4-4_RUN01_operations_instrumented.csv
H10-10_W4-4,10,10,4,4,WOTS,sign,10,3209352,3.209352000,,9187,64,8110,RPI5_Heterogeneous_XMSSMT_2026-09-18/07_w_heterogeneity/HET20D2_H10-10_W4-4_RUN01/XMSSMT_FAST_XMSSMT-SHA2_20_2_256_HET20D2_H10-10_W4-4_RUN01_operations_instrumented.csv
H10-10_W4-4,10,10,4,4,WOTS,verify,10,1761537,1.761537000,1,9187,64,8110,RPI5_Heterogeneous_XMSSMT_2026-09-18/07_w_heterogeneity/HET20D2_H10-10_W4-4_RUN01/XMSSMT_FAST_XMSSMT-SHA2_20_2_256_HET20D2_H10-10_W4-4_RUN01_operations_instrumented.csv
H10-10_W4-4,10,10,4,4,WOTS,sign,1,3275130,3.275130000,,9187,64,8110,RPI5_Heterogeneous_XMSSMT_2026-09-18/07_w_heterogeneity/HET20D2_H10-10_W4-4_RUN01/XMSSMT_FAST_XMSSMT-SHA2_20_2_256_HET20D2_H10-10_W4-4_RUN01_operations_instrumented.csv
H10-10_W4-4,10,10,4,4,WOTS,verify,1,1690740,1.690740000,1,9187,64,8110,RPI5_Heterogeneous_XMSSMT_2026-09-18/07_w_heterogeneity/HET20D2_H10-10_W4-4_RUN01/XMSSMT_FAST_XMSSMT-SHA2_20_2_256_HET20D2_H10-10_W4-4_RUN01_operations_instrumented.csv
H10-10_W4-4,10,10,4,4,WOTS,sign,2,3206056,3.206056000,,9187,64,8110,RPI5_Heterogeneous_XMSSMT_2026-09-18/07_w_heterogeneity/HET20D2_H10-10_W4-4_RUN01/XMSSMT_FAST_XMSSMT-SHA2_20_2_256_HET20D2_H10-10_W4-4_RUN01_operations_instrumented.csv
H10-10_W4-4,10,10,4,4,WOTS,verify,2,1758074,1.758074000,1,9187,64,8110,RPI5_Heterogeneous_XMSSMT_2026-09-18/07_w_heterogeneity/HET20D2_H10-10_W4-4_RUN01/XMSSMT_FAST_XMSSMT-SHA2_20_2_256_HET20D2_H10-10_W4-4_RUN01_operations_instrumented.csv
H10-10_W4-4,10,10,4,4,WOTS,sign,3,3209889,3.209889000,,9187,64,8110,RPI5_Heterogeneous_XMSSMT_2026-09-18/07_w_heterogeneity/HET20D2_H10-10_W4-4_RUN01/XMSSMT_FAST_XMSSMT-SHA2_20_2_256_HET20D2_H10-10_W4-4_RUN01_operations_instrumented.csv
H10-10_W4-4,10,10,4,4,WOTS,verify,3,1750796,1.750796000,1,9187,64,8110,RPI5_Heterogeneous_XMSSMT_2026-09-18/07_w_heterogeneity/HET20D2_H10-10_W4-4_RUN01/XMSSMT_FAST_XMSSMT-SHA2_20_2_256_HET20D2_H10-10_W4-4_RUN01_operations_instrumented.csv
H10-10_W4-4,10,10,4,4,WOTS,sign,4,5938222,5.938222000,,9187,64,8110,RPI5_Heterogeneous_XMSSMT_2026-09-18/07_w_heterogeneity/HET20D2_H10-10_W4-4_RUN01/XMSSMT_FAST_XMSSMT-SHA2_20_2_256_HET20D2_H10-10_W4-4_RUN01_operations_instrumented.csv
H10-10_W4-4,10,10,4,4,WOTS,verify,4,1722926,1.722926000,1,9187,64,8110,RPI5_Heterogeneous_XMSSMT_2026-09-18/07_w_heterogeneity/HET20D2_H10-10_W4-4_RUN01/XMSSMT_FAST_XMSSMT-SHA2_20_2_256_HET20D2_H10-10_W4-4_RUN01_operations_instrumented.csv
H10-10_W4-4,10,10,4,4,WOTS,sign,5,3206722,3.206722000,,9187,64,8110,RPI5_Heterogeneous_XMSSMT_2026-09-18/07_w_heterogeneity/HET20D2_H10-10_W4-4_RUN01/XMSSMT_FAST_XMSSMT-SHA2_20_2_256_HET20D2_H10-10_W4-4_RUN01_operations_instrumented.csv
H10-10_W4-4,10,10,4,4,WOTS,verify,5,1745056,1.745056000,1,9187,64,8110,RPI5_Heterogeneous_XMSSMT_2026-09-18/07_w_heterogeneity/HET20D2_H10-10_W4-4_RUN01/XMSSMT_FAST_XMSSMT-SHA2_20_2_256_HET20D2_H10-10_W4-4_RUN01_operations_instrumented.csv
H10-10_W4-4,10,10,4,4,WOTS,sign,6,3211074,3.211074000,,9187,64,8110,RPI5_Heterogeneous_XMSSMT_2026-09-18/07_w_heterogeneity/HET20D2_H10-10_W4-4_RUN01/XMSSMT_FAST_XMSSMT-SHA2_20_2_256_HET20D2_H10-10_W4-4_RUN01_operations_instrumented.csv
H10-10_W4-4,10,10,4,4,WOTS,verify,6,1750889,1.750889000,1,9187,64,8110,RPI5_Heterogeneous_XMSSMT_2026-09-18/07_w_heterogeneity/HET20D2_H10-10_W4-4_RUN01/XMSSMT_FAST_XMSSMT-SHA2_20_2_256_HET20D2_H10-10_W4-4_RUN01_operations_instrumented.csv
H10-10_W4-4,10,10,4,4,WOTS,sign,7,3236815,3.236815000,,9187,64,8110,RPI5_Heterogeneous_XMSSMT_2026-09-18/07_w_heterogeneity/HET20D2_H10-10_W4-4_RUN01/XMSSMT_FAST_XMSSMT-SHA2_20_2_256_HET20D2_H10-10_W4-4_RUN01_operations_instrumented.csv
H10-10_W4-4,10,10,4,4,WOTS,verify,7,1719685,1.719685000,1,9187,64,8110,RPI5_Heterogeneous_XMSSMT_2026-09-18/07_w_heterogeneity/HET20D2_H10-10_W4-4_RUN01/XMSSMT_FAST_XMSSMT-SHA2_20_2_256_HET20D2_H10-10_W4-4_RUN01_operations_instrumented.csv
H10-10_W4-4,10,10,4,4,WOTS,sign,8,8576277,8.576277000,,9187,64,8110,RPI5_Heterogeneous_XMSSMT_2026-09-18/07_w_heterogeneity/HET20D2_H10-10_W4-4_RUN01/XMSSMT_FAST_XMSSMT-SHA2_20_2_256_HET20D2_H10-10_W4-4_RUN01_operations_instrumented.csv
H10-10_W4-4,10,10,4,4,WOTS,verify,8,1773148,1.773148000,1,9187,64,8110,RPI5_Heterogeneous_XMSSMT_2026-09-18/07_w_heterogeneity/HET20D2_H10-10_W4-4_RUN01/XMSSMT_FAST_XMSSMT-SHA2_20_2_256_HET20D2_H10-10_W4-4_RUN01_operations_instrumented.csv
H10-10_W4-4,10,10,4,4,WOTS,sign,9,5912037,5.912037000,,9187,64,8110,RPI5_Heterogeneous_XMSSMT_2026-09-18/07_w_heterogeneity/HET20D2_H10-10_W4-4_RUN01/XMSSMT_FAST_XMSSMT-SHA2_20_2_256_HET20D2_H10-10_W4-4_RUN01_operations_instrumented.csv
H10-10_W4-4,10,10,4,4,WOTS,verify,9,1741982,1.741982000,1,9187,64,8110,RPI5_Heterogeneous_XMSSMT_2026-09-18/07_w_heterogeneity/HET20D2_H10-10_W4-4_RUN01/XMSSMT_FAST_XMSSMT-SHA2_20_2_256_HET20D2_H10-10_W4-4_RUN01_operations_instrumented.csv
H10-10_W4-4,10,10,4,4,WOTS,sign,10,3225093,3.225093000,,9187,64,8110,RPI5_Heterogeneous_XMSSMT_2026-09-18/07_w_heterogeneity/HET20D2_H10-10_W4-4_RUN01/XMSSMT_FAST_XMSSMT-SHA2_20_2_256_HET20D2_H10-10_W4-4_RUN01_operations_instrumented.csv
H10-10_W4-4,10,10,4,4,WOTS,verify,10,1739389,1.739389000,1,9187,64,8110,RPI5_Heterogeneous_XMSSMT_2026-09-18/07_w_heterogeneity/HET20D2_H10-10_W4-4_RUN01/XMSSMT_FAST_XMSSMT-SHA2_20_2_256_HET20D2_H10-10_W4-4_RUN01_operations_instrumented.csv
H10-10_W4-4,10,10,4,4,WOTS,sign,1,3209556,3.209556000,,9187,64,8110,RPI5_Heterogeneous_XMSSMT_2026-09-18/07_w_heterogeneity/HET20D2_H10-10_W4-4_RUN01/XMSSMT_FAST_XMSSMT-SHA2_20_2_256_HET20D2_H10-10_W4-4_RUN01_operations_instrumented.csv
H10-10_W4-4,10,10,4,4,WOTS,verify,1,1694648,1.694648000,1,9187,64,8110,RPI5_Heterogeneous_XMSSMT_2026-09-18/07_w_heterogeneity/HET20D2_H10-10_W4-4_RUN01/XMSSMT_FAST_XMSSMT-SHA2_20_2_256_HET20D2_H10-10_W4-4_RUN01_operations_instrumented.csv
H10-10_W4-4,10,10,4,4,WOTS,sign,2,3260426,3.260426000,,9187,64,8110,RPI5_Heterogeneous_XMSSMT_2026-09-18/07_w_heterogeneity/HET20D2_H10-10_W4-4_RUN01/XMSSMT_FAST_XMSSMT-SHA2_20_2_256_HET20D2_H10-10_W4-4_RUN01_operations_instrumented.csv
H10-10_W4-4,10,10,4,4,WOTS,verify,2,1645685,1.645685000,1,9187,64,8110,RPI5_Heterogeneous_XMSSMT_2026-09-18/07_w_heterogeneity/HET20D2_H10-10_W4-4_RUN01/XMSSMT_FAST_XMSSMT-SHA2_20_2_256_HET20D2_H10-10_W4-4_RUN01_operations_instrumented.csv
H10-10_W4-4,10,10,4,4,WOTS,sign,3,3193112,3.193112000,,9187,64,8110,RPI5_Heterogeneous_XMSSMT_2026-09-18/07_w_heterogeneity/HET20D2_H10-10_W4-4_RUN01/XMSSMT_FAST_XMSSMT-SHA2_20_2_256_HET20D2_H10-10_W4-4_RUN01_operations_instrumented.csv
H10-10_W4-4,10,10,4,4,WOTS,verify,3,1702167,1.702167000,1,9187,64,8110,RPI5_Heterogeneous_XMSSMT_2026-09-18/07_w_heterogeneity/HET20D2_H10-10_W4-4_RUN01/XMSSMT_FAST_XMSSMT-SHA2_20_2_256_HET20D2_H10-10_W4-4_RUN01_operations_instrumented.csv
H10-10_W4-4,10,10,4,4,WOTS,sign,4,5986630,5.986630000,,9187,64,8110,RPI5_Heterogeneous_XMSSMT_2026-09-18/07_w_heterogeneity/HET20D2_H10-10_W4-4_RUN01/XMSSMT_FAST_XMSSMT-SHA2_20_2_256_HET20D2_H10-10_W4-4_RUN01_operations_instrumented.csv
H10-10_W4-4,10,10,4,4,WOTS,verify,4,1624352,1.624352000,1,9187,64,8110,RPI5_Heterogeneous_XMSSMT_2026-09-18/07_w_heterogeneity/HET20D2_H10-10_W4-4_RUN01/XMSSMT_FAST_XMSSMT-SHA2_20_2_256_HET20D2_H10-10_W4-4_RUN01_operations_instrumented.csv
H10-10_W4-4,10,10,4,4,WOTS,sign,5,3212685,3.212685000,,9187,64,8110,RPI5_Heterogeneous_XMSSMT_2026-09-18/07_w_heterogeneity/HET20D2_H10-10_W4-4_RUN01/XMSSMT_FAST_XMSSMT-SHA2_20_2_256_HET20D2_H10-10_W4-4_RUN01_operations_instrumented.csv
H10-10_W4-4,10,10,4,4,WOTS,verify,5,1678500,1.678500000,1,9187,64,8110,RPI5_Heterogeneous_XMSSMT_2026-09-18/07_w_heterogeneity/HET20D2_H10-10_W4-4_RUN01/XMSSMT_FAST_XMSSMT-SHA2_20_2_256_HET20D2_H10-10_W4-4_RUN01_operations_instrumented.csv
H10-10_W4-4,10,10,4,4,WOTS,sign,6,3237538,3.237538000,,9187,64,8110,RPI5_Heterogeneous_XMSSMT_2026-09-18/07_w_heterogeneity/HET20D2_H10-10_W4-4_RUN01/XMSSMT_FAST_XMSSMT-SHA2_20_2_256_HET20D2_H10-10_W4-4_RUN01_operations_instrumented.csv
H10-10_W4-4,10,10,4,4,WOTS,verify,6,1661944,1.661944000,1,9187,64,8110,RPI5_Heterogeneous_XMSSMT_2026-09-18/07_w_heterogeneity/HET20D2_H10-10_W4-4_RUN01/XMSSMT_FAST_XMSSMT-SHA2_20_2_256_HET20D2_H10-10_W4-4_RUN01_operations_instrumented.csv
H10-10_W4-4,10,10,4,4,WOTS,sign,7,3225129,3.225129000,,9187,64,8110,RPI5_Heterogeneous_XMSSMT_2026-09-18/07_w_heterogeneity/HET20D2_H10-10_W4-4_RUN01/XMSSMT_FAST_XMSSMT-SHA2_20_2_256_HET20D2_H10-10_W4-4_RUN01_operations_instrumented.csv
H10-10_W4-4,10,10,4,4,WOTS,verify,7,1679130,1.679130000,1,9187,64,8110,RPI5_Heterogeneous_XMSSMT_2026-09-18/07_w_heterogeneity/HET20D2_H10-10_W4-4_RUN01/XMSSMT_FAST_XMSSMT-SHA2_20_2_256_HET20D2_H10-10_W4-4_RUN01_operations_instrumented.csv
H10-10_W4-4,10,10,4,4,WOTS,sign,8,8624723,8.624723000,,9187,64,8110,RPI5_Heterogeneous_XMSSMT_2026-09-18/07_w_heterogeneity/HET20D2_H10-10_W4-4_RUN01/XMSSMT_FAST_XMSSMT-SHA2_20_2_256_HET20D2_H10-10_W4-4_RUN01_operations_instrumented.csv
H10-10_W4-4,10,10,4,4,WOTS,verify,8,1681297,1.681297000,1,9187,64,8110,RPI5_Heterogeneous_XMSSMT_2026-09-18/07_w_heterogeneity/HET20D2_H10-10_W4-4_RUN01/XMSSMT_FAST_XMSSMT-SHA2_20_2_256_HET20D2_H10-10_W4-4_RUN01_operations_instrumented.csv
H10-10_W4-4,10,10,4,4,WOTS,sign,9,5971537,5.971537000,,9187,64,8110,RPI5_Heterogeneous_XMSSMT_2026-09-18/07_w_heterogeneity/HET20D2_H10-10_W4-4_RUN01/XMSSMT_FAST_XMSSMT-SHA2_20_2_256_HET20D2_H10-10_W4-4_RUN01_operations_instrumented.csv
H10-10_W4-4,10,10,4,4,WOTS,verify,9,1649056,1.649056000,1,9187,64,8110,RPI5_Heterogeneous_XMSSMT_2026-09-18/07_w_heterogeneity/HET20D2_H10-10_W4-4_RUN01/XMSSMT_FAST_XMSSMT-SHA2_20_2_256_HET20D2_H10-10_W4-4_RUN01_operations_instrumented.csv
H10-10_W4-4,10,10,4,4,WOTS,sign,10,3255703,3.255703000,,9187,64,8110,RPI5_Heterogeneous_XMSSMT_2026-09-18/07_w_heterogeneity/HET20D2_H10-10_W4-4_RUN01/XMSSMT_FAST_XMSSMT-SHA2_20_2_256_HET20D2_H10-10_W4-4_RUN01_operations_instrumented.csv
H10-10_W4-4,10,10,4,4,WOTS,verify,10,1646481,1.646481000,1,9187,64,8110,RPI5_Heterogeneous_XMSSMT_2026-09-18/07_w_heterogeneity/HET20D2_H10-10_W4-4_RUN01/XMSSMT_FAST_XMSSMT-SHA2_20_2_256_HET20D2_H10-10_W4-4_RUN01_operations_instrumented.csv
H10-10_W4-4,10,10,4,4,WOTS,sign,1,3165889,3.165889000,,9187,64,8110,RPI5_Heterogeneous_XMSSMT_2026-09-18/07_w_heterogeneity/HET20D2_H10-10_W4-4_RUN01/XMSSMT_FAST_XMSSMT-SHA2_20_2_256_HET20D2_H10-10_W4-4_RUN01_operations_instrumented.csv
H10-10_W4-4,10,10,4,4,WOTS,verify,1,1772907,1.772907000,1,9187,64,8110,RPI5_Heterogeneous_XMSSMT_2026-09-18/07_w_heterogeneity/HET20D2_H10-10_W4-4_RUN01/XMSSMT_FAST_XMSSMT-SHA2_20_2_256_HET20D2_H10-10_W4-4_RUN01_operations_instrumented.csv
H10-10_W4-4,10,10,4,4,WOTS,sign,2,3304834,3.304834000,,9187,64,8110,RPI5_Heterogeneous_XMSSMT_2026-09-18/07_w_heterogeneity/HET20D2_H10-10_W4-4_RUN01/XMSSMT_FAST_XMSSMT-SHA2_20_2_256_HET20D2_H10-10_W4-4_RUN01_operations_instrumented.csv
H10-10_W4-4,10,10,4,4,WOTS,verify,2,1637888,1.637888000,1,9187,64,8110,RPI5_Heterogeneous_XMSSMT_2026-09-18/07_w_heterogeneity/HET20D2_H10-10_W4-4_RUN01/XMSSMT_FAST_XMSSMT-SHA2_20_2_256_HET20D2_H10-10_W4-4_RUN01_operations_instrumented.csv
H10-10_W4-4,10,10,4,4,WOTS,sign,3,3263166,3.263166000,,9187,64,8110,RPI5_Heterogeneous_XMSSMT_2026-09-18/07_w_heterogeneity/HET20D2_H10-10_W4-4_RUN01/XMSSMT_FAST_XMSSMT-SHA2_20_2_256_HET20D2_H10-10_W4-4_RUN01_operations_instrumented.csv
H10-10_W4-4,10,10,4,4,WOTS,verify,3,1668888,1.668888000,1,9187,64,8110,RPI5_Heterogeneous_XMSSMT_2026-09-18/07_w_heterogeneity/HET20D2_H10-10_W4-4_RUN01/XMSSMT_FAST_XMSSMT-SHA2_20_2_256_HET20D2_H10-10_W4-4_RUN01_operations_instrumented.csv
H10-10_W4-4,10,10,4,4,WOTS,sign,4,5937407,5.937407000,,9187,64,8110,RPI5_Heterogeneous_XMSSMT_2026-09-18/07_w_heterogeneity/HET20D2_H10-10_W4-4_RUN01/XMSSMT_FAST_XMSSMT-SHA2_20_2_256_HET20D2_H10-10_W4-4_RUN01_operations_instrumented.csv
H10-10_W4-4,10,10,4,4,WOTS,verify,4,1699204,1.699204000,1,9187,64,8110,RPI5_Heterogeneous_XMSSMT_2026-09-18/07_w_heterogeneity/HET20D2_H10-10_W4-4_RUN01/XMSSMT_FAST_XMSSMT-SHA2_20_2_256_HET20D2_H10-10_W4-4_RUN01_operations_instrumented.csv
H10-10_W4-4,10,10,4,4,WOTS,sign,5,3234611,3.234611000,,9187,64,8110,RPI5_Heterogeneous_XMSSMT_2026-09-18/07_w_heterogeneity/HET20D2_H10-10_W4-4_RUN01/XMSSMT_FAST_XMSSMT-SHA2_20_2_256_HET20D2_H10-10_W4-4_RUN01_operations_instrumented.csv
H10-10_W4-4,10,10,4,4,WOTS,verify,5,1690166,1.690166000,1,9187,64,8110,RPI5_Heterogeneous_XMSSMT_2026-09-18/07_w_heterogeneity/HET20D2_H10-10_W4-4_RUN01/XMSSMT_FAST_XMSSMT-SHA2_20_2_256_HET20D2_H10-10_W4-4_RUN01_operations_instrumented.csv
H10-10_W4-4,10,10,4,4,WOTS,sign,6,3237444,3.237444000,,9187,64,8110,RPI5_Heterogeneous_XMSSMT_2026-09-18/07_w_heterogeneity/HET20D2_H10-10_W4-4_RUN01/XMSSMT_FAST_XMSSMT-SHA2_20_2_256_HET20D2_H10-10_W4-4_RUN01_operations_instrumented.csv
H10-10_W4-4,10,10,4,4,WOTS,verify,6,1697407,1.697407000,1,9187,64,8110,RPI5_Heterogeneous_XMSSMT_2026-09-18/07_w_heterogeneity/HET20D2_H10-10_W4-4_RUN01/XMSSMT_FAST_XMSSMT-SHA2_20_2_256_HET20D2_H10-10_W4-4_RUN01_operations_instrumented.csv
H10-10_W4-4,10,10,4,4,WOTS,sign,7,3243370,3.243370000,,9187,64,8110,RPI5_Heterogeneous_XMSSMT_2026-09-18/07_w_heterogeneity/HET20D2_H10-10_W4-4_RUN01/XMSSMT_FAST_XMSSMT-SHA2_20_2_256_HET20D2_H10-10_W4-4_RUN01_operations_instrumented.csv
H10-10_W4-4,10,10,4,4,WOTS,verify,7,1689500,1.689500000,1,9187,64,8110,RPI5_Heterogeneous_XMSSMT_2026-09-18/07_w_heterogeneity/HET20D2_H10-10_W4-4_RUN01/XMSSMT_FAST_XMSSMT-SHA2_20_2_256_HET20D2_H10-10_W4-4_RUN01_operations_instrumented.csv
H10-10_W4-4,10,10,4,4,WOTS,sign,8,8591296,8.591296000,,9187,64,8110,RPI5_Heterogeneous_XMSSMT_2026-09-18/07_w_heterogeneity/HET20D2_H10-10_W4-4_RUN01/XMSSMT_FAST_XMSSMT-SHA2_20_2_256_HET20D2_H10-10_W4-4_RUN01_operations_instrumented.csv
H10-10_W4-4,10,10,4,4,WOTS,verify,8,1726889,1.726889000,1,9187,64,8110,RPI5_Heterogeneous_XMSSMT_2026-09-18/07_w_heterogeneity/HET20D2_H10-10_W4-4_RUN01/XMSSMT_FAST_XMSSMT-SHA2_20_2_256_HET20D2_H10-10_W4-4_RUN01_operations_instrumented.csv
H10-10_W4-4,10,10,4,4,WOTS,sign,9,5971463,5.971463000,,9187,64,8110,RPI5_Heterogeneous_XMSSMT_2026-09-18/07_w_heterogeneity/HET20D2_H10-10_W4-4_RUN01/XMSSMT_FAST_XMSSMT-SHA2_20_2_256_HET20D2_H10-10_W4-4_RUN01_operations_instrumented.csv
H10-10_W4-4,10,10,4,4,WOTS,verify,9,1648981,1.648981000,1,9187,64,8110,RPI5_Heterogeneous_XMSSMT_2026-09-18/07_w_heterogeneity/HET20D2_H10-10_W4-4_RUN01/XMSSMT_FAST_XMSSMT-SHA2_20_2_256_HET20D2_H10-10_W4-4_RUN01_operations_instrumented.csv
H10-10_W4-4,10,10,4,4,WOTS,sign,10,3241333,3.241333000,,9187,64,8110,RPI5_Heterogeneous_XMSSMT_2026-09-18/07_w_heterogeneity/HET20D2_H10-10_W4-4_RUN01/XMSSMT_FAST_XMSSMT-SHA2_20_2_256_HET20D2_H10-10_W4-4_RUN01_operations_instrumented.csv
H10-10_W4-4,10,10,4,4,WOTS,verify,10,1697519,1.697519000,1,9187,64,8110,RPI5_Heterogeneous_XMSSMT_2026-09-18/07_w_heterogeneity/HET20D2_H10-10_W4-4_RUN01/XMSSMT_FAST_XMSSMT-SHA2_20_2_256_HET20D2_H10-10_W4-4_RUN01_operations_instrumented.csv
H10-10_W4-4,10,10,4,4,WOTS,sign,1,3249370,3.249370000,,9187,64,8110,RPI5_Heterogeneous_XMSSMT_2026-09-18/07_w_heterogeneity/HET20D2_H10-10_W4-4_RUN01/XMSSMT_FAST_XMSSMT-SHA2_20_2_256_HET20D2_H10-10_W4-4_RUN01_operations_instrumented.csv
H10-10_W4-4,10,10,4,4,WOTS,verify,1,1690556,1.690556000,1,9187,64,8110,RPI5_Heterogeneous_XMSSMT_2026-09-18/07_w_heterogeneity/HET20D2_H10-10_W4-4_RUN01/XMSSMT_FAST_XMSSMT-SHA2_20_2_256_HET20D2_H10-10_W4-4_RUN01_operations_instrumented.csv
H10-10_W4-4,10,10,4,4,WOTS,sign,2,3207963,3.207963000,,9187,64,8110,RPI5_Heterogeneous_XMSSMT_2026-09-18/07_w_heterogeneity/HET20D2_H10-10_W4-4_RUN01/XMSSMT_FAST_XMSSMT-SHA2_20_2_256_HET20D2_H10-10_W4-4_RUN01_operations_instrumented.csv
H10-10_W4-4,10,10,4,4,WOTS,verify,2,1737648,1.737648000,1,9187,64,8110,RPI5_Heterogeneous_XMSSMT_2026-09-18/07_w_heterogeneity/HET20D2_H10-10_W4-4_RUN01/XMSSMT_FAST_XMSSMT-SHA2_20_2_256_HET20D2_H10-10_W4-4_RUN01_operations_instrumented.csv
H10-10_W4-4,10,10,4,4,WOTS,sign,3,3199889,3.199889000,,9187,64,8110,RPI5_Heterogeneous_XMSSMT_2026-09-18/07_w_heterogeneity/HET20D2_H10-10_W4-4_RUN01/XMSSMT_FAST_XMSSMT-SHA2_20_2_256_HET20D2_H10-10_W4-4_RUN01_operations_instrumented.csv
H10-10_W4-4,10,10,4,4,WOTS,verify,3,1731723,1.731723000,1,9187,64,8110,RPI5_Heterogeneous_XMSSMT_2026-09-18/07_w_heterogeneity/HET20D2_H10-10_W4-4_RUN01/XMSSMT_FAST_XMSSMT-SHA2_20_2_256_HET20D2_H10-10_W4-4_RUN01_operations_instrumented.csv
H10-10_W4-4,10,10,4,4,WOTS,sign,4,5974407,5.974407000,,9187,64,8110,RPI5_Heterogeneous_XMSSMT_2026-09-18/07_w_heterogeneity/HET20D2_H10-10_W4-4_RUN01/XMSSMT_FAST_XMSSMT-SHA2_20_2_256_HET20D2_H10-10_W4-4_RUN01_operations_instrumented.csv
H10-10_W4-4,10,10,4,4,WOTS,verify,4,1662685,1.662685000,1,9187,64,8110,RPI5_Heterogeneous_XMSSMT_2026-09-18/07_w_heterogeneity/HET20D2_H10-10_W4-4_RUN01/XMSSMT_FAST_XMSSMT-SHA2_20_2_256_HET20D2_H10-10_W4-4_RUN01_operations_instrumented.csv
H10-10_W4-4,10,10,4,4,WOTS,sign,5,3248593,3.248593000,,9187,64,8110,RPI5_Heterogeneous_XMSSMT_2026-09-18/07_w_heterogeneity/HET20D2_H10-10_W4-4_RUN01/XMSSMT_FAST_XMSSMT-SHA2_20_2_256_HET20D2_H10-10_W4-4_RUN01_operations_instrumented.csv
H10-10_W4-4,10,10,4,4,WOTS,verify,5,1691389,1.691389000,1,9187,64,8110,RPI5_Heterogeneous_XMSSMT_2026-09-18/07_w_heterogeneity/HET20D2_H10-10_W4-4_RUN01/XMSSMT_FAST_XMSSMT-SHA2_20_2_256_HET20D2_H10-10_W4-4_RUN01_operations_instrumented.csv
H10-10_W4-4,10,10,4,4,WOTS,sign,6,3270222,3.270222000,,9187,64,8110,RPI5_Heterogeneous_XMSSMT_2026-09-18/07_w_heterogeneity/HET20D2_H10-10_W4-4_RUN01/XMSSMT_FAST_XMSSMT-SHA2_20_2_256_HET20D2_H10-10_W4-4_RUN01_operations_instrumented.csv
H10-10_W4-4,10,10,4,4,WOTS,verify,6,1668463,1.668463000,1,9187,64,8110,RPI5_Heterogeneous_XMSSMT_2026-09-18/07_w_heterogeneity/HET20D2_H10-10_W4-4_RUN01/XMSSMT_FAST_XMSSMT-SHA2_20_2_256_HET20D2_H10-10_W4-4_RUN01_operations_instrumented.csv
H10-10_W4-4,10,10,4,4,WOTS,sign,7,3230297,3.230297000,,9187,64,8110,RPI5_Heterogeneous_XMSSMT_2026-09-18/07_w_heterogeneity/HET20D2_H10-10_W4-4_RUN01/XMSSMT_FAST_XMSSMT-SHA2_20_2_256_HET20D2_H10-10_W4-4_RUN01_operations_instrumented.csv
H10-10_W4-4,10,10,4,4,WOTS,verify,7,1701815,1.701815000,1,9187,64,8110,RPI5_Heterogeneous_XMSSMT_2026-09-18/07_w_heterogeneity/HET20D2_H10-10_W4-4_RUN01/XMSSMT_FAST_XMSSMT-SHA2_20_2_256_HET20D2_H10-10_W4-4_RUN01_operations_instrumented.csv
H10-10_W4-4,10,10,4,4,WOTS,sign,8,8654686,8.654686000,,9187,64,8110,RPI5_Heterogeneous_XMSSMT_2026-09-18/07_w_heterogeneity/HET20D2_H10-10_W4-4_RUN01/XMSSMT_FAST_XMSSMT-SHA2_20_2_256_HET20D2_H10-10_W4-4_RUN01_operations_instrumented.csv
H10-10_W4-4,10,10,4,4,WOTS,verify,8,1681574,1.681574000,1,9187,64,8110,RPI5_Heterogeneous_XMSSMT_2026-09-18/07_w_heterogeneity/HET20D2_H10-10_W4-4_RUN01/XMSSMT_FAST_XMSSMT-SHA2_20_2_256_HET20D2_H10-10_W4-4_RUN01_operations_instrumented.csv
H10-10_W4-4,10,10,4,4,WOTS,sign,9,5876241,5.876241000,,9187,64,8110,RPI5_Heterogeneous_XMSSMT_2026-09-18/07_w_heterogeneity/HET20D2_H10-10_W4-4_RUN01/XMSSMT_FAST_XMSSMT-SHA2_20_2_256_HET20D2_H10-10_W4-4_RUN01_operations_instrumented.csv
H10-10_W4-4,10,10,4,4,WOTS,verify,9,1748592,1.748592000,1,9187,64,8110,RPI5_Heterogeneous_XMSSMT_2026-09-18/07_w_heterogeneity/HET20D2_H10-10_W4-4_RUN01/XMSSMT_FAST_XMSSMT-SHA2_20_2_256_HET20D2_H10-10_W4-4_RUN01_operations_instrumented.csv
H10-10_W4-4,10,10,4,4,WOTS,sign,10,3286500,3.286500000,,9187,64,8110,RPI5_Heterogeneous_XMSSMT_2026-09-18/07_w_heterogeneity/HET20D2_H10-10_W4-4_RUN01/XMSSMT_FAST_XMSSMT-SHA2_20_2_256_HET20D2_H10-10_W4-4_RUN01_operations_instrumented.csv
H10-10_W4-4,10,10,4,4,WOTS,verify,10,1664334,1.664334000,1,9187,64,8110,RPI5_Heterogeneous_XMSSMT_2026-09-18/07_w_heterogeneity/HET20D2_H10-10_W4-4_RUN01/XMSSMT_FAST_XMSSMT-SHA2_20_2_256_HET20D2_H10-10_W4-4_RUN01_operations_instrumented.csv
H10-10_W4-4,10,10,4,4,WOTS,sign,1,3207277,3.207277000,,9187,64,8110,RPI5_Heterogeneous_XMSSMT_2026-09-18/07_w_heterogeneity/HET20D2_H10-10_W4-4_RUN01/XMSSMT_FAST_XMSSMT-SHA2_20_2_256_HET20D2_H10-10_W4-4_RUN01_operations_instrumented.csv
H10-10_W4-4,10,10,4,4,WOTS,verify,1,1741407,1.741407000,1,9187,64,8110,RPI5_Heterogeneous_XMSSMT_2026-09-18/07_w_heterogeneity/HET20D2_H10-10_W4-4_RUN01/XMSSMT_FAST_XMSSMT-SHA2_20_2_256_HET20D2_H10-10_W4-4_RUN01_operations_instrumented.csv
H10-10_W4-4,10,10,4,4,WOTS,sign,2,3290815,3.290815000,,9187,64,8110,RPI5_Heterogeneous_XMSSMT_2026-09-18/07_w_heterogeneity/HET20D2_H10-10_W4-4_RUN01/XMSSMT_FAST_XMSSMT-SHA2_20_2_256_HET20D2_H10-10_W4-4_RUN01_operations_instrumented.csv
H10-10_W4-4,10,10,4,4,WOTS,verify,2,1660074,1.660074000,1,9187,64,8110,RPI5_Heterogeneous_XMSSMT_2026-09-18/07_w_heterogeneity/HET20D2_H10-10_W4-4_RUN01/XMSSMT_FAST_XMSSMT-SHA2_20_2_256_HET20D2_H10-10_W4-4_RUN01_operations_instrumented.csv
H10-10_W4-4,10,10,4,4,WOTS,sign,3,3200574,3.200574000,,9187,64,8110,RPI5_Heterogeneous_XMSSMT_2026-09-18/07_w_heterogeneity/HET20D2_H10-10_W4-4_RUN01/XMSSMT_FAST_XMSSMT-SHA2_20_2_256_HET20D2_H10-10_W4-4_RUN01_operations_instrumented.csv
H10-10_W4-4,10,10,4,4,WOTS,verify,3,1736852,1.736852000,1,9187,64,8110,RPI5_Heterogeneous_XMSSMT_2026-09-18/07_w_heterogeneity/HET20D2_H10-10_W4-4_RUN01/XMSSMT_FAST_XMSSMT-SHA2_20_2_256_HET20D2_H10-10_W4-4_RUN01_operations_instrumented.csv
H10-10_W4-4,10,10,4,4,WOTS,sign,4,5910593,5.910593000,,9187,64,8110,RPI5_Heterogeneous_XMSSMT_2026-09-18/07_w_heterogeneity/HET20D2_H10-10_W4-4_RUN01/XMSSMT_FAST_XMSSMT-SHA2_20_2_256_HET20D2_H10-10_W4-4_RUN01_operations_instrumented.csv
H10-10_W4-4,10,10,4,4,WOTS,verify,4,1734092,1.734092000,1,9187,64,8110,RPI5_Heterogeneous_XMSSMT_2026-09-18/07_w_heterogeneity/HET20D2_H10-10_W4-4_RUN01/XMSSMT_FAST_XMSSMT-SHA2_20_2_256_HET20D2_H10-10_W4-4_RUN01_operations_instrumented.csv
H10-10_W4-4,10,10,4,4,WOTS,sign,5,3238370,3.238370000,,9187,64,8110,RPI5_Heterogeneous_XMSSMT_2026-09-18/07_w_heterogeneity/HET20D2_H10-10_W4-4_RUN01/XMSSMT_FAST_XMSSMT-SHA2_20_2_256_HET20D2_H10-10_W4-4_RUN01_operations_instrumented.csv
H10-10_W4-4,10,10,4,4,WOTS,verify,5,1707222,1.707222000,1,9187,64,8110,RPI5_Heterogeneous_XMSSMT_2026-09-18/07_w_heterogeneity/HET20D2_H10-10_W4-4_RUN01/XMSSMT_FAST_XMSSMT-SHA2_20_2_256_HET20D2_H10-10_W4-4_RUN01_operations_instrumented.csv
H10-10_W4-4,10,10,4,4,WOTS,sign,6,3244315,3.244315000,,9187,64,8110,RPI5_Heterogeneous_XMSSMT_2026-09-18/07_w_heterogeneity/HET20D2_H10-10_W4-4_RUN01/XMSSMT_FAST_XMSSMT-SHA2_20_2_256_HET20D2_H10-10_W4-4_RUN01_operations_instrumented.csv
H10-10_W4-4,10,10,4,4,WOTS,verify,6,1705889,1.705889000,1,9187,64,8110,RPI5_Heterogeneous_XMSSMT_2026-09-18/07_w_heterogeneity/HET20D2_H10-10_W4-4_RUN01/XMSSMT_FAST_XMSSMT-SHA2_20_2_256_HET20D2_H10-10_W4-4_RUN01_operations_instrumented.csv
H10-10_W4-4,10,10,4,4,WOTS,sign,7,3210723,3.210723000,,9187,64,8110,RPI5_Heterogeneous_XMSSMT_2026-09-18/07_w_heterogeneity/HET20D2_H10-10_W4-4_RUN01/XMSSMT_FAST_XMSSMT-SHA2_20_2_256_HET20D2_H10-10_W4-4_RUN01_operations_instrumented.csv
H10-10_W4-4,10,10,4,4,WOTS,verify,7,1726926,1.726926000,1,9187,64,8110,RPI5_Heterogeneous_XMSSMT_2026-09-18/07_w_heterogeneity/HET20D2_H10-10_W4-4_RUN01/XMSSMT_FAST_XMSSMT-SHA2_20_2_256_HET20D2_H10-10_W4-4_RUN01_operations_instrumented.csv
H10-10_W4-4,10,10,4,4,WOTS,sign,8,8656870,8.656870000,,9187,64,8110,RPI5_Heterogeneous_XMSSMT_2026-09-18/07_w_heterogeneity/HET20D2_H10-10_W4-4_RUN01/XMSSMT_FAST_XMSSMT-SHA2_20_2_256_HET20D2_H10-10_W4-4_RUN01_operations_instrumented.csv
H10-10_W4-4,10,10,4,4,WOTS,verify,8,1689426,1.689426000,1,9187,64,8110,RPI5_Heterogeneous_XMSSMT_2026-09-18/07_w_heterogeneity/HET20D2_H10-10_W4-4_RUN01/XMSSMT_FAST_XMSSMT-SHA2_20_2_256_HET20D2_H10-10_W4-4_RUN01_operations_instrumented.csv
H10-10_W4-4,10,10,4,4,WOTS,sign,9,5906852,5.906852000,,9187,64,8110,RPI5_Heterogeneous_XMSSMT_2026-09-18/07_w_heterogeneity/HET20D2_H10-10_W4-4_RUN01/XMSSMT_FAST_XMSSMT-SHA2_20_2_256_HET20D2_H10-10_W4-4_RUN01_operations_instrumented.csv
H10-10_W4-4,10,10,4,4,WOTS,verify,9,1731667,1.731667000,1,9187,64,8110,RPI5_Heterogeneous_XMSSMT_2026-09-18/07_w_heterogeneity/HET20D2_H10-10_W4-4_RUN01/XMSSMT_FAST_XMSSMT-SHA2_20_2_256_HET20D2_H10-10_W4-4_RUN01_operations_instrumented.csv
H10-10_W4-4,10,10,4,4,WOTS,sign,10,3217389,3.217389000,,9187,64,8110,RPI5_Heterogeneous_XMSSMT_2026-09-18/07_w_heterogeneity/HET20D2_H10-10_W4-4_RUN01/XMSSMT_FAST_XMSSMT-SHA2_20_2_256_HET20D2_H10-10_W4-4_RUN01_operations_instrumented.csv
H10-10_W4-4,10,10,4,4,WOTS,verify,10,1737370,1.737370000,1,9187,64,8110,RPI5_Heterogeneous_XMSSMT_2026-09-18/07_w_heterogeneity/HET20D2_H10-10_W4-4_RUN01/XMSSMT_FAST_XMSSMT-SHA2_20_2_256_HET20D2_H10-10_W4-4_RUN01_operations_instrumented.csv
H10-10_W4-4,10,10,4,4,WOTS,sign,1,3210944,3.210944000,,9187,64,8110,RPI5_Heterogeneous_XMSSMT_2026-09-18/07_w_heterogeneity/HET20D2_H10-10_W4-4_RUN01/XMSSMT_FAST_XMSSMT-SHA2_20_2_256_HET20D2_H10-10_W4-4_RUN01_operations_instrumented.csv
H10-10_W4-4,10,10,4,4,WOTS,verify,1,1720630,1.720630000,1,9187,64,8110,RPI5_Heterogeneous_XMSSMT_2026-09-18/07_w_heterogeneity/HET20D2_H10-10_W4-4_RUN01/XMSSMT_FAST_XMSSMT-SHA2_20_2_256_HET20D2_H10-10_W4-4_RUN01_operations_instrumented.csv
H10-10_W4-4,10,10,4,4,WOTS,sign,2,3259907,3.259907000,,9187,64,8110,RPI5_Heterogeneous_XMSSMT_2026-09-18/07_w_heterogeneity/HET20D2_H10-10_W4-4_RUN01/XMSSMT_FAST_XMSSMT-SHA2_20_2_256_HET20D2_H10-10_W4-4_RUN01_operations_instrumented.csv
H10-10_W4-4,10,10,4,4,WOTS,verify,2,1672686,1.672686000,1,9187,64,8110,RPI5_Heterogeneous_XMSSMT_2026-09-18/07_w_heterogeneity/HET20D2_H10-10_W4-4_RUN01/XMSSMT_FAST_XMSSMT-SHA2_20_2_256_HET20D2_H10-10_W4-4_RUN01_operations_instrumented.csv
H10-10_W4-4,10,10,4,4,WOTS,sign,3,3238556,3.238556000,,9187,64,8110,RPI5_Heterogeneous_XMSSMT_2026-09-18/07_w_heterogeneity/HET20D2_H10-10_W4-4_RUN01/XMSSMT_FAST_XMSSMT-SHA2_20_2_256_HET20D2_H10-10_W4-4_RUN01_operations_instrumented.csv
H10-10_W4-4,10,10,4,4,WOTS,verify,3,1687426,1.687426000,1,9187,64,8110,RPI5_Heterogeneous_XMSSMT_2026-09-18/07_w_heterogeneity/HET20D2_H10-10_W4-4_RUN01/XMSSMT_FAST_XMSSMT-SHA2_20_2_256_HET20D2_H10-10_W4-4_RUN01_operations_instrumented.csv
H10-10_W4-4,10,10,4,4,WOTS,sign,4,5909185,5.909185000,,9187,64,8110,RPI5_Heterogeneous_XMSSMT_2026-09-18/07_w_heterogeneity/HET20D2_H10-10_W4-4_RUN01/XMSSMT_FAST_XMSSMT-SHA2_20_2_256_HET20D2_H10-10_W4-4_RUN01_operations_instrumented.csv
H10-10_W4-4,10,10,4,4,WOTS,verify,4,1723704,1.723704000,1,9187,64,8110,RPI5_Heterogeneous_XMSSMT_2026-09-18/07_w_heterogeneity/HET20D2_H10-10_W4-4_RUN01/XMSSMT_FAST_XMSSMT-SHA2_20_2_256_HET20D2_H10-10_W4-4_RUN01_operations_instrumented.csv
H10-10_W4-4,10,10,4,4,WOTS,sign,5,3193704,3.193704000,,9187,64,8110,RPI5_Heterogeneous_XMSSMT_2026-09-18/07_w_heterogeneity/HET20D2_H10-10_W4-4_RUN01/XMSSMT_FAST_XMSSMT-SHA2_20_2_256_HET20D2_H10-10_W4-4_RUN01_operations_instrumented.csv
H10-10_W4-4,10,10,4,4,WOTS,verify,5,1732037,1.732037000,1,9187,64,8110,RPI5_Heterogeneous_XMSSMT_2026-09-18/07_w_heterogeneity/HET20D2_H10-10_W4-4_RUN01/XMSSMT_FAST_XMSSMT-SHA2_20_2_256_HET20D2_H10-10_W4-4_RUN01_operations_instrumented.csv
H10-10_W4-4,10,10,4,4,WOTS,sign,6,3240518,3.240518000,,9187,64,8110,RPI5_Heterogeneous_XMSSMT_2026-09-18/07_w_heterogeneity/HET20D2_H10-10_W4-4_RUN01/XMSSMT_FAST_XMSSMT-SHA2_20_2_256_HET20D2_H10-10_W4-4_RUN01_operations_instrumented.csv
H10-10_W4-4,10,10,4,4,WOTS,verify,6,1700056,1.700056000,1,9187,64,8110,RPI5_Heterogeneous_XMSSMT_2026-09-18/07_w_heterogeneity/HET20D2_H10-10_W4-4_RUN01/XMSSMT_FAST_XMSSMT-SHA2_20_2_256_HET20D2_H10-10_W4-4_RUN01_operations_instrumented.csv
H10-10_W4-4,10,10,4,4,WOTS,sign,7,3240574,3.240574000,,9187,64,8110,RPI5_Heterogeneous_XMSSMT_2026-09-18/07_w_heterogeneity/HET20D2_H10-10_W4-4_RUN01/XMSSMT_FAST_XMSSMT-SHA2_20_2_256_HET20D2_H10-10_W4-4_RUN01_operations_instrumented.csv
H10-10_W4-4,10,10,4,4,WOTS,verify,7,1681852,1.681852000,1,9187,64,8110,RPI5_Heterogeneous_XMSSMT_2026-09-18/07_w_heterogeneity/HET20D2_H10-10_W4-4_RUN01/XMSSMT_FAST_XMSSMT-SHA2_20_2_256_HET20D2_H10-10_W4-4_RUN01_operations_instrumented.csv
H10-10_W4-4,10,10,4,4,WOTS,sign,8,8627797,8.627797000,,9187,64,8110,RPI5_Heterogeneous_XMSSMT_2026-09-18/07_w_heterogeneity/HET20D2_H10-10_W4-4_RUN01/XMSSMT_FAST_XMSSMT-SHA2_20_2_256_HET20D2_H10-10_W4-4_RUN01_operations_instrumented.csv
H10-10_W4-4,10,10,4,4,WOTS,verify,8,1686408,1.686408000,1,9187,64,8110,RPI5_Heterogeneous_XMSSMT_2026-09-18/07_w_heterogeneity/HET20D2_H10-10_W4-4_RUN01/XMSSMT_FAST_XMSSMT-SHA2_20_2_256_HET20D2_H10-10_W4-4_RUN01_operations_instrumented.csv
H10-10_W4-4,10,10,4,4,WOTS,sign,9,5952593,5.952593000,,9187,64,8110,RPI5_Heterogeneous_XMSSMT_2026-09-18/07_w_heterogeneity/HET20D2_H10-10_W4-4_RUN01/XMSSMT_FAST_XMSSMT-SHA2_20_2_256_HET20D2_H10-10_W4-4_RUN01_operations_instrumented.csv
H10-10_W4-4,10,10,4,4,WOTS,verify,9,1670352,1.670352000,1,9187,64,8110,RPI5_Heterogeneous_XMSSMT_2026-09-18/07_w_heterogeneity/HET20D2_H10-10_W4-4_RUN01/XMSSMT_FAST_XMSSMT-SHA2_20_2_256_HET20D2_H10-10_W4-4_RUN01_operations_instrumented.csv
H10-10_W4-4,10,10,4,4,WOTS,sign,10,3170555,3.170555000,,9187,64,8110,RPI5_Heterogeneous_XMSSMT_2026-09-18/07_w_heterogeneity/HET20D2_H10-10_W4-4_RUN01/XMSSMT_FAST_XMSSMT-SHA2_20_2_256_HET20D2_H10-10_W4-4_RUN01_operations_instrumented.csv
H10-10_W4-4,10,10,4,4,WOTS,verify,10,1757203,1.757203000,1,9187,64,8110,RPI5_Heterogeneous_XMSSMT_2026-09-18/07_w_heterogeneity/HET20D2_H10-10_W4-4_RUN01/XMSSMT_FAST_XMSSMT-SHA2_20_2_256_HET20D2_H10-10_W4-4_RUN01_operations_instrumented.csv
H10-10_W4-4,10,10,4,4,WOTS,sign,1,3235611,3.235611000,,9187,64,8110,RPI5_Heterogeneous_XMSSMT_2026-09-18/07_w_heterogeneity/HET20D2_H10-10_W4-4_RUN01/XMSSMT_FAST_XMSSMT-SHA2_20_2_256_HET20D2_H10-10_W4-4_RUN01_operations_instrumented.csv
H10-10_W4-4,10,10,4,4,WOTS,verify,1,1672167,1.672167000,1,9187,64,8110,RPI5_Heterogeneous_XMSSMT_2026-09-18/07_w_heterogeneity/HET20D2_H10-10_W4-4_RUN01/XMSSMT_FAST_XMSSMT-SHA2_20_2_256_HET20D2_H10-10_W4-4_RUN01_operations_instrumented.csv
H10-10_W4-4,10,10,4,4,WOTS,sign,2,3179889,3.179889000,,9187,64,8110,RPI5_Heterogeneous_XMSSMT_2026-09-18/07_w_heterogeneity/HET20D2_H10-10_W4-4_RUN01/XMSSMT_FAST_XMSSMT-SHA2_20_2_256_HET20D2_H10-10_W4-4_RUN01_operations_instrumented.csv
H10-10_W4-4,10,10,4,4,WOTS,verify,2,1673871,1.673871000,1,9187,64,8110,RPI5_Heterogeneous_XMSSMT_2026-09-18/07_w_heterogeneity/HET20D2_H10-10_W4-4_RUN01/XMSSMT_FAST_XMSSMT-SHA2_20_2_256_HET20D2_H10-10_W4-4_RUN01_operations_instrumented.csv
H10-10_W4-4,10,10,4,4,WOTS,sign,3,3264111,3.264111000,,9187,64,8110,RPI5_Heterogeneous_XMSSMT_2026-09-18/07_w_heterogeneity/HET20D2_H10-10_W4-4_RUN01/XMSSMT_FAST_XMSSMT-SHA2_20_2_256_HET20D2_H10-10_W4-4_RUN01_operations_instrumented.csv
H10-10_W4-4,10,10,4,4,WOTS,verify,3,1583297,1.583297000,1,9187,64,8110,RPI5_Heterogeneous_XMSSMT_2026-09-18/07_w_heterogeneity/HET20D2_H10-10_W4-4_RUN01/XMSSMT_FAST_XMSSMT-SHA2_20_2_256_HET20D2_H10-10_W4-4_RUN01_operations_instrumented.csv
H10-10_W4-4,10,10,4,4,WOTS,sign,4,5923686,5.923686000,,9187,64,8110,RPI5_Heterogeneous_XMSSMT_2026-09-18/07_w_heterogeneity/HET20D2_H10-10_W4-4_RUN01/XMSSMT_FAST_XMSSMT-SHA2_20_2_256_HET20D2_H10-10_W4-4_RUN01_operations_instrumented.csv
H10-10_W4-4,10,10,4,4,WOTS,verify,4,1635667,1.635667000,1,9187,64,8110,RPI5_Heterogeneous_XMSSMT_2026-09-18/07_w_heterogeneity/HET20D2_H10-10_W4-4_RUN01/XMSSMT_FAST_XMSSMT-SHA2_20_2_256_HET20D2_H10-10_W4-4_RUN01_operations_instrumented.csv
H10-10_W4-4,10,10,4,4,WOTS,sign,5,3213482,3.213482000,,9187,64,8110,RPI5_Heterogeneous_XMSSMT_2026-09-18/07_w_heterogeneity/HET20D2_H10-10_W4-4_RUN01/XMSSMT_FAST_XMSSMT-SHA2_20_2_256_HET20D2_H10-10_W4-4_RUN01_operations_instrumented.csv
H10-10_W4-4,10,10,4,4,WOTS,verify,5,1634019,1.634019000,1,9187,64,8110,RPI5_Heterogeneous_XMSSMT_2026-09-18/07_w_heterogeneity/HET20D2_H10-10_W4-4_RUN01/XMSSMT_FAST_XMSSMT-SHA2_20_2_256_HET20D2_H10-10_W4-4_RUN01_operations_instrumented.csv
H10-10_W4-4,10,10,4,4,WOTS,sign,6,3214796,3.214796000,,9187,64,8110,RPI5_Heterogeneous_XMSSMT_2026-09-18/07_w_heterogeneity/HET20D2_H10-10_W4-4_RUN01/XMSSMT_FAST_XMSSMT-SHA2_20_2_256_HET20D2_H10-10_W4-4_RUN01_operations_instrumented.csv
H10-10_W4-4,10,10,4,4,WOTS,verify,6,1647074,1.647074000,1,9187,64,8110,RPI5_Heterogeneous_XMSSMT_2026-09-18/07_w_heterogeneity/HET20D2_H10-10_W4-4_RUN01/XMSSMT_FAST_XMSSMT-SHA2_20_2_256_HET20D2_H10-10_W4-4_RUN01_operations_instrumented.csv
H10-10_W4-4,10,10,4,4,WOTS,sign,7,3237093,3.237093000,,9187,64,8110,RPI5_Heterogeneous_XMSSMT_2026-09-18/07_w_heterogeneity/HET20D2_H10-10_W4-4_RUN01/XMSSMT_FAST_XMSSMT-SHA2_20_2_256_HET20D2_H10-10_W4-4_RUN01_operations_instrumented.csv
H10-10_W4-4,10,10,4,4,WOTS,verify,7,1623555,1.623555000,1,9187,64,8110,RPI5_Heterogeneous_XMSSMT_2026-09-18/07_w_heterogeneity/HET20D2_H10-10_W4-4_RUN01/XMSSMT_FAST_XMSSMT-SHA2_20_2_256_HET20D2_H10-10_W4-4_RUN01_operations_instrumented.csv
H10-10_W4-4,10,10,4,4,WOTS,sign,8,8599888,8.599888000,,9187,64,8110,RPI5_Heterogeneous_XMSSMT_2026-09-18/07_w_heterogeneity/HET20D2_H10-10_W4-4_RUN01/XMSSMT_FAST_XMSSMT-SHA2_20_2_256_HET20D2_H10-10_W4-4_RUN01_operations_instrumented.csv
H10-10_W4-4,10,10,4,4,WOTS,verify,8,1640537,1.640537000,1,9187,64,8110,RPI5_Heterogeneous_XMSSMT_2026-09-18/07_w_heterogeneity/HET20D2_H10-10_W4-4_RUN01/XMSSMT_FAST_XMSSMT-SHA2_20_2_256_HET20D2_H10-10_W4-4_RUN01_operations_instrumented.csv
H10-10_W4-4,10,10,4,4,WOTS,sign,9,5957685,5.957685000,,9187,64,8110,RPI5_Heterogeneous_XMSSMT_2026-09-18/07_w_heterogeneity/HET20D2_H10-10_W4-4_RUN01/XMSSMT_FAST_XMSSMT-SHA2_20_2_256_HET20D2_H10-10_W4-4_RUN01_operations_instrumented.csv
H10-10_W4-4,10,10,4,4,WOTS,verify,9,1596222,1.596222000,1,9187,64,8110,RPI5_Heterogeneous_XMSSMT_2026-09-18/07_w_heterogeneity/HET20D2_H10-10_W4-4_RUN01/XMSSMT_FAST_XMSSMT-SHA2_20_2_256_HET20D2_H10-10_W4-4_RUN01_operations_instrumented.csv
H10-10_W4-4,10,10,4,4,WOTS,sign,10,3256575,3.256575000,,9187,64,8110,RPI5_Heterogeneous_XMSSMT_2026-09-18/07_w_heterogeneity/HET20D2_H10-10_W4-4_RUN01/XMSSMT_FAST_XMSSMT-SHA2_20_2_256_HET20D2_H10-10_W4-4_RUN01_operations_instrumented.csv
H10-10_W4-4,10,10,4,4,WOTS,verify,10,1594315,1.594315000,1,9187,64,8110,RPI5_Heterogeneous_XMSSMT_2026-09-18/07_w_heterogeneity/HET20D2_H10-10_W4-4_RUN01/XMSSMT_FAST_XMSSMT-SHA2_20_2_256_HET20D2_H10-10_W4-4_RUN01_operations_instrumented.csv
H10-10_W4-4,10,10,4,4,WOTS,sign,1,3182037,3.182037000,,9187,64,8110,RPI5_Heterogeneous_XMSSMT_2026-09-18/07_w_heterogeneity/HET20D2_H10-10_W4-4_RUN01/XMSSMT_FAST_XMSSMT-SHA2_20_2_256_HET20D2_H10-10_W4-4_RUN01_operations_instrumented.csv
H10-10_W4-4,10,10,4,4,WOTS,verify,1,1756814,1.756814000,1,9187,64,8110,RPI5_Heterogeneous_XMSSMT_2026-09-18/07_w_heterogeneity/HET20D2_H10-10_W4-4_RUN01/XMSSMT_FAST_XMSSMT-SHA2_20_2_256_HET20D2_H10-10_W4-4_RUN01_operations_instrumented.csv
H10-10_W4-4,10,10,4,4,WOTS,sign,2,3230426,3.230426000,,9187,64,8110,RPI5_Heterogeneous_XMSSMT_2026-09-18/07_w_heterogeneity/HET20D2_H10-10_W4-4_RUN01/XMSSMT_FAST_XMSSMT-SHA2_20_2_256_HET20D2_H10-10_W4-4_RUN01_operations_instrumented.csv
H10-10_W4-4,10,10,4,4,WOTS,verify,2,1728185,1.728185000,1,9187,64,8110,RPI5_Heterogeneous_XMSSMT_2026-09-18/07_w_heterogeneity/HET20D2_H10-10_W4-4_RUN01/XMSSMT_FAST_XMSSMT-SHA2_20_2_256_HET20D2_H10-10_W4-4_RUN01_operations_instrumented.csv
H10-10_W4-4,10,10,4,4,WOTS,sign,3,3211148,3.211148000,,9187,64,8110,RPI5_Heterogeneous_XMSSMT_2026-09-18/07_w_heterogeneity/HET20D2_H10-10_W4-4_RUN01/XMSSMT_FAST_XMSSMT-SHA2_20_2_256_HET20D2_H10-10_W4-4_RUN01_operations_instrumented.csv
H10-10_W4-4,10,10,4,4,WOTS,verify,3,1714222,1.714222000,1,9187,64,8110,RPI5_Heterogeneous_XMSSMT_2026-09-18/07_w_heterogeneity/HET20D2_H10-10_W4-4_RUN01/XMSSMT_FAST_XMSSMT-SHA2_20_2_256_HET20D2_H10-10_W4-4_RUN01_operations_instrumented.csv
H10-10_W4-4,10,10,4,4,WOTS,sign,4,5894815,5.894815000,,9187,64,8110,RPI5_Heterogeneous_XMSSMT_2026-09-18/07_w_heterogeneity/HET20D2_H10-10_W4-4_RUN01/XMSSMT_FAST_XMSSMT-SHA2_20_2_256_HET20D2_H10-10_W4-4_RUN01_operations_instrumented.csv
H10-10_W4-4,10,10,4,4,WOTS,verify,4,1732167,1.732167000,1,9187,64,8110,RPI5_Heterogeneous_XMSSMT_2026-09-18/07_w_heterogeneity/HET20D2_H10-10_W4-4_RUN01/XMSSMT_FAST_XMSSMT-SHA2_20_2_256_HET20D2_H10-10_W4-4_RUN01_operations_instrumented.csv
H10-10_W4-4,10,10,4,4,WOTS,sign,5,3234703,3.234703000,,9187,64,8110,RPI5_Heterogeneous_XMSSMT_2026-09-18/07_w_heterogeneity/HET20D2_H10-10_W4-4_RUN01/XMSSMT_FAST_XMSSMT-SHA2_20_2_256_HET20D2_H10-10_W4-4_RUN01_operations_instrumented.csv
H10-10_W4-4,10,10,4,4,WOTS,verify,5,1689334,1.689334000,1,9187,64,8110,RPI5_Heterogeneous_XMSSMT_2026-09-18/07_w_heterogeneity/HET20D2_H10-10_W4-4_RUN01/XMSSMT_FAST_XMSSMT-SHA2_20_2_256_HET20D2_H10-10_W4-4_RUN01_operations_instrumented.csv
H10-10_W4-4,10,10,4,4,WOTS,sign,6,3206333,3.206333000,,9187,64,8110,RPI5_Heterogeneous_XMSSMT_2026-09-18/07_w_heterogeneity/HET20D2_H10-10_W4-4_RUN01/XMSSMT_FAST_XMSSMT-SHA2_20_2_256_HET20D2_H10-10_W4-4_RUN01_operations_instrumented.csv
H10-10_W4-4,10,10,4,4,WOTS,verify,6,1724537,1.724537000,1,9187,64,8110,RPI5_Heterogeneous_XMSSMT_2026-09-18/07_w_heterogeneity/HET20D2_H10-10_W4-4_RUN01/XMSSMT_FAST_XMSSMT-SHA2_20_2_256_HET20D2_H10-10_W4-4_RUN01_operations_instrumented.csv
H10-10_W4-4,10,10,4,4,WOTS,sign,7,3241259,3.241259000,,9187,64,8110,RPI5_Heterogeneous_XMSSMT_2026-09-18/07_w_heterogeneity/HET20D2_H10-10_W4-4_RUN01/XMSSMT_FAST_XMSSMT-SHA2_20_2_256_HET20D2_H10-10_W4-4_RUN01_operations_instrumented.csv
H10-10_W4-4,10,10,4,4,WOTS,verify,7,1679408,1.679408000,1,9187,64,8110,RPI5_Heterogeneous_XMSSMT_2026-09-18/07_w_heterogeneity/HET20D2_H10-10_W4-4_RUN01/XMSSMT_FAST_XMSSMT-SHA2_20_2_256_HET20D2_H10-10_W4-4_RUN01_operations_instrumented.csv
H10-10_W4-4,10,10,4,4,WOTS,sign,8,8652648,8.652648000,,9187,64,8110,RPI5_Heterogeneous_XMSSMT_2026-09-18/07_w_heterogeneity/HET20D2_H10-10_W4-4_RUN01/XMSSMT_FAST_XMSSMT-SHA2_20_2_256_HET20D2_H10-10_W4-4_RUN01_operations_instrumented.csv
H10-10_W4-4,10,10,4,4,WOTS,verify,8,1662370,1.662370000,1,9187,64,8110,RPI5_Heterogeneous_XMSSMT_2026-09-18/07_w_heterogeneity/HET20D2_H10-10_W4-4_RUN01/XMSSMT_FAST_XMSSMT-SHA2_20_2_256_HET20D2_H10-10_W4-4_RUN01_operations_instrumented.csv
H10-10_W4-4,10,10,4,4,WOTS,sign,9,5900722,5.900722000,,9187,64,8110,RPI5_Heterogeneous_XMSSMT_2026-09-18/07_w_heterogeneity/HET20D2_H10-10_W4-4_RUN01/XMSSMT_FAST_XMSSMT-SHA2_20_2_256_HET20D2_H10-10_W4-4_RUN01_operations_instrumented.csv
H10-10_W4-4,10,10,4,4,WOTS,verify,9,1716963,1.716963000,1,9187,64,8110,RPI5_Heterogeneous_XMSSMT_2026-09-18/07_w_heterogeneity/HET20D2_H10-10_W4-4_RUN01/XMSSMT_FAST_XMSSMT-SHA2_20_2_256_HET20D2_H10-10_W4-4_RUN01_operations_instrumented.csv
H10-10_W4-4,10,10,4,4,WOTS,sign,10,3178907,3.178907000,,9187,64,8110,RPI5_Heterogeneous_XMSSMT_2026-09-18/07_w_heterogeneity/HET20D2_H10-10_W4-4_RUN01/XMSSMT_FAST_XMSSMT-SHA2_20_2_256_HET20D2_H10-10_W4-4_RUN01_operations_instrumented.csv
H10-10_W4-4,10,10,4,4,WOTS,verify,10,1757648,1.757648000,1,9187,64,8110,RPI5_Heterogeneous_XMSSMT_2026-09-18/07_w_heterogeneity/HET20D2_H10-10_W4-4_RUN01/XMSSMT_FAST_XMSSMT-SHA2_20_2_256_HET20D2_H10-10_W4-4_RUN01_operations_instrumented.csv
H10-10_W4-4,10,10,4,4,WOTS,sign,1,3178148,3.178148000,,9187,64,8110,RPI5_Heterogeneous_XMSSMT_2026-09-18/07_w_heterogeneity/HET20D2_H10-10_W4-4_RUN01/XMSSMT_FAST_XMSSMT-SHA2_20_2_256_HET20D2_H10-10_W4-4_RUN01_operations_instrumented.csv
H10-10_W4-4,10,10,4,4,WOTS,verify,1,1724611,1.724611000,1,9187,64,8110,RPI5_Heterogeneous_XMSSMT_2026-09-18/07_w_heterogeneity/HET20D2_H10-10_W4-4_RUN01/XMSSMT_FAST_XMSSMT-SHA2_20_2_256_HET20D2_H10-10_W4-4_RUN01_operations_instrumented.csv
H10-10_W4-4,10,10,4,4,WOTS,sign,2,3207259,3.207259000,,9187,64,8110,RPI5_Heterogeneous_XMSSMT_2026-09-18/07_w_heterogeneity/HET20D2_H10-10_W4-4_RUN01/XMSSMT_FAST_XMSSMT-SHA2_20_2_256_HET20D2_H10-10_W4-4_RUN01_operations_instrumented.csv
H10-10_W4-4,10,10,4,4,WOTS,verify,2,1692963,1.692963000,1,9187,64,8110,RPI5_Heterogeneous_XMSSMT_2026-09-18/07_w_heterogeneity/HET20D2_H10-10_W4-4_RUN01/XMSSMT_FAST_XMSSMT-SHA2_20_2_256_HET20D2_H10-10_W4-4_RUN01_operations_instrumented.csv
H10-10_W4-4,10,10,4,4,WOTS,sign,3,3202722,3.202722000,,9187,64,8110,RPI5_Heterogeneous_XMSSMT_2026-09-18/07_w_heterogeneity/HET20D2_H10-10_W4-4_RUN01/XMSSMT_FAST_XMSSMT-SHA2_20_2_256_HET20D2_H10-10_W4-4_RUN01_operations_instrumented.csv
H10-10_W4-4,10,10,4,4,WOTS,verify,3,1691426,1.691426000,1,9187,64,8110,RPI5_Heterogeneous_XMSSMT_2026-09-18/07_w_heterogeneity/HET20D2_H10-10_W4-4_RUN01/XMSSMT_FAST_XMSSMT-SHA2_20_2_256_HET20D2_H10-10_W4-4_RUN01_operations_instrumented.csv
H10-10_W4-4,10,10,4,4,WOTS,sign,4,5932167,5.932167000,,9187,64,8110,RPI5_Heterogeneous_XMSSMT_2026-09-18/07_w_heterogeneity/HET20D2_H10-10_W4-4_RUN01/XMSSMT_FAST_XMSSMT-SHA2_20_2_256_HET20D2_H10-10_W4-4_RUN01_operations_instrumented.csv
H10-10_W4-4,10,10,4,4,WOTS,verify,4,1659130,1.659130000,1,9187,64,8110,RPI5_Heterogeneous_XMSSMT_2026-09-18/07_w_heterogeneity/HET20D2_H10-10_W4-4_RUN01/XMSSMT_FAST_XMSSMT-SHA2_20_2_256_HET20D2_H10-10_W4-4_RUN01_operations_instrumented.csv
H10-10_W4-4,10,10,4,4,WOTS,sign,5,3204908,3.204908000,,9187,64,8110,RPI5_Heterogeneous_XMSSMT_2026-09-18/07_w_heterogeneity/HET20D2_H10-10_W4-4_RUN01/XMSSMT_FAST_XMSSMT-SHA2_20_2_256_HET20D2_H10-10_W4-4_RUN01_operations_instrumented.csv
H10-10_W4-4,10,10,4,4,WOTS,verify,5,1687518,1.687518000,1,9187,64,8110,RPI5_Heterogeneous_XMSSMT_2026-09-18/07_w_heterogeneity/HET20D2_H10-10_W4-4_RUN01/XMSSMT_FAST_XMSSMT-SHA2_20_2_256_HET20D2_H10-10_W4-4_RUN01_operations_instrumented.csv
H10-10_W4-4,10,10,4,4,WOTS,sign,6,3246760,3.246760000,,9187,64,8110,RPI5_Heterogeneous_XMSSMT_2026-09-18/07_w_heterogeneity/HET20D2_H10-10_W4-4_RUN01/XMSSMT_FAST_XMSSMT-SHA2_20_2_256_HET20D2_H10-10_W4-4_RUN01_operations_instrumented.csv
H10-10_W4-4,10,10,4,4,WOTS,verify,6,1654944,1.654944000,1,9187,64,8110,RPI5_Heterogeneous_XMSSMT_2026-09-18/07_w_heterogeneity/HET20D2_H10-10_W4-4_RUN01/XMSSMT_FAST_XMSSMT-SHA2_20_2_256_HET20D2_H10-10_W4-4_RUN01_operations_instrumented.csv
H10-10_W4-4,10,10,4,4,WOTS,sign,7,3243481,3.243481000,,9187,64,8110,RPI5_Heterogeneous_XMSSMT_2026-09-18/07_w_heterogeneity/HET20D2_H10-10_W4-4_RUN01/XMSSMT_FAST_XMSSMT-SHA2_20_2_256_HET20D2_H10-10_W4-4_RUN01_operations_instrumented.csv
H10-10_W4-4,10,10,4,4,WOTS,verify,7,1647704,1.647704000,1,9187,64,8110,RPI5_Heterogeneous_XMSSMT_2026-09-18/07_w_heterogeneity/HET20D2_H10-10_W4-4_RUN01/XMSSMT_FAST_XMSSMT-SHA2_20_2_256_HET20D2_H10-10_W4-4_RUN01_operations_instrumented.csv
H10-10_W4-4,10,10,4,4,WOTS,sign,8,8577037,8.577037000,,9187,64,8110,RPI5_Heterogeneous_XMSSMT_2026-09-18/07_w_heterogeneity/HET20D2_H10-10_W4-4_RUN01/XMSSMT_FAST_XMSSMT-SHA2_20_2_256_HET20D2_H10-10_W4-4_RUN01_operations_instrumented.csv
H10-10_W4-4,10,10,4,4,WOTS,verify,8,1713556,1.713556000,1,9187,64,8110,RPI5_Heterogeneous_XMSSMT_2026-09-18/07_w_heterogeneity/HET20D2_H10-10_W4-4_RUN01/XMSSMT_FAST_XMSSMT-SHA2_20_2_256_HET20D2_H10-10_W4-4_RUN01_operations_instrumented.csv
H10-10_W4-4,10,10,4,4,WOTS,sign,9,5913352,5.913352000,,9187,64,8110,RPI5_Heterogeneous_XMSSMT_2026-09-18/07_w_heterogeneity/HET20D2_H10-10_W4-4_RUN01/XMSSMT_FAST_XMSSMT-SHA2_20_2_256_HET20D2_H10-10_W4-4_RUN01_operations_instrumented.csv
H10-10_W4-4,10,10,4,4,WOTS,verify,9,1677981,1.677981000,1,9187,64,8110,RPI5_Heterogeneous_XMSSMT_2026-09-18/07_w_heterogeneity/HET20D2_H10-10_W4-4_RUN01/XMSSMT_FAST_XMSSMT-SHA2_20_2_256_HET20D2_H10-10_W4-4_RUN01_operations_instrumented.csv
H10-10_W4-4,10,10,4,4,WOTS,sign,10,3245370,3.245370000,,9187,64,8110,RPI5_Heterogeneous_XMSSMT_2026-09-18/07_w_heterogeneity/HET20D2_H10-10_W4-4_RUN01/XMSSMT_FAST_XMSSMT-SHA2_20_2_256_HET20D2_H10-10_W4-4_RUN01_operations_instrumented.csv
H10-10_W4-4,10,10,4,4,WOTS,verify,10,1653277,1.653277000,1,9187,64,8110,RPI5_Heterogeneous_XMSSMT_2026-09-18/07_w_heterogeneity/HET20D2_H10-10_W4-4_RUN01/XMSSMT_FAST_XMSSMT-SHA2_20_2_256_HET20D2_H10-10_W4-4_RUN01_operations_instrumented.csv
H8-12_W16-16,8,12,16,16,HEIGHT,keygen,0,11481587956,11481.587956000,,4963,64,5758,RPI5_Heterogeneous_XMSSMT_2026-09-18/08_height_heterogeneity/FINAL_BENCHMARK_FREEZE/H8-12/RUN01/operations.csv
H8-12_W16-16,8,12,16,16,HEIGHT,keygen,1,11500685956,11500.685956000,,4963,64,5758,RPI5_Heterogeneous_XMSSMT_2026-09-18/08_height_heterogeneity/FINAL_BENCHMARK_FREEZE/H8-12/RUN01/operations.csv
H8-12_W16-16,8,12,16,16,HEIGHT,keygen,2,11503652789,11503.652789000,,4963,64,5758,RPI5_Heterogeneous_XMSSMT_2026-09-18/08_height_heterogeneity/FINAL_BENCHMARK_FREEZE/H8-12/RUN01/operations.csv
H8-12_W16-16,8,12,16,16,HEIGHT,keygen,3,11505552289,11505.552289000,,4963,64,5758,RPI5_Heterogeneous_XMSSMT_2026-09-18/08_height_heterogeneity/FINAL_BENCHMARK_FREEZE/H8-12/RUN01/operations.csv
H8-12_W16-16,8,12,16,16,HEIGHT,keygen,4,11502997178,11502.997178000,,4963,64,5758,RPI5_Heterogeneous_XMSSMT_2026-09-18/08_height_heterogeneity/FINAL_BENCHMARK_FREEZE/H8-12/RUN01/operations.csv
H8-12_W16-16,8,12,16,16,HEIGHT,keygen,5,11500793864,11500.793864000,,4963,64,5758,RPI5_Heterogeneous_XMSSMT_2026-09-18/08_height_heterogeneity/FINAL_BENCHMARK_FREEZE/H8-12/RUN01/operations.csv
H8-12_W16-16,8,12,16,16,HEIGHT,keygen,6,11503686993,11503.686993000,,4963,64,5758,RPI5_Heterogeneous_XMSSMT_2026-09-18/08_height_heterogeneity/FINAL_BENCHMARK_FREEZE/H8-12/RUN01/operations.csv
H8-12_W16-16,8,12,16,16,HEIGHT,keygen,7,11507934327,11507.934327000,,4963,64,5758,RPI5_Heterogeneous_XMSSMT_2026-09-18/08_height_heterogeneity/FINAL_BENCHMARK_FREEZE/H8-12/RUN01/operations.csv
H8-12_W16-16,8,12,16,16,HEIGHT,keygen,8,11500197623,11500.197623000,,4963,64,5758,RPI5_Heterogeneous_XMSSMT_2026-09-18/08_height_heterogeneity/FINAL_BENCHMARK_FREEZE/H8-12/RUN01/operations.csv
H8-12_W16-16,8,12,16,16,HEIGHT,keygen,9,11505775567,11505.775567000,,4963,64,5758,RPI5_Heterogeneous_XMSSMT_2026-09-18/08_height_heterogeneity/FINAL_BENCHMARK_FREEZE/H8-12/RUN01/operations.csv
H8-12_W16-16,8,12,16,16,HEIGHT,sign,0,6370426,6.370426000,,4963,64,5758,RPI5_Heterogeneous_XMSSMT_2026-09-18/08_height_heterogeneity/FINAL_BENCHMARK_FREEZE/H8-12/RUN01/operations.csv
H8-12_W16-16,8,12,16,16,HEIGHT,verify,0,2931611,2.931611000,1,4963,64,5758,RPI5_Heterogeneous_XMSSMT_2026-09-18/08_height_heterogeneity/FINAL_BENCHMARK_FREEZE/H8-12/RUN01/operations.csv
H8-12_W16-16,8,12,16,16,HEIGHT,sign,1,6564889,6.564889000,,4963,64,5758,RPI5_Heterogeneous_XMSSMT_2026-09-18/08_height_heterogeneity/FINAL_BENCHMARK_FREEZE/H8-12/RUN01/operations.csv
H8-12_W16-16,8,12,16,16,HEIGHT,verify,1,2746111,2.746111000,1,4963,64,5758,RPI5_Heterogeneous_XMSSMT_2026-09-18/08_height_heterogeneity/FINAL_BENCHMARK_FREEZE/H8-12/RUN01/operations.csv
H8-12_W16-16,8,12,16,16,HEIGHT,sign,2,6210667,6.210667000,,4963,64,5758,RPI5_Heterogeneous_XMSSMT_2026-09-18/08_height_heterogeneity/FINAL_BENCHMARK_FREEZE/H8-12/RUN01/operations.csv
H8-12_W16-16,8,12,16,16,HEIGHT,verify,2,3097778,3.097778000,1,4963,64,5758,RPI5_Heterogeneous_XMSSMT_2026-09-18/08_height_heterogeneity/FINAL_BENCHMARK_FREEZE/H8-12/RUN01/operations.csv
H8-12_W16-16,8,12,16,16,HEIGHT,sign,3,11755926,11.755926000,,4963,64,5758,RPI5_Heterogeneous_XMSSMT_2026-09-18/08_height_heterogeneity/FINAL_BENCHMARK_FREEZE/H8-12/RUN01/operations.csv
H8-12_W16-16,8,12,16,16,HEIGHT,verify,3,2815815,2.815815000,1,4963,64,5758,RPI5_Heterogeneous_XMSSMT_2026-09-18/08_height_heterogeneity/FINAL_BENCHMARK_FREEZE/H8-12/RUN01/operations.csv
H8-12_W16-16,8,12,16,16,HEIGHT,sign,4,6481574,6.481574000,,4963,64,5758,RPI5_Heterogeneous_XMSSMT_2026-09-18/08_height_heterogeneity/FINAL_BENCHMARK_FREEZE/H8-12/RUN01/operations.csv
H8-12_W16-16,8,12,16,16,HEIGHT,verify,4,2815889,2.815889000,1,4963,64,5758,RPI5_Heterogeneous_XMSSMT_2026-09-18/08_height_heterogeneity/FINAL_BENCHMARK_FREEZE/H8-12/RUN01/operations.csv
H8-12_W16-16,8,12,16,16,HEIGHT,sign,5,6550797,6.550797000,,4963,64,5758,RPI5_Heterogeneous_XMSSMT_2026-09-18/08_height_heterogeneity/FINAL_BENCHMARK_FREEZE/H8-12/RUN01/operations.csv
H8-12_W16-16,8,12,16,16,HEIGHT,verify,5,2748296,2.748296000,1,4963,64,5758,RPI5_Heterogeneous_XMSSMT_2026-09-18/08_height_heterogeneity/FINAL_BENCHMARK_FREEZE/H8-12/RUN01/operations.csv
H8-12_W16-16,8,12,16,16,HEIGHT,sign,6,6344482,6.344482000,,4963,64,5758,RPI5_Heterogeneous_XMSSMT_2026-09-18/08_height_heterogeneity/FINAL_BENCHMARK_FREEZE/H8-12/RUN01/operations.csv
H8-12_W16-16,8,12,16,16,HEIGHT,verify,6,2955444,2.955444000,1,4963,64,5758,RPI5_Heterogeneous_XMSSMT_2026-09-18/08_height_heterogeneity/FINAL_BENCHMARK_FREEZE/H8-12/RUN01/operations.csv
H8-12_W16-16,8,12,16,16,HEIGHT,sign,7,14352037,14.352037000,,4963,64,5758,RPI5_Heterogeneous_XMSSMT_2026-09-18/08_height_heterogeneity/FINAL_BENCHMARK_FREEZE/H8-12/RUN01/operations.csv
H8-12_W16-16,8,12,16,16,HEIGHT,verify,7,2855426,2.855426000,1,4963,64,5758,RPI5_Heterogeneous_XMSSMT_2026-09-18/08_height_heterogeneity/FINAL_BENCHMARK_FREEZE/H8-12/RUN01/operations.csv
H8-12_W16-16,8,12,16,16,HEIGHT,sign,8,14595778,14.595778000,,4963,64,5758,RPI5_Heterogeneous_XMSSMT_2026-09-18/08_height_heterogeneity/FINAL_BENCHMARK_FREEZE/H8-12/RUN01/operations.csv
H8-12_W16-16,8,12,16,16,HEIGHT,verify,8,2731741,2.731741000,1,4963,64,5758,RPI5_Heterogeneous_XMSSMT_2026-09-18/08_height_heterogeneity/FINAL_BENCHMARK_FREEZE/H8-12/RUN01/operations.csv
H8-12_W16-16,8,12,16,16,HEIGHT,sign,9,6579333,6.579333000,,4963,64,5758,RPI5_Heterogeneous_XMSSMT_2026-09-18/08_height_heterogeneity/FINAL_BENCHMARK_FREEZE/H8-12/RUN01/operations.csv
H8-12_W16-16,8,12,16,16,HEIGHT,verify,9,2797685,2.797685000,1,4963,64,5758,RPI5_Heterogeneous_XMSSMT_2026-09-18/08_height_heterogeneity/FINAL_BENCHMARK_FREEZE/H8-12/RUN01/operations.csv
H8-12_W16-16,8,12,16,16,HEIGHT,sign,10,6380648,6.380648000,,4963,64,5758,RPI5_Heterogeneous_XMSSMT_2026-09-18/08_height_heterogeneity/FINAL_BENCHMARK_FREEZE/H8-12/RUN01/operations.csv
H8-12_W16-16,8,12,16,16,HEIGHT,verify,10,2972019,2.972019000,1,4963,64,5758,RPI5_Heterogeneous_XMSSMT_2026-09-18/08_height_heterogeneity/FINAL_BENCHMARK_FREEZE/H8-12/RUN01/operations.csv
H8-12_W16-16,8,12,16,16,HEIGHT,sign,11,11708759,11.708759000,,4963,64,5758,RPI5_Heterogeneous_XMSSMT_2026-09-18/08_height_heterogeneity/FINAL_BENCHMARK_FREEZE/H8-12/RUN01/operations.csv
H8-12_W16-16,8,12,16,16,HEIGHT,verify,11,2936223,2.936223000,1,4963,64,5758,RPI5_Heterogeneous_XMSSMT_2026-09-18/08_height_heterogeneity/FINAL_BENCHMARK_FREEZE/H8-12/RUN01/operations.csv
H8-12_W16-16,8,12,16,16,HEIGHT,sign,12,6650148,6.650148000,,4963,64,5758,RPI5_Heterogeneous_XMSSMT_2026-09-18/08_height_heterogeneity/FINAL_BENCHMARK_FREEZE/H8-12/RUN01/operations.csv
H8-12_W16-16,8,12,16,16,HEIGHT,verify,12,2692963,2.692963000,1,4963,64,5758,RPI5_Heterogeneous_XMSSMT_2026-09-18/08_height_heterogeneity/FINAL_BENCHMARK_FREEZE/H8-12/RUN01/operations.csv
H8-12_W16-16,8,12,16,16,HEIGHT,sign,13,6562037,6.562037000,,4963,64,5758,RPI5_Heterogeneous_XMSSMT_2026-09-18/08_height_heterogeneity/FINAL_BENCHMARK_FREEZE/H8-12/RUN01/operations.csv
H8-12_W16-16,8,12,16,16,HEIGHT,verify,13,2796019,2.796019000,1,4963,64,5758,RPI5_Heterogeneous_XMSSMT_2026-09-18/08_height_heterogeneity/FINAL_BENCHMARK_FREEZE/H8-12/RUN01/operations.csv
H8-12_W16-16,8,12,16,16,HEIGHT,sign,14,6553111,6.553111000,,4963,64,5758,RPI5_Heterogeneous_XMSSMT_2026-09-18/08_height_heterogeneity/FINAL_BENCHMARK_FREEZE/H8-12/RUN01/operations.csv
H8-12_W16-16,8,12,16,16,HEIGHT,verify,14,2795981,2.795981000,1,4963,64,5758,RPI5_Heterogeneous_XMSSMT_2026-09-18/08_height_heterogeneity/FINAL_BENCHMARK_FREEZE/H8-12/RUN01/operations.csv
H8-12_W16-16,8,12,16,16,HEIGHT,sign,15,14521186,14.521186000,,4963,64,5758,RPI5_Heterogeneous_XMSSMT_2026-09-18/08_height_heterogeneity/FINAL_BENCHMARK_FREEZE/H8-12/RUN01/operations.csv
H8-12_W16-16,8,12,16,16,HEIGHT,verify,15,2801944,2.801944000,1,4963,64,5758,RPI5_Heterogeneous_XMSSMT_2026-09-18/08_height_heterogeneity/FINAL_BENCHMARK_FREEZE/H8-12/RUN01/operations.csv
H8-12_W16-16,8,12,16,16,HEIGHT,sign,16,17188981,17.188981000,,4963,64,5758,RPI5_Heterogeneous_XMSSMT_2026-09-18/08_height_heterogeneity/FINAL_BENCHMARK_FREEZE/H8-12/RUN01/operations.csv
H8-12_W16-16,8,12,16,16,HEIGHT,verify,16,2760500,2.760500000,1,4963,64,5758,RPI5_Heterogeneous_XMSSMT_2026-09-18/08_height_heterogeneity/FINAL_BENCHMARK_FREEZE/H8-12/RUN01/operations.csv
H8-12_W16-16,8,12,16,16,HEIGHT,sign,17,14344260,14.344260000,,4963,64,5758,RPI5_Heterogeneous_XMSSMT_2026-09-18/08_height_heterogeneity/FINAL_BENCHMARK_FREEZE/H8-12/RUN01/operations.csv
H8-12_W16-16,8,12,16,16,HEIGHT,verify,17,2935463,2.935463000,1,4963,64,5758,RPI5_Heterogeneous_XMSSMT_2026-09-18/08_height_heterogeneity/FINAL_BENCHMARK_FREEZE/H8-12/RUN01/operations.csv
H8-12_W16-16,8,12,16,16,HEIGHT,sign,18,16897463,16.897463000,,4963,64,5758,RPI5_Heterogeneous_XMSSMT_2026-09-18/08_height_heterogeneity/FINAL_BENCHMARK_FREEZE/H8-12/RUN01/operations.csv
H8-12_W16-16,8,12,16,16,HEIGHT,verify,18,3005629,3.005629000,1,4963,64,5758,RPI5_Heterogeneous_XMSSMT_2026-09-18/08_height_heterogeneity/FINAL_BENCHMARK_FREEZE/H8-12/RUN01/operations.csv
H8-12_W16-16,8,12,16,16,HEIGHT,sign,19,11841093,11.841093000,,4963,64,5758,RPI5_Heterogeneous_XMSSMT_2026-09-18/08_height_heterogeneity/FINAL_BENCHMARK_FREEZE/H8-12/RUN01/operations.csv
H8-12_W16-16,8,12,16,16,HEIGHT,verify,19,2793852,2.793852000,1,4963,64,5758,RPI5_Heterogeneous_XMSSMT_2026-09-18/08_height_heterogeneity/FINAL_BENCHMARK_FREEZE/H8-12/RUN01/operations.csv
H8-12_W16-16,8,12,16,16,HEIGHT,sign,20,6552926,6.552926000,,4963,64,5758,RPI5_Heterogeneous_XMSSMT_2026-09-18/08_height_heterogeneity/FINAL_BENCHMARK_FREEZE/H8-12/RUN01/operations.csv
H8-12_W16-16,8,12,16,16,HEIGHT,verify,20,2794722,2.794722000,1,4963,64,5758,RPI5_Heterogeneous_XMSSMT_2026-09-18/08_height_heterogeneity/FINAL_BENCHMARK_FREEZE/H8-12/RUN01/operations.csv
H8-12_W16-16,8,12,16,16,HEIGHT,sign,21,6559815,6.559815000,,4963,64,5758,RPI5_Heterogeneous_XMSSMT_2026-09-18/08_height_heterogeneity/FINAL_BENCHMARK_FREEZE/H8-12/RUN01/operations.csv
H8-12_W16-16,8,12,16,16,HEIGHT,verify,21,2789518,2.789518000,1,4963,64,5758,RPI5_Heterogeneous_XMSSMT_2026-09-18/08_height_heterogeneity/FINAL_BENCHMARK_FREEZE/H8-12/RUN01/operations.csv
H8-12_W16-16,8,12,16,16,HEIGHT,sign,22,6548537,6.548537000,,4963,64,5758,RPI5_Heterogeneous_XMSSMT_2026-09-18/08_height_heterogeneity/FINAL_BENCHMARK_FREEZE/H8-12/RUN01/operations.csv
H8-12_W16-16,8,12,16,16,HEIGHT,verify,22,2843389,2.843389000,1,4963,64,5758,RPI5_Heterogeneous_XMSSMT_2026-09-18/08_height_heterogeneity/FINAL_BENCHMARK_FREEZE/H8-12/RUN01/operations.csv
H8-12_W16-16,8,12,16,16,HEIGHT,sign,23,14462945,14.462945000,,4963,64,5758,RPI5_Heterogeneous_XMSSMT_2026-09-18/08_height_heterogeneity/FINAL_BENCHMARK_FREEZE/H8-12/RUN01/operations.csv
H8-12_W16-16,8,12,16,16,HEIGHT,verify,23,2792241,2.792241000,1,4963,64,5758,RPI5_Heterogeneous_XMSSMT_2026-09-18/08_height_heterogeneity/FINAL_BENCHMARK_FREEZE/H8-12/RUN01/operations.csv
H8-12_W16-16,8,12,16,16,HEIGHT,sign,24,14543445,14.543445000,,4963,64,5758,RPI5_Heterogeneous_XMSSMT_2026-09-18/08_height_heterogeneity/FINAL_BENCHMARK_FREEZE/H8-12/RUN01/operations.csv
H8-12_W16-16,8,12,16,16,HEIGHT,verify,24,2717740,2.717740000,1,4963,64,5758,RPI5_Heterogeneous_XMSSMT_2026-09-18/08_height_heterogeneity/FINAL_BENCHMARK_FREEZE/H8-12/RUN01/operations.csv
H8-12_W16-16,8,12,16,16,HEIGHT,sign,25,6383370,6.383370000,,4963,64,5758,RPI5_Heterogeneous_XMSSMT_2026-09-18/08_height_heterogeneity/FINAL_BENCHMARK_FREEZE/H8-12/RUN01/operations.csv
H8-12_W16-16,8,12,16,16,HEIGHT,verify,25,2968445,2.968445000,1,4963,64,5758,RPI5_Heterogeneous_XMSSMT_2026-09-18/08_height_heterogeneity/FINAL_BENCHMARK_FREEZE/H8-12/RUN01/operations.csv
H8-12_W16-16,8,12,16,16,HEIGHT,sign,26,6681778,6.681778000,,4963,64,5758,RPI5_Heterogeneous_XMSSMT_2026-09-18/08_height_heterogeneity/FINAL_BENCHMARK_FREEZE/H8-12/RUN01/operations.csv
H8-12_W16-16,8,12,16,16,HEIGHT,verify,26,2656315,2.656315000,1,4963,64,5758,RPI5_Heterogeneous_XMSSMT_2026-09-18/08_height_heterogeneity/FINAL_BENCHMARK_FREEZE/H8-12/RUN01/operations.csv
H8-12_W16-16,8,12,16,16,HEIGHT,sign,27,11721037,11.721037000,,4963,64,5758,RPI5_Heterogeneous_XMSSMT_2026-09-18/08_height_heterogeneity/FINAL_BENCHMARK_FREEZE/H8-12/RUN01/operations.csv
H8-12_W16-16,8,12,16,16,HEIGHT,verify,27,2944704,2.944704000,1,4963,64,5758,RPI5_Heterogeneous_XMSSMT_2026-09-18/08_height_heterogeneity/FINAL_BENCHMARK_FREEZE/H8-12/RUN01/operations.csv
H8-12_W16-16,8,12,16,16,HEIGHT,sign,28,6582334,6.582334000,,4963,64,5758,RPI5_Heterogeneous_XMSSMT_2026-09-18/08_height_heterogeneity/FINAL_BENCHMARK_FREEZE/H8-12/RUN01/operations.csv
H8-12_W16-16,8,12,16,16,HEIGHT,verify,28,2754519,2.754519000,1,4963,64,5758,RPI5_Heterogeneous_XMSSMT_2026-09-18/08_height_heterogeneity/FINAL_BENCHMARK_FREEZE/H8-12/RUN01/operations.csv
H8-12_W16-16,8,12,16,16,HEIGHT,sign,29,6372871,6.372871000,,4963,64,5758,RPI5_Heterogeneous_XMSSMT_2026-09-18/08_height_heterogeneity/FINAL_BENCHMARK_FREEZE/H8-12/RUN01/operations.csv
H8-12_W16-16,8,12,16,16,HEIGHT,verify,29,2966907,2.966907000,1,4963,64,5758,RPI5_Heterogeneous_XMSSMT_2026-09-18/08_height_heterogeneity/FINAL_BENCHMARK_FREEZE/H8-12/RUN01/operations.csv
H8-12_W16-16,8,12,16,16,HEIGHT,sign,30,6510204,6.510204000,,4963,64,5758,RPI5_Heterogeneous_XMSSMT_2026-09-18/08_height_heterogeneity/FINAL_BENCHMARK_FREEZE/H8-12/RUN01/operations.csv
H8-12_W16-16,8,12,16,16,HEIGHT,verify,30,2825037,2.825037000,1,4963,64,5758,RPI5_Heterogeneous_XMSSMT_2026-09-18/08_height_heterogeneity/FINAL_BENCHMARK_FREEZE/H8-12/RUN01/operations.csv
H8-12_W16-16,8,12,16,16,HEIGHT,sign,31,14436611,14.436611000,,4963,64,5758,RPI5_Heterogeneous_XMSSMT_2026-09-18/08_height_heterogeneity/FINAL_BENCHMARK_FREEZE/H8-12/RUN01/operations.csv
H8-12_W16-16,8,12,16,16,HEIGHT,verify,31,2744889,2.744889000,1,4963,64,5758,RPI5_Heterogeneous_XMSSMT_2026-09-18/08_height_heterogeneity/FINAL_BENCHMARK_FREEZE/H8-12/RUN01/operations.csv
H8-12_W16-16,8,12,16,16,HEIGHT,sign,32,17094352,17.094352000,,4963,64,5758,RPI5_Heterogeneous_XMSSMT_2026-09-18/08_height_heterogeneity/FINAL_BENCHMARK_FREEZE/H8-12/RUN01/operations.csv
H8-12_W16-16,8,12,16,16,HEIGHT,verify,32,2706241,2.706241000,1,4963,64,5758,RPI5_Heterogeneous_XMSSMT_2026-09-18/08_height_heterogeneity/FINAL_BENCHMARK_FREEZE/H8-12/RUN01/operations.csv
H8-12_W16-16,8,12,16,16,HEIGHT,sign,33,14317555,14.317555000,,4963,64,5758,RPI5_Heterogeneous_XMSSMT_2026-09-18/08_height_heterogeneity/FINAL_BENCHMARK_FREEZE/H8-12/RUN01/operations.csv
H8-12_W16-16,8,12,16,16,HEIGHT,verify,33,2850852,2.850852000,1,4963,64,5758,RPI5_Heterogeneous_XMSSMT_2026-09-18/08_height_heterogeneity/FINAL_BENCHMARK_FREEZE/H8-12/RUN01/operations.csv
H8-12_W16-16,8,12,16,16,HEIGHT,sign,34,17099629,17.099629000,,4963,64,5758,RPI5_Heterogeneous_XMSSMT_2026-09-18/08_height_heterogeneity/FINAL_BENCHMARK_FREEZE/H8-12/RUN01/operations.csv
H8-12_W16-16,8,12,16,16,HEIGHT,verify,34,2708833,2.708833000,1,4963,64,5758,RPI5_Heterogeneous_XMSSMT_2026-09-18/08_height_heterogeneity/FINAL_BENCHMARK_FREEZE/H8-12/RUN01/operations.csv
H8-12_W16-16,8,12,16,16,HEIGHT,sign,35,14335537,14.335537000,,4963,64,5758,RPI5_Heterogeneous_XMSSMT_2026-09-18/08_height_heterogeneity/FINAL_BENCHMARK_FREEZE/H8-12/RUN01/operations.csv
H8-12_W16-16,8,12,16,16,HEIGHT,verify,35,2807444,2.807444000,1,4963,64,5758,RPI5_Heterogeneous_XMSSMT_2026-09-18/08_height_heterogeneity/FINAL_BENCHMARK_FREEZE/H8-12/RUN01/operations.csv
H8-12_W16-16,8,12,16,16,HEIGHT,sign,36,16967278,16.967278000,,4963,64,5758,RPI5_Heterogeneous_XMSSMT_2026-09-18/08_height_heterogeneity/FINAL_BENCHMARK_FREEZE/H8-12/RUN01/operations.csv
H8-12_W16-16,8,12,16,16,HEIGHT,verify,36,2853352,2.853352000,1,4963,64,5758,RPI5_Heterogeneous_XMSSMT_2026-09-18/08_height_heterogeneity/FINAL_BENCHMARK_FREEZE/H8-12/RUN01/operations.csv
H8-12_W16-16,8,12,16,16,HEIGHT,sign,37,14375796,14.375796000,,4963,64,5758,RPI5_Heterogeneous_XMSSMT_2026-09-18/08_height_heterogeneity/FINAL_BENCHMARK_FREEZE/H8-12/RUN01/operations.csv
H8-12_W16-16,8,12,16,16,HEIGHT,verify,37,2814963,2.814963000,1,4963,64,5758,RPI5_Heterogeneous_XMSSMT_2026-09-18/08_height_heterogeneity/FINAL_BENCHMARK_FREEZE/H8-12/RUN01/operations.csv
H8-12_W16-16,8,12,16,16,HEIGHT,sign,38,17020814,17.020814000,,4963,64,5758,RPI5_Heterogeneous_XMSSMT_2026-09-18/08_height_heterogeneity/FINAL_BENCHMARK_FREEZE/H8-12/RUN01/operations.csv
H8-12_W16-16,8,12,16,16,HEIGHT,verify,38,2779055,2.779055000,1,4963,64,5758,RPI5_Heterogeneous_XMSSMT_2026-09-18/08_height_heterogeneity/FINAL_BENCHMARK_FREEZE/H8-12/RUN01/operations.csv
H8-12_W16-16,8,12,16,16,HEIGHT,sign,39,14258222,14.258222000,,4963,64,5758,RPI5_Heterogeneous_XMSSMT_2026-09-18/08_height_heterogeneity/FINAL_BENCHMARK_FREEZE/H8-12/RUN01/operations.csv
H8-12_W16-16,8,12,16,16,HEIGHT,verify,39,2921352,2.921352000,1,4963,64,5758,RPI5_Heterogeneous_XMSSMT_2026-09-18/08_height_heterogeneity/FINAL_BENCHMARK_FREEZE/H8-12/RUN01/operations.csv
H8-12_W16-16,8,12,16,16,HEIGHT,sign,40,17031037,17.031037000,,4963,64,5758,RPI5_Heterogeneous_XMSSMT_2026-09-18/08_height_heterogeneity/FINAL_BENCHMARK_FREEZE/H8-12/RUN01/operations.csv
H8-12_W16-16,8,12,16,16,HEIGHT,verify,40,2751426,2.751426000,1,4963,64,5758,RPI5_Heterogeneous_XMSSMT_2026-09-18/08_height_heterogeneity/FINAL_BENCHMARK_FREEZE/H8-12/RUN01/operations.csv
H8-12_W16-16,8,12,16,16,HEIGHT,sign,41,14521760,14.521760000,,4963,64,5758,RPI5_Heterogeneous_XMSSMT_2026-09-18/08_height_heterogeneity/FINAL_BENCHMARK_FREEZE/H8-12/RUN01/operations.csv
H8-12_W16-16,8,12,16,16,HEIGHT,verify,41,2714148,2.714148000,1,4963,64,5758,RPI5_Heterogeneous_XMSSMT_2026-09-18/08_height_heterogeneity/FINAL_BENCHMARK_FREEZE/H8-12/RUN01/operations.csv
H8-12_W16-16,8,12,16,16,HEIGHT,sign,42,6570574,6.570574000,,4963,64,5758,RPI5_Heterogeneous_XMSSMT_2026-09-18/08_height_heterogeneity/FINAL_BENCHMARK_FREEZE/H8-12/RUN01/operations.csv
H8-12_W16-16,8,12,16,16,HEIGHT,verify,42,2748463,2.748463000,1,4963,64,5758,RPI5_Heterogeneous_XMSSMT_2026-09-18/08_height_heterogeneity/FINAL_BENCHMARK_FREEZE/H8-12/RUN01/operations.csv
H8-12_W16-16,8,12,16,16,HEIGHT,sign,43,11624315,11.624315000,,4963,64,5758,RPI5_Heterogeneous_XMSSMT_2026-09-18/08_height_heterogeneity/FINAL_BENCHMARK_FREEZE/H8-12/RUN01/operations.csv
H8-12_W16-16,8,12,16,16,HEIGHT,verify,43,2998611,2.998611000,1,4963,64,5758,RPI5_Heterogeneous_XMSSMT_2026-09-18/08_height_heterogeneity/FINAL_BENCHMARK_FREEZE/H8-12/RUN01/operations.csv
H8-12_W16-16,8,12,16,16,HEIGHT,sign,44,6510741,6.510741000,,4963,64,5758,RPI5_Heterogeneous_XMSSMT_2026-09-18/08_height_heterogeneity/FINAL_BENCHMARK_FREEZE/H8-12/RUN01/operations.csv
H8-12_W16-16,8,12,16,16,HEIGHT,verify,44,2776982,2.776982000,1,4963,64,5758,RPI5_Heterogeneous_XMSSMT_2026-09-18/08_height_heterogeneity/FINAL_BENCHMARK_FREEZE/H8-12/RUN01/operations.csv
H8-12_W16-16,8,12,16,16,HEIGHT,sign,45,6490408,6.490408000,,4963,64,5758,RPI5_Heterogeneous_XMSSMT_2026-09-18/08_height_heterogeneity/FINAL_BENCHMARK_FREEZE/H8-12/RUN01/operations.csv
H8-12_W16-16,8,12,16,16,HEIGHT,verify,45,2812055,2.812055000,1,4963,64,5758,RPI5_Heterogeneous_XMSSMT_2026-09-18/08_height_heterogeneity/FINAL_BENCHMARK_FREEZE/H8-12/RUN01/operations.csv
H8-12_W16-16,8,12,16,16,HEIGHT,sign,46,6512500,6.512500000,,4963,64,5758,RPI5_Heterogeneous_XMSSMT_2026-09-18/08_height_heterogeneity/FINAL_BENCHMARK_FREEZE/H8-12/RUN01/operations.csv
H8-12_W16-16,8,12,16,16,HEIGHT,verify,46,2784241,2.784241000,1,4963,64,5758,RPI5_Heterogeneous_XMSSMT_2026-09-18/08_height_heterogeneity/FINAL_BENCHMARK_FREEZE/H8-12/RUN01/operations.csv
H8-12_W16-16,8,12,16,16,HEIGHT,sign,47,14435389,14.435389000,,4963,64,5758,RPI5_Heterogeneous_XMSSMT_2026-09-18/08_height_heterogeneity/FINAL_BENCHMARK_FREEZE/H8-12/RUN01/operations.csv
H8-12_W16-16,8,12,16,16,HEIGHT,verify,47,2746593,2.746593000,1,4963,64,5758,RPI5_Heterogeneous_XMSSMT_2026-09-18/08_height_heterogeneity/FINAL_BENCHMARK_FREEZE/H8-12/RUN01/operations.csv
H8-12_W16-16,8,12,16,16,HEIGHT,sign,48,17028963,17.028963000,,4963,64,5758,RPI5_Heterogeneous_XMSSMT_2026-09-18/08_height_heterogeneity/FINAL_BENCHMARK_FREEZE/H8-12/RUN01/operations.csv
H8-12_W16-16,8,12,16,16,HEIGHT,verify,48,2779371,2.779371000,1,4963,64,5758,RPI5_Heterogeneous_XMSSMT_2026-09-18/08_height_heterogeneity/FINAL_BENCHMARK_FREEZE/H8-12/RUN01/operations.csv
H8-12_W16-16,8,12,16,16,HEIGHT,sign,49,14210556,14.210556000,,4963,64,5758,RPI5_Heterogeneous_XMSSMT_2026-09-18/08_height_heterogeneity/FINAL_BENCHMARK_FREEZE/H8-12/RUN01/operations.csv
H8-12_W16-16,8,12,16,16,HEIGHT,verify,49,2950482,2.950482000,1,4963,64,5758,RPI5_Heterogeneous_XMSSMT_2026-09-18/08_height_heterogeneity/FINAL_BENCHMARK_FREEZE/H8-12/RUN01/operations.csv
H8-12_W16-16,8,12,16,16,HEIGHT,sign,50,17036704,17.036704000,,4963,64,5758,RPI5_Heterogeneous_XMSSMT_2026-09-18/08_height_heterogeneity/FINAL_BENCHMARK_FREEZE/H8-12/RUN01/operations.csv
H8-12_W16-16,8,12,16,16,HEIGHT,verify,50,2742259,2.742259000,1,4963,64,5758,RPI5_Heterogeneous_XMSSMT_2026-09-18/08_height_heterogeneity/FINAL_BENCHMARK_FREEZE/H8-12/RUN01/operations.csv
H8-12_W16-16,8,12,16,16,HEIGHT,sign,51,11736371,11.736371000,,4963,64,5758,RPI5_Heterogeneous_XMSSMT_2026-09-18/08_height_heterogeneity/FINAL_BENCHMARK_FREEZE/H8-12/RUN01/operations.csv
H8-12_W16-16,8,12,16,16,HEIGHT,verify,51,2814907,2.814907000,1,4963,64,5758,RPI5_Heterogeneous_XMSSMT_2026-09-18/08_height_heterogeneity/FINAL_BENCHMARK_FREEZE/H8-12/RUN01/operations.csv
H8-12_W16-16,8,12,16,16,HEIGHT,sign,52,6532741,6.532741000,,4963,64,5758,RPI5_Heterogeneous_XMSSMT_2026-09-18/08_height_heterogeneity/FINAL_BENCHMARK_FREEZE/H8-12/RUN01/operations.csv
H8-12_W16-16,8,12,16,16,HEIGHT,verify,52,2792926,2.792926000,1,4963,64,5758,RPI5_Heterogeneous_XMSSMT_2026-09-18/08_height_heterogeneity/FINAL_BENCHMARK_FREEZE/H8-12/RUN01/operations.csv
H8-12_W16-16,8,12,16,16,HEIGHT,sign,53,6701130,6.701130000,,4963,64,5758,RPI5_Heterogeneous_XMSSMT_2026-09-18/08_height_heterogeneity/FINAL_BENCHMARK_FREEZE/H8-12/RUN01/operations.csv
H8-12_W16-16,8,12,16,16,HEIGHT,verify,53,2650000,2.650000000,1,4963,64,5758,RPI5_Heterogeneous_XMSSMT_2026-09-18/08_height_heterogeneity/FINAL_BENCHMARK_FREEZE/H8-12/RUN01/operations.csv
H8-12_W16-16,8,12,16,16,HEIGHT,sign,54,6506889,6.506889000,,4963,64,5758,RPI5_Heterogeneous_XMSSMT_2026-09-18/08_height_heterogeneity/FINAL_BENCHMARK_FREEZE/H8-12/RUN01/operations.csv
H8-12_W16-16,8,12,16,16,HEIGHT,verify,54,2820407,2.820407000,1,4963,64,5758,RPI5_Heterogeneous_XMSSMT_2026-09-18/08_height_heterogeneity/FINAL_BENCHMARK_FREEZE/H8-12/RUN01/operations.csv
H8-12_W16-16,8,12,16,16,HEIGHT,sign,55,14486703,14.486703000,,4963,64,5758,RPI5_Heterogeneous_XMSSMT_2026-09-18/08_height_heterogeneity/FINAL_BENCHMARK_FREEZE/H8-12/RUN01/operations.csv
H8-12_W16-16,8,12,16,16,HEIGHT,verify,55,2796815,2.796815000,1,4963,64,5758,RPI5_Heterogeneous_XMSSMT_2026-09-18/08_height_heterogeneity/FINAL_BENCHMARK_FREEZE/H8-12/RUN01/operations.csv
H8-12_W16-16,8,12,16,16,HEIGHT,sign,56,14281203,14.281203000,,4963,64,5758,RPI5_Heterogeneous_XMSSMT_2026-09-18/08_height_heterogeneity/FINAL_BENCHMARK_FREEZE/H8-12/RUN01/operations.csv
H8-12_W16-16,8,12,16,16,HEIGHT,verify,56,2967111,2.967111000,1,4963,64,5758,RPI5_Heterogeneous_XMSSMT_2026-09-18/08_height_heterogeneity/FINAL_BENCHMARK_FREEZE/H8-12/RUN01/operations.csv
H8-12_W16-16,8,12,16,16,HEIGHT,sign,57,6322055,6.322055000,,4963,64,5758,RPI5_Heterogeneous_XMSSMT_2026-09-18/08_height_heterogeneity/FINAL_BENCHMARK_FREEZE/H8-12/RUN01/operations.csv
H8-12_W16-16,8,12,16,16,HEIGHT,verify,57,2997167,2.997167000,1,4963,64,5758,RPI5_Heterogeneous_XMSSMT_2026-09-18/08_height_heterogeneity/FINAL_BENCHMARK_FREEZE/H8-12/RUN01/operations.csv
H8-12_W16-16,8,12,16,16,HEIGHT,sign,58,6649519,6.649519000,,4963,64,5758,RPI5_Heterogeneous_XMSSMT_2026-09-18/08_height_heterogeneity/FINAL_BENCHMARK_FREEZE/H8-12/RUN01/operations.csv
H8-12_W16-16,8,12,16,16,HEIGHT,verify,58,2687592,2.687592000,1,4963,64,5758,RPI5_Heterogeneous_XMSSMT_2026-09-18/08_height_heterogeneity/FINAL_BENCHMARK_FREEZE/H8-12/RUN01/operations.csv
H8-12_W16-16,8,12,16,16,HEIGHT,sign,59,11870185,11.870185000,,4963,64,5758,RPI5_Heterogeneous_XMSSMT_2026-09-18/08_height_heterogeneity/FINAL_BENCHMARK_FREEZE/H8-12/RUN01/operations.csv
H8-12_W16-16,8,12,16,16,HEIGHT,verify,59,2754370,2.754370000,1,4963,64,5758,RPI5_Heterogeneous_XMSSMT_2026-09-18/08_height_heterogeneity/FINAL_BENCHMARK_FREEZE/H8-12/RUN01/operations.csv
H8-12_W16-16,8,12,16,16,HEIGHT,sign,60,6579444,6.579444000,,4963,64,5758,RPI5_Heterogeneous_XMSSMT_2026-09-18/08_height_heterogeneity/FINAL_BENCHMARK_FREEZE/H8-12/RUN01/operations.csv
H8-12_W16-16,8,12,16,16,HEIGHT,verify,60,2752982,2.752982000,1,4963,64,5758,RPI5_Heterogeneous_XMSSMT_2026-09-18/08_height_heterogeneity/FINAL_BENCHMARK_FREEZE/H8-12/RUN01/operations.csv
H8-12_W16-16,8,12,16,16,HEIGHT,sign,61,6605815,6.605815000,,4963,64,5758,RPI5_Heterogeneous_XMSSMT_2026-09-18/08_height_heterogeneity/FINAL_BENCHMARK_FREEZE/H8-12/RUN01/operations.csv
H8-12_W16-16,8,12,16,16,HEIGHT,verify,61,2765574,2.765574000,1,4963,64,5758,RPI5_Heterogeneous_XMSSMT_2026-09-18/08_height_heterogeneity/FINAL_BENCHMARK_FREEZE/H8-12/RUN01/operations.csv
H8-12_W16-16,8,12,16,16,HEIGHT,sign,62,6711445,6.711445000,,4963,64,5758,RPI5_Heterogeneous_XMSSMT_2026-09-18/08_height_heterogeneity/FINAL_BENCHMARK_FREEZE/H8-12/RUN01/operations.csv
H8-12_W16-16,8,12,16,16,HEIGHT,verify,62,2652166,2.652166000,1,4963,64,5758,RPI5_Heterogeneous_XMSSMT_2026-09-18/08_height_heterogeneity/FINAL_BENCHMARK_FREEZE/H8-12/RUN01/operations.csv
H8-12_W16-16,8,12,16,16,HEIGHT,sign,63,14267630,14.267630000,,4963,64,5758,RPI5_Heterogeneous_XMSSMT_2026-09-18/08_height_heterogeneity/FINAL_BENCHMARK_FREEZE/H8-12/RUN01/operations.csv
H8-12_W16-16,8,12,16,16,HEIGHT,verify,63,3044648,3.044648000,1,4963,64,5758,RPI5_Heterogeneous_XMSSMT_2026-09-18/08_height_heterogeneity/FINAL_BENCHMARK_FREEZE/H8-12/RUN01/operations.csv
H8-12_W16-16,8,12,16,16,HEIGHT,sign,64,17276666,17.276666000,,4963,64,5758,RPI5_Heterogeneous_XMSSMT_2026-09-18/08_height_heterogeneity/FINAL_BENCHMARK_FREEZE/H8-12/RUN01/operations.csv
H8-12_W16-16,8,12,16,16,HEIGHT,verify,64,2653426,2.653426000,1,4963,64,5758,RPI5_Heterogeneous_XMSSMT_2026-09-18/08_height_heterogeneity/FINAL_BENCHMARK_FREEZE/H8-12/RUN01/operations.csv
H8-12_W16-16,8,12,16,16,HEIGHT,sign,65,14407074,14.407074000,,4963,64,5758,RPI5_Heterogeneous_XMSSMT_2026-09-18/08_height_heterogeneity/FINAL_BENCHMARK_FREEZE/H8-12/RUN01/operations.csv
H8-12_W16-16,8,12,16,16,HEIGHT,verify,65,2865426,2.865426000,1,4963,64,5758,RPI5_Heterogeneous_XMSSMT_2026-09-18/08_height_heterogeneity/FINAL_BENCHMARK_FREEZE/H8-12/RUN01/operations.csv
H8-12_W16-16,8,12,16,16,HEIGHT,sign,66,17051278,17.051278000,,4963,64,5758,RPI5_Heterogeneous_XMSSMT_2026-09-18/08_height_heterogeneity/FINAL_BENCHMARK_FREEZE/H8-12/RUN01/operations.csv
H8-12_W16-16,8,12,16,16,HEIGHT,verify,66,2862463,2.862463000,1,4963,64,5758,RPI5_Heterogeneous_XMSSMT_2026-09-18/08_height_heterogeneity/FINAL_BENCHMARK_FREEZE/H8-12/RUN01/operations.csv
H8-12_W16-16,8,12,16,16,HEIGHT,sign,67,14411148,14.411148000,,4963,64,5758,RPI5_Heterogeneous_XMSSMT_2026-09-18/08_height_heterogeneity/FINAL_BENCHMARK_FREEZE/H8-12/RUN01/operations.csv
H8-12_W16-16,8,12,16,16,HEIGHT,verify,67,2857777,2.857777000,1,4963,64,5758,RPI5_Heterogeneous_XMSSMT_2026-09-18/08_height_heterogeneity/FINAL_BENCHMARK_FREEZE/H8-12/RUN01/operations.csv
H8-12_W16-16,8,12,16,16,HEIGHT,sign,68,16883074,16.883074000,,4963,64,5758,RPI5_Heterogeneous_XMSSMT_2026-09-18/08_height_heterogeneity/FINAL_BENCHMARK_FREEZE/H8-12/RUN01/operations.csv
H8-12_W16-16,8,12,16,16,HEIGHT,verify,68,2954019,2.954019000,1,4963,64,5758,RPI5_Heterogeneous_XMSSMT_2026-09-18/08_height_heterogeneity/FINAL_BENCHMARK_FREEZE/H8-12/RUN01/operations.csv
H8-12_W16-16,8,12,16,16,HEIGHT,sign,69,14409407,14.409407000,,4963,64,5758,RPI5_Heterogeneous_XMSSMT_2026-09-18/08_height_heterogeneity/FINAL_BENCHMARK_FREEZE/H8-12/RUN01/operations.csv
H8-12_W16-16,8,12,16,16,HEIGHT,verify,69,2785741,2.785741000,1,4963,64,5758,RPI5_Heterogeneous_XMSSMT_2026-09-18/08_height_heterogeneity/FINAL_BENCHMARK_FREEZE/H8-12/RUN01/operations.csv
H8-12_W16-16,8,12,16,16,HEIGHT,sign,70,16856204,16.856204000,,4963,64,5758,RPI5_Heterogeneous_XMSSMT_2026-09-18/08_height_heterogeneity/FINAL_BENCHMARK_FREEZE/H8-12/RUN01/operations.csv
H8-12_W16-16,8,12,16,16,HEIGHT,verify,70,2964907,2.964907000,1,4963,64,5758,RPI5_Heterogeneous_XMSSMT_2026-09-18/08_height_heterogeneity/FINAL_BENCHMARK_FREEZE/H8-12/RUN01/operations.csv
H8-12_W16-16,8,12,16,16,HEIGHT,sign,71,14432333,14.432333000,,4963,64,5758,RPI5_Heterogeneous_XMSSMT_2026-09-18/08_height_heterogeneity/FINAL_BENCHMARK_FREEZE/H8-12/RUN01/operations.csv
H8-12_W16-16,8,12,16,16,HEIGHT,verify,71,2782815,2.782815000,1,4963,64,5758,RPI5_Heterogeneous_XMSSMT_2026-09-18/08_height_heterogeneity/FINAL_BENCHMARK_FREEZE/H8-12/RUN01/operations.csv
H8-12_W16-16,8,12,16,16,HEIGHT,sign,72,16867185,16.867185000,,4963,64,5758,RPI5_Heterogeneous_XMSSMT_2026-09-18/08_height_heterogeneity/FINAL_BENCHMARK_FREEZE/H8-12/RUN01/operations.csv
H8-12_W16-16,8,12,16,16,HEIGHT,verify,72,2960260,2.960260000,1,4963,64,5758,RPI5_Heterogeneous_XMSSMT_2026-09-18/08_height_heterogeneity/FINAL_BENCHMARK_FREEZE/H8-12/RUN01/operations.csv
H8-12_W16-16,8,12,16,16,HEIGHT,sign,73,14286092,14.286092000,,4963,64,5758,RPI5_Heterogeneous_XMSSMT_2026-09-18/08_height_heterogeneity/FINAL_BENCHMARK_FREEZE/H8-12/RUN01/operations.csv
H8-12_W16-16,8,12,16,16,HEIGHT,verify,73,2924778,2.924778000,1,4963,64,5758,RPI5_Heterogeneous_XMSSMT_2026-09-18/08_height_heterogeneity/FINAL_BENCHMARK_FREEZE/H8-12/RUN01/operations.csv
H8-12_W16-16,8,12,16,16,HEIGHT,sign,74,17036556,17.036556000,,4963,64,5758,RPI5_Heterogeneous_XMSSMT_2026-09-18/08_height_heterogeneity/FINAL_BENCHMARK_FREEZE/H8-12/RUN01/operations.csv
H8-12_W16-16,8,12,16,16,HEIGHT,verify,74,2773519,2.773519000,1,4963,64,5758,RPI5_Heterogeneous_XMSSMT_2026-09-18/08_height_heterogeneity/FINAL_BENCHMARK_FREEZE/H8-12/RUN01/operations.csv
H8-12_W16-16,8,12,16,16,HEIGHT,sign,75,14395945,14.395945000,,4963,64,5758,RPI5_Heterogeneous_XMSSMT_2026-09-18/08_height_heterogeneity/FINAL_BENCHMARK_FREEZE/H8-12/RUN01/operations.csv
H8-12_W16-16,8,12,16,16,HEIGHT,verify,75,2773703,2.773703000,1,4963,64,5758,RPI5_Heterogeneous_XMSSMT_2026-09-18/08_height_heterogeneity/FINAL_BENCHMARK_FREEZE/H8-12/RUN01/operations.csv
H8-12_W16-16,8,12,16,16,HEIGHT,sign,76,16978649,16.978649000,,4963,64,5758,RPI5_Heterogeneous_XMSSMT_2026-09-18/08_height_heterogeneity/FINAL_BENCHMARK_FREEZE/H8-12/RUN01/operations.csv
H8-12_W16-16,8,12,16,16,HEIGHT,verify,76,2860500,2.860500000,1,4963,64,5758,RPI5_Heterogeneous_XMSSMT_2026-09-18/08_height_heterogeneity/FINAL_BENCHMARK_FREEZE/H8-12/RUN01/operations.csv
H8-12_W16-16,8,12,16,16,HEIGHT,sign,77,14545815,14.545815000,,4963,64,5758,RPI5_Heterogeneous_XMSSMT_2026-09-18/08_height_heterogeneity/FINAL_BENCHMARK_FREEZE/H8-12/RUN01/operations.csv
H8-12_W16-16,8,12,16,16,HEIGHT,verify,77,2722666,2.722666000,1,4963,64,5758,RPI5_Heterogeneous_XMSSMT_2026-09-18/08_height_heterogeneity/FINAL_BENCHMARK_FREEZE/H8-12/RUN01/operations.csv
H8-12_W16-16,8,12,16,16,HEIGHT,sign,78,17099426,17.099426000,,4963,64,5758,RPI5_Heterogeneous_XMSSMT_2026-09-18/08_height_heterogeneity/FINAL_BENCHMARK_FREEZE/H8-12/RUN01/operations.csv
H8-12_W16-16,8,12,16,16,HEIGHT,verify,78,2786630,2.786630000,1,4963,64,5758,RPI5_Heterogeneous_XMSSMT_2026-09-18/08_height_heterogeneity/FINAL_BENCHMARK_FREEZE/H8-12/RUN01/operations.csv
H8-12_W16-16,8,12,16,16,HEIGHT,sign,79,14329074,14.329074000,,4963,64,5758,RPI5_Heterogeneous_XMSSMT_2026-09-18/08_height_heterogeneity/FINAL_BENCHMARK_FREEZE/H8-12/RUN01/operations.csv
H8-12_W16-16,8,12,16,16,HEIGHT,verify,79,2928463,2.928463000,1,4963,64,5758,RPI5_Heterogeneous_XMSSMT_2026-09-18/08_height_heterogeneity/FINAL_BENCHMARK_FREEZE/H8-12/RUN01/operations.csv
H8-12_W16-16,8,12,16,16,HEIGHT,sign,80,17159481,17.159481000,,4963,64,5758,RPI5_Heterogeneous_XMSSMT_2026-09-18/08_height_heterogeneity/FINAL_BENCHMARK_FREEZE/H8-12/RUN01/operations.csv
H8-12_W16-16,8,12,16,16,HEIGHT,verify,80,2718259,2.718259000,1,4963,64,5758,RPI5_Heterogeneous_XMSSMT_2026-09-18/08_height_heterogeneity/FINAL_BENCHMARK_FREEZE/H8-12/RUN01/operations.csv
H8-12_W16-16,8,12,16,16,HEIGHT,sign,81,14456814,14.456814000,,4963,64,5758,RPI5_Heterogeneous_XMSSMT_2026-09-18/08_height_heterogeneity/FINAL_BENCHMARK_FREEZE/H8-12/RUN01/operations.csv
H8-12_W16-16,8,12,16,16,HEIGHT,verify,81,2880723,2.880723000,1,4963,64,5758,RPI5_Heterogeneous_XMSSMT_2026-09-18/08_height_heterogeneity/FINAL_BENCHMARK_FREEZE/H8-12/RUN01/operations.csv
H8-12_W16-16,8,12,16,16,HEIGHT,sign,82,16992648,16.992648000,,4963,64,5758,RPI5_Heterogeneous_XMSSMT_2026-09-18/08_height_heterogeneity/FINAL_BENCHMARK_FREEZE/H8-12/RUN01/operations.csv
H8-12_W16-16,8,12,16,16,HEIGHT,verify,82,2939629,2.939629000,1,4963,64,5758,RPI5_Heterogeneous_XMSSMT_2026-09-18/08_height_heterogeneity/FINAL_BENCHMARK_FREEZE/H8-12/RUN01/operations.csv
H8-12_W16-16,8,12,16,16,HEIGHT,sign,83,14503666,14.503666000,,4963,64,5758,RPI5_Heterogeneous_XMSSMT_2026-09-18/08_height_heterogeneity/FINAL_BENCHMARK_FREEZE/H8-12/RUN01/operations.csv
H8-12_W16-16,8,12,16,16,HEIGHT,verify,83,2753093,2.753093000,1,4963,64,5758,RPI5_Heterogeneous_XMSSMT_2026-09-18/08_height_heterogeneity/FINAL_BENCHMARK_FREEZE/H8-12/RUN01/operations.csv
H8-12_W16-16,8,12,16,16,HEIGHT,sign,84,17226315,17.226315000,,4963,64,5758,RPI5_Heterogeneous_XMSSMT_2026-09-18/08_height_heterogeneity/FINAL_BENCHMARK_FREEZE/H8-12/RUN01/operations.csv
H8-12_W16-16,8,12,16,16,HEIGHT,verify,84,2679870,2.679870000,1,4963,64,5758,RPI5_Heterogeneous_XMSSMT_2026-09-18/08_height_heterogeneity/FINAL_BENCHMARK_FREEZE/H8-12/RUN01/operations.csv
H8-12_W16-16,8,12,16,16,HEIGHT,sign,85,14564185,14.564185000,,4963,64,5758,RPI5_Heterogeneous_XMSSMT_2026-09-18/08_height_heterogeneity/FINAL_BENCHMARK_FREEZE/H8-12/RUN01/operations.csv
H8-12_W16-16,8,12,16,16,HEIGHT,verify,85,2682740,2.682740000,1,4963,64,5758,RPI5_Heterogeneous_XMSSMT_2026-09-18/08_height_heterogeneity/FINAL_BENCHMARK_FREEZE/H8-12/RUN01/operations.csv
H8-12_W16-16,8,12,16,16,HEIGHT,sign,86,17020389,17.020389000,,4963,64,5758,RPI5_Heterogeneous_XMSSMT_2026-09-18/08_height_heterogeneity/FINAL_BENCHMARK_FREEZE/H8-12/RUN01/operations.csv
H8-12_W16-16,8,12,16,16,HEIGHT,verify,86,2857481,2.857481000,1,4963,64,5758,RPI5_Heterogeneous_XMSSMT_2026-09-18/08_height_heterogeneity/FINAL_BENCHMARK_FREEZE/H8-12/RUN01/operations.csv
H8-12_W16-16,8,12,16,16,HEIGHT,sign,87,14423334,14.423334000,,4963,64,5758,RPI5_Heterogeneous_XMSSMT_2026-09-18/08_height_heterogeneity/FINAL_BENCHMARK_FREEZE/H8-12/RUN01/operations.csv
H8-12_W16-16,8,12,16,16,HEIGHT,verify,87,2866425,2.866425000,1,4963,64,5758,RPI5_Heterogeneous_XMSSMT_2026-09-18/08_height_heterogeneity/FINAL_BENCHMARK_FREEZE/H8-12/RUN01/operations.csv
H8-12_W16-16,8,12,16,16,HEIGHT,sign,88,17167908,17.167908000,,4963,64,5758,RPI5_Heterogeneous_XMSSMT_2026-09-18/08_height_heterogeneity/FINAL_BENCHMARK_FREEZE/H8-12/RUN01/operations.csv
H8-12_W16-16,8,12,16,16,HEIGHT,verify,88,2683111,2.683111000,1,4963,64,5758,RPI5_Heterogeneous_XMSSMT_2026-09-18/08_height_heterogeneity/FINAL_BENCHMARK_FREEZE/H8-12/RUN01/operations.csv
H8-12_W16-16,8,12,16,16,HEIGHT,sign,89,14404519,14.404519000,,4963,64,5758,RPI5_Heterogeneous_XMSSMT_2026-09-18/08_height_heterogeneity/FINAL_BENCHMARK_FREEZE/H8-12/RUN01/operations.csv
H8-12_W16-16,8,12,16,16,HEIGHT,verify,89,2856129,2.856129000,1,4963,64,5758,RPI5_Heterogeneous_XMSSMT_2026-09-18/08_height_heterogeneity/FINAL_BENCHMARK_FREEZE/H8-12/RUN01/operations.csv
H8-12_W16-16,8,12,16,16,HEIGHT,sign,90,6483722,6.483722000,,4963,64,5758,RPI5_Heterogeneous_XMSSMT_2026-09-18/08_height_heterogeneity/FINAL_BENCHMARK_FREEZE/H8-12/RUN01/operations.csv
H8-12_W16-16,8,12,16,16,HEIGHT,verify,90,2820000,2.820000000,1,4963,64,5758,RPI5_Heterogeneous_XMSSMT_2026-09-18/08_height_heterogeneity/FINAL_BENCHMARK_FREEZE/H8-12/RUN01/operations.csv
H8-12_W16-16,8,12,16,16,HEIGHT,sign,91,11827685,11.827685000,,4963,64,5758,RPI5_Heterogeneous_XMSSMT_2026-09-18/08_height_heterogeneity/FINAL_BENCHMARK_FREEZE/H8-12/RUN01/operations.csv
H8-12_W16-16,8,12,16,16,HEIGHT,verify,91,2793519,2.793519000,1,4963,64,5758,RPI5_Heterogeneous_XMSSMT_2026-09-18/08_height_heterogeneity/FINAL_BENCHMARK_FREEZE/H8-12/RUN01/operations.csv
H8-12_W16-16,8,12,16,16,HEIGHT,sign,92,6368019,6.368019000,,4963,64,5758,RPI5_Heterogeneous_XMSSMT_2026-09-18/08_height_heterogeneity/FINAL_BENCHMARK_FREEZE/H8-12/RUN01/operations.csv
H8-12_W16-16,8,12,16,16,HEIGHT,verify,92,2973574,2.973574000,1,4963,64,5758,RPI5_Heterogeneous_XMSSMT_2026-09-18/08_height_heterogeneity/FINAL_BENCHMARK_FREEZE/H8-12/RUN01/operations.csv
H8-12_W16-16,8,12,16,16,HEIGHT,sign,93,6490426,6.490426000,,4963,64,5758,RPI5_Heterogeneous_XMSSMT_2026-09-18/08_height_heterogeneity/FINAL_BENCHMARK_FREEZE/H8-12/RUN01/operations.csv
H8-12_W16-16,8,12,16,16,HEIGHT,verify,93,2863944,2.863944000,1,4963,64,5758,RPI5_Heterogeneous_XMSSMT_2026-09-18/08_height_heterogeneity/FINAL_BENCHMARK_FREEZE/H8-12/RUN01/operations.csv
H8-12_W16-16,8,12,16,16,HEIGHT,sign,94,6617648,6.617648000,,4963,64,5758,RPI5_Heterogeneous_XMSSMT_2026-09-18/08_height_heterogeneity/FINAL_BENCHMARK_FREEZE/H8-12/RUN01/operations.csv
H8-12_W16-16,8,12,16,16,HEIGHT,verify,94,2709426,2.709426000,1,4963,64,5758,RPI5_Heterogeneous_XMSSMT_2026-09-18/08_height_heterogeneity/FINAL_BENCHMARK_FREEZE/H8-12/RUN01/operations.csv
H8-12_W16-16,8,12,16,16,HEIGHT,sign,95,14377463,14.377463000,,4963,64,5758,RPI5_Heterogeneous_XMSSMT_2026-09-18/08_height_heterogeneity/FINAL_BENCHMARK_FREEZE/H8-12/RUN01/operations.csv
H8-12_W16-16,8,12,16,16,HEIGHT,verify,95,2855926,2.855926000,1,4963,64,5758,RPI5_Heterogeneous_XMSSMT_2026-09-18/08_height_heterogeneity/FINAL_BENCHMARK_FREEZE/H8-12/RUN01/operations.csv
H8-12_W16-16,8,12,16,16,HEIGHT,sign,96,17123685,17.123685000,,4963,64,5758,RPI5_Heterogeneous_XMSSMT_2026-09-18/08_height_heterogeneity/FINAL_BENCHMARK_FREEZE/H8-12/RUN01/operations.csv
H8-12_W16-16,8,12,16,16,HEIGHT,verify,96,2786407,2.786407000,1,4963,64,5758,RPI5_Heterogeneous_XMSSMT_2026-09-18/08_height_heterogeneity/FINAL_BENCHMARK_FREEZE/H8-12/RUN01/operations.csv
H8-12_W16-16,8,12,16,16,HEIGHT,sign,97,14457537,14.457537000,,4963,64,5758,RPI5_Heterogeneous_XMSSMT_2026-09-18/08_height_heterogeneity/FINAL_BENCHMARK_FREEZE/H8-12/RUN01/operations.csv
H8-12_W16-16,8,12,16,16,HEIGHT,verify,97,2786463,2.786463000,1,4963,64,5758,RPI5_Heterogeneous_XMSSMT_2026-09-18/08_height_heterogeneity/FINAL_BENCHMARK_FREEZE/H8-12/RUN01/operations.csv
H8-12_W16-16,8,12,16,16,HEIGHT,sign,98,16941852,16.941852000,,4963,64,5758,RPI5_Heterogeneous_XMSSMT_2026-09-18/08_height_heterogeneity/FINAL_BENCHMARK_FREEZE/H8-12/RUN01/operations.csv
H8-12_W16-16,8,12,16,16,HEIGHT,verify,98,2925760,2.925760000,1,4963,64,5758,RPI5_Heterogeneous_XMSSMT_2026-09-18/08_height_heterogeneity/FINAL_BENCHMARK_FREEZE/H8-12/RUN01/operations.csv
H8-12_W16-16,8,12,16,16,HEIGHT,sign,99,14448723,14.448723000,,4963,64,5758,RPI5_Heterogeneous_XMSSMT_2026-09-18/08_height_heterogeneity/FINAL_BENCHMARK_FREEZE/H8-12/RUN01/operations.csv
H8-12_W16-16,8,12,16,16,HEIGHT,verify,99,2795277,2.795277000,1,4963,64,5758,RPI5_Heterogeneous_XMSSMT_2026-09-18/08_height_heterogeneity/FINAL_BENCHMARK_FREEZE/H8-12/RUN01/operations.csv
H8-12_W4-16,8,12,4,16,JOINT,keygen,0,11194972197,11194.972197000,,7075,64,5758,RPI5_Heterogeneous_XMSSMT_2026-09-18/09_joint_parameter_search/02_benchmark/H8-12_W4-16/RUN01/operations.csv
H8-12_W4-16,8,12,4,16,JOINT,keygen,1,11196309012,11196.309012000,,7075,64,5758,RPI5_Heterogeneous_XMSSMT_2026-09-18/09_joint_parameter_search/02_benchmark/H8-12_W4-16/RUN01/operations.csv
H8-12_W4-16,8,12,4,16,JOINT,keygen,2,11188639289,11188.639289000,,7075,64,5758,RPI5_Heterogeneous_XMSSMT_2026-09-18/09_joint_parameter_search/02_benchmark/H8-12_W4-16/RUN01/operations.csv
H8-12_W4-16,8,12,4,16,JOINT,keygen,3,11189495382,11189.495382000,,7075,64,5758,RPI5_Heterogeneous_XMSSMT_2026-09-18/09_joint_parameter_search/02_benchmark/H8-12_W4-16/RUN01/operations.csv
H8-12_W4-16,8,12,4,16,JOINT,keygen,4,11198338716,11198.338716000,,7075,64,5758,RPI5_Heterogeneous_XMSSMT_2026-09-18/09_joint_parameter_search/02_benchmark/H8-12_W4-16/RUN01/operations.csv
H8-12_W4-16,8,12,4,16,JOINT,keygen,5,11193785938,11193.785938000,,7075,64,5758,RPI5_Heterogeneous_XMSSMT_2026-09-18/09_joint_parameter_search/02_benchmark/H8-12_W4-16/RUN01/operations.csv
H8-12_W4-16,8,12,4,16,JOINT,keygen,6,11195630641,11195.630641000,,7075,64,5758,RPI5_Heterogeneous_XMSSMT_2026-09-18/09_joint_parameter_search/02_benchmark/H8-12_W4-16/RUN01/operations.csv
H8-12_W4-16,8,12,4,16,JOINT,keygen,7,11183608808,11183.608808000,,7075,64,5758,RPI5_Heterogeneous_XMSSMT_2026-09-18/09_joint_parameter_search/02_benchmark/H8-12_W4-16/RUN01/operations.csv
H8-12_W4-16,8,12,4,16,JOINT,keygen,8,11195006734,11195.006734000,,7075,64,5758,RPI5_Heterogeneous_XMSSMT_2026-09-18/09_joint_parameter_search/02_benchmark/H8-12_W4-16/RUN01/operations.csv
H8-12_W4-16,8,12,4,16,JOINT,keygen,9,11197447160,11197.447160000,,7075,64,5758,RPI5_Heterogeneous_XMSSMT_2026-09-18/09_joint_parameter_search/02_benchmark/H8-12_W4-16/RUN01/operations.csv
H8-12_W4-16,8,12,4,16,JOINT,sign,0,3539185,3.539185000,,7075,64,5758,RPI5_Heterogeneous_XMSSMT_2026-09-18/09_joint_parameter_search/02_benchmark/H8-12_W4-16/RUN01/operations.csv
H8-12_W4-16,8,12,4,16,JOINT,verify,0,2260723,2.260723000,1,7075,64,5758,RPI5_Heterogeneous_XMSSMT_2026-09-18/09_joint_parameter_search/02_benchmark/H8-12_W4-16/RUN01/operations.csv
H8-12_W4-16,8,12,4,16,JOINT,sign,1,3528982,3.528982000,,7075,64,5758,RPI5_Heterogeneous_XMSSMT_2026-09-18/09_joint_parameter_search/02_benchmark/H8-12_W4-16/RUN01/operations.csv
H8-12_W4-16,8,12,4,16,JOINT,verify,1,2271129,2.271129000,1,7075,64,5758,RPI5_Heterogeneous_XMSSMT_2026-09-18/09_joint_parameter_search/02_benchmark/H8-12_W4-16/RUN01/operations.csv
H8-12_W4-16,8,12,4,16,JOINT,sign,2,3562463,3.562463000,,7075,64,5758,RPI5_Heterogeneous_XMSSMT_2026-09-18/09_joint_parameter_search/02_benchmark/H8-12_W4-16/RUN01/operations.csv
H8-12_W4-16,8,12,4,16,JOINT,verify,2,2230333,2.230333000,1,7075,64,5758,RPI5_Heterogeneous_XMSSMT_2026-09-18/09_joint_parameter_search/02_benchmark/H8-12_W4-16/RUN01/operations.csv
H8-12_W4-16,8,12,4,16,JOINT,sign,3,6522834,6.522834000,,7075,64,5758,RPI5_Heterogeneous_XMSSMT_2026-09-18/09_joint_parameter_search/02_benchmark/H8-12_W4-16/RUN01/operations.csv
H8-12_W4-16,8,12,4,16,JOINT,verify,3,2260370,2.260370000,1,7075,64,5758,RPI5_Heterogeneous_XMSSMT_2026-09-18/09_joint_parameter_search/02_benchmark/H8-12_W4-16/RUN01/operations.csv
H8-12_W4-16,8,12,4,16,JOINT,sign,4,3541371,3.541371000,,7075,64,5758,RPI5_Heterogeneous_XMSSMT_2026-09-18/09_joint_parameter_search/02_benchmark/H8-12_W4-16/RUN01/operations.csv
H8-12_W4-16,8,12,4,16,JOINT,verify,4,2250426,2.250426000,1,7075,64,5758,RPI5_Heterogeneous_XMSSMT_2026-09-18/09_joint_parameter_search/02_benchmark/H8-12_W4-16/RUN01/operations.csv
H8-12_W4-16,8,12,4,16,JOINT,sign,5,3560019,3.560019000,,7075,64,5758,RPI5_Heterogeneous_XMSSMT_2026-09-18/09_joint_parameter_search/02_benchmark/H8-12_W4-16/RUN01/operations.csv
H8-12_W4-16,8,12,4,16,JOINT,verify,5,2255204,2.255204000,1,7075,64,5758,RPI5_Heterogeneous_XMSSMT_2026-09-18/09_joint_parameter_search/02_benchmark/H8-12_W4-16/RUN01/operations.csv
H8-12_W4-16,8,12,4,16,JOINT,sign,6,3589315,3.589315000,,7075,64,5758,RPI5_Heterogeneous_XMSSMT_2026-09-18/09_joint_parameter_search/02_benchmark/H8-12_W4-16/RUN01/operations.csv
H8-12_W4-16,8,12,4,16,JOINT,verify,6,2213574,2.213574000,1,7075,64,5758,RPI5_Heterogeneous_XMSSMT_2026-09-18/09_joint_parameter_search/02_benchmark/H8-12_W4-16/RUN01/operations.csv
H8-12_W4-16,8,12,4,16,JOINT,sign,7,8010149,8.010149000,,7075,64,5758,RPI5_Heterogeneous_XMSSMT_2026-09-18/09_joint_parameter_search/02_benchmark/H8-12_W4-16/RUN01/operations.csv
H8-12_W4-16,8,12,4,16,JOINT,verify,7,2248963,2.248963000,1,7075,64,5758,RPI5_Heterogeneous_XMSSMT_2026-09-18/09_joint_parameter_search/02_benchmark/H8-12_W4-16/RUN01/operations.csv
H8-12_W4-16,8,12,4,16,JOINT,sign,8,8010611,8.010611000,,7075,64,5758,RPI5_Heterogeneous_XMSSMT_2026-09-18/09_joint_parameter_search/02_benchmark/H8-12_W4-16/RUN01/operations.csv
H8-12_W4-16,8,12,4,16,JOINT,verify,8,2203186,2.203186000,1,7075,64,5758,RPI5_Heterogeneous_XMSSMT_2026-09-18/09_joint_parameter_search/02_benchmark/H8-12_W4-16/RUN01/operations.csv
H8-12_W4-16,8,12,4,16,JOINT,sign,9,3581852,3.581852000,,7075,64,5758,RPI5_Heterogeneous_XMSSMT_2026-09-18/09_joint_parameter_search/02_benchmark/H8-12_W4-16/RUN01/operations.csv
H8-12_W4-16,8,12,4,16,JOINT,verify,9,2203926,2.203926000,1,7075,64,5758,RPI5_Heterogeneous_XMSSMT_2026-09-18/09_joint_parameter_search/02_benchmark/H8-12_W4-16/RUN01/operations.csv
H8-12_W4-16,8,12,4,16,JOINT,sign,10,3522166,3.522166000,,7075,64,5758,RPI5_Heterogeneous_XMSSMT_2026-09-18/09_joint_parameter_search/02_benchmark/H8-12_W4-16/RUN01/operations.csv
H8-12_W4-16,8,12,4,16,JOINT,verify,10,2253685,2.253685000,1,7075,64,5758,RPI5_Heterogeneous_XMSSMT_2026-09-18/09_joint_parameter_search/02_benchmark/H8-12_W4-16/RUN01/operations.csv
H8-12_W4-16,8,12,4,16,JOINT,sign,11,6489778,6.489778000,,7075,64,5758,RPI5_Heterogeneous_XMSSMT_2026-09-18/09_joint_parameter_search/02_benchmark/H8-12_W4-16/RUN01/operations.csv
H8-12_W4-16,8,12,4,16,JOINT,verify,11,2270019,2.270019000,1,7075,64,5758,RPI5_Heterogeneous_XMSSMT_2026-09-18/09_joint_parameter_search/02_benchmark/H8-12_W4-16/RUN01/operations.csv
H8-12_W4-16,8,12,4,16,JOINT,sign,12,3553185,3.553185000,,7075,64,5758,RPI5_Heterogeneous_XMSSMT_2026-09-18/09_joint_parameter_search/02_benchmark/H8-12_W4-16/RUN01/operations.csv
H8-12_W4-16,8,12,4,16,JOINT,verify,12,2223815,2.223815000,1,7075,64,5758,RPI5_Heterogeneous_XMSSMT_2026-09-18/09_joint_parameter_search/02_benchmark/H8-12_W4-16/RUN01/operations.csv
H8-12_W4-16,8,12,4,16,JOINT,sign,13,3598630,3.598630000,,7075,64,5758,RPI5_Heterogeneous_XMSSMT_2026-09-18/09_joint_parameter_search/02_benchmark/H8-12_W4-16/RUN01/operations.csv
H8-12_W4-16,8,12,4,16,JOINT,verify,13,2189778,2.189778000,1,7075,64,5758,RPI5_Heterogeneous_XMSSMT_2026-09-18/09_joint_parameter_search/02_benchmark/H8-12_W4-16/RUN01/operations.csv
H8-12_W4-16,8,12,4,16,JOINT,sign,14,3546797,3.546797000,,7075,64,5758,RPI5_Heterogeneous_XMSSMT_2026-09-18/09_joint_parameter_search/02_benchmark/H8-12_W4-16/RUN01/operations.csv
H8-12_W4-16,8,12,4,16,JOINT,verify,14,2222130,2.222130000,1,7075,64,5758,RPI5_Heterogeneous_XMSSMT_2026-09-18/09_joint_parameter_search/02_benchmark/H8-12_W4-16/RUN01/operations.csv
H8-12_W4-16,8,12,4,16,JOINT,sign,15,7969166,7.969166000,,7075,64,5758,RPI5_Heterogeneous_XMSSMT_2026-09-18/09_joint_parameter_search/02_benchmark/H8-12_W4-16/RUN01/operations.csv
H8-12_W4-16,8,12,4,16,JOINT,verify,15,2255129,2.255129000,1,7075,64,5758,RPI5_Heterogeneous_XMSSMT_2026-09-18/09_joint_parameter_search/02_benchmark/H8-12_W4-16/RUN01/operations.csv
H8-12_W4-16,8,12,4,16,JOINT,sign,16,9462648,9.462648000,,7075,64,5758,RPI5_Heterogeneous_XMSSMT_2026-09-18/09_joint_parameter_search/02_benchmark/H8-12_W4-16/RUN01/operations.csv
H8-12_W4-16,8,12,4,16,JOINT,verify,16,2250851,2.250851000,1,7075,64,5758,RPI5_Heterogeneous_XMSSMT_2026-09-18/09_joint_parameter_search/02_benchmark/H8-12_W4-16/RUN01/operations.csv
H8-12_W4-16,8,12,4,16,JOINT,sign,17,8021352,8.021352000,,7075,64,5758,RPI5_Heterogeneous_XMSSMT_2026-09-18/09_joint_parameter_search/02_benchmark/H8-12_W4-16/RUN01/operations.csv
H8-12_W4-16,8,12,4,16,JOINT,verify,17,2205537,2.205537000,1,7075,64,5758,RPI5_Heterogeneous_XMSSMT_2026-09-18/09_joint_parameter_search/02_benchmark/H8-12_W4-16/RUN01/operations.csv
H8-12_W4-16,8,12,4,16,JOINT,sign,18,9457703,9.457703000,,7075,64,5758,RPI5_Heterogeneous_XMSSMT_2026-09-18/09_joint_parameter_search/02_benchmark/H8-12_W4-16/RUN01/operations.csv
H8-12_W4-16,8,12,4,16,JOINT,verify,18,2247574,2.247574000,1,7075,64,5758,RPI5_Heterogeneous_XMSSMT_2026-09-18/09_joint_parameter_search/02_benchmark/H8-12_W4-16/RUN01/operations.csv
H8-12_W4-16,8,12,4,16,JOINT,sign,19,6530352,6.530352000,,7075,64,5758,RPI5_Heterogeneous_XMSSMT_2026-09-18/09_joint_parameter_search/02_benchmark/H8-12_W4-16/RUN01/operations.csv
H8-12_W4-16,8,12,4,16,JOINT,verify,19,2222870,2.222870000,1,7075,64,5758,RPI5_Heterogeneous_XMSSMT_2026-09-18/09_joint_parameter_search/02_benchmark/H8-12_W4-16/RUN01/operations.csv
H8-12_W4-16,8,12,4,16,JOINT,sign,20,3532425,3.532425000,,7075,64,5758,RPI5_Heterogeneous_XMSSMT_2026-09-18/09_joint_parameter_search/02_benchmark/H8-12_W4-16/RUN01/operations.csv
H8-12_W4-16,8,12,4,16,JOINT,verify,20,2240315,2.240315000,1,7075,64,5758,RPI5_Heterogeneous_XMSSMT_2026-09-18/09_joint_parameter_search/02_benchmark/H8-12_W4-16/RUN01/operations.csv
H8-12_W4-16,8,12,4,16,JOINT,sign,21,3584963,3.584963000,,7075,64,5758,RPI5_Heterogeneous_XMSSMT_2026-09-18/09_joint_parameter_search/02_benchmark/H8-12_W4-16/RUN01/operations.csv
H8-12_W4-16,8,12,4,16,JOINT,verify,21,2202222,2.202222000,1,7075,64,5758,RPI5_Heterogeneous_XMSSMT_2026-09-18/09_joint_parameter_search/02_benchmark/H8-12_W4-16/RUN01/operations.csv
H8-12_W4-16,8,12,4,16,JOINT,sign,22,3523463,3.523463000,,7075,64,5758,RPI5_Heterogeneous_XMSSMT_2026-09-18/09_joint_parameter_search/02_benchmark/H8-12_W4-16/RUN01/operations.csv
H8-12_W4-16,8,12,4,16,JOINT,verify,22,2239241,2.239241000,1,7075,64,5758,RPI5_Heterogeneous_XMSSMT_2026-09-18/09_joint_parameter_search/02_benchmark/H8-12_W4-16/RUN01/operations.csv
H8-12_W4-16,8,12,4,16,JOINT,sign,23,8008481,8.008481000,,7075,64,5758,RPI5_Heterogeneous_XMSSMT_2026-09-18/09_joint_parameter_search/02_benchmark/H8-12_W4-16/RUN01/operations.csv
H8-12_W4-16,8,12,4,16,JOINT,verify,23,2218556,2.218556000,1,7075,64,5758,RPI5_Heterogeneous_XMSSMT_2026-09-18/09_joint_parameter_search/02_benchmark/H8-12_W4-16/RUN01/operations.csv
H8-12_W4-16,8,12,4,16,JOINT,sign,24,8021425,8.021425000,,7075,64,5758,RPI5_Heterogeneous_XMSSMT_2026-09-18/09_joint_parameter_search/02_benchmark/H8-12_W4-16/RUN01/operations.csv
H8-12_W4-16,8,12,4,16,JOINT,verify,24,2206796,2.206796000,1,7075,64,5758,RPI5_Heterogeneous_XMSSMT_2026-09-18/09_joint_parameter_search/02_benchmark/H8-12_W4-16/RUN01/operations.csv
H8-12_W4-16,8,12,4,16,JOINT,sign,25,3495370,3.495370000,,7075,64,5758,RPI5_Heterogeneous_XMSSMT_2026-09-18/09_joint_parameter_search/02_benchmark/H8-12_W4-16/RUN01/operations.csv
H8-12_W4-16,8,12,4,16,JOINT,verify,25,2290203,2.290203000,1,7075,64,5758,RPI5_Heterogeneous_XMSSMT_2026-09-18/09_joint_parameter_search/02_benchmark/H8-12_W4-16/RUN01/operations.csv
H8-12_W4-16,8,12,4,16,JOINT,sign,26,3551389,3.551389000,,7075,64,5758,RPI5_Heterogeneous_XMSSMT_2026-09-18/09_joint_parameter_search/02_benchmark/H8-12_W4-16/RUN01/operations.csv
H8-12_W4-16,8,12,4,16,JOINT,verify,26,2205648,2.205648000,1,7075,64,5758,RPI5_Heterogeneous_XMSSMT_2026-09-18/09_joint_parameter_search/02_benchmark/H8-12_W4-16/RUN01/operations.csv
H8-12_W4-16,8,12,4,16,JOINT,sign,27,6515445,6.515445000,,7075,64,5758,RPI5_Heterogeneous_XMSSMT_2026-09-18/09_joint_parameter_search/02_benchmark/H8-12_W4-16/RUN01/operations.csv
H8-12_W4-16,8,12,4,16,JOINT,verify,27,2218537,2.218537000,1,7075,64,5758,RPI5_Heterogeneous_XMSSMT_2026-09-18/09_joint_parameter_search/02_benchmark/H8-12_W4-16/RUN01/operations.csv
H8-12_W4-16,8,12,4,16,JOINT,sign,28,3547908,3.547908000,,7075,64,5758,RPI5_Heterogeneous_XMSSMT_2026-09-18/09_joint_parameter_search/02_benchmark/H8-12_W4-16/RUN01/operations.csv
H8-12_W4-16,8,12,4,16,JOINT,verify,28,2211111,2.211111000,1,7075,64,5758,RPI5_Heterogeneous_XMSSMT_2026-09-18/09_joint_parameter_search/02_benchmark/H8-12_W4-16/RUN01/operations.csv
H8-12_W4-16,8,12,4,16,JOINT,sign,29,3532093,3.532093000,,7075,64,5758,RPI5_Heterogeneous_XMSSMT_2026-09-18/09_joint_parameter_search/02_benchmark/H8-12_W4-16/RUN01/operations.csv
H8-12_W4-16,8,12,4,16,JOINT,verify,29,2236944,2.236944000,1,7075,64,5758,RPI5_Heterogeneous_XMSSMT_2026-09-18/09_joint_parameter_search/02_benchmark/H8-12_W4-16/RUN01/operations.csv
H8-12_W4-16,8,12,4,16,JOINT,sign,30,3592944,3.592944000,,7075,64,5758,RPI5_Heterogeneous_XMSSMT_2026-09-18/09_joint_parameter_search/02_benchmark/H8-12_W4-16/RUN01/operations.csv
H8-12_W4-16,8,12,4,16,JOINT,verify,30,2174907,2.174907000,1,7075,64,5758,RPI5_Heterogeneous_XMSSMT_2026-09-18/09_joint_parameter_search/02_benchmark/H8-12_W4-16/RUN01/operations.csv
H8-12_W4-16,8,12,4,16,JOINT,sign,31,8051371,8.051371000,,7075,64,5758,RPI5_Heterogeneous_XMSSMT_2026-09-18/09_joint_parameter_search/02_benchmark/H8-12_W4-16/RUN01/operations.csv
H8-12_W4-16,8,12,4,16,JOINT,verify,31,2204574,2.204574000,1,7075,64,5758,RPI5_Heterogeneous_XMSSMT_2026-09-18/09_joint_parameter_search/02_benchmark/H8-12_W4-16/RUN01/operations.csv
H8-12_W4-16,8,12,4,16,JOINT,sign,32,9443482,9.443482000,,7075,64,5758,RPI5_Heterogeneous_XMSSMT_2026-09-18/09_joint_parameter_search/02_benchmark/H8-12_W4-16/RUN01/operations.csv
H8-12_W4-16,8,12,4,16,JOINT,verify,32,2247426,2.247426000,1,7075,64,5758,RPI5_Heterogeneous_XMSSMT_2026-09-18/09_joint_parameter_search/02_benchmark/H8-12_W4-16/RUN01/operations.csv
H8-12_W4-16,8,12,4,16,JOINT,sign,33,8026389,8.026389000,,7075,64,5758,RPI5_Heterogeneous_XMSSMT_2026-09-18/09_joint_parameter_search/02_benchmark/H8-12_W4-16/RUN01/operations.csv
H8-12_W4-16,8,12,4,16,JOINT,verify,33,2201296,2.201296000,1,7075,64,5758,RPI5_Heterogeneous_XMSSMT_2026-09-18/09_joint_parameter_search/02_benchmark/H8-12_W4-16/RUN01/operations.csv
H8-12_W4-16,8,12,4,16,JOINT,sign,34,9447352,9.447352000,,7075,64,5758,RPI5_Heterogeneous_XMSSMT_2026-09-18/09_joint_parameter_search/02_benchmark/H8-12_W4-16/RUN01/operations.csv
H8-12_W4-16,8,12,4,16,JOINT,verify,34,2244056,2.244056000,1,7075,64,5758,RPI5_Heterogeneous_XMSSMT_2026-09-18/09_joint_parameter_search/02_benchmark/H8-12_W4-16/RUN01/operations.csv
H8-12_W4-16,8,12,4,16,JOINT,sign,35,8020592,8.020592000,,7075,64,5758,RPI5_Heterogeneous_XMSSMT_2026-09-18/09_joint_parameter_search/02_benchmark/H8-12_W4-16/RUN01/operations.csv
H8-12_W4-16,8,12,4,16,JOINT,verify,35,2214056,2.214056000,1,7075,64,5758,RPI5_Heterogeneous_XMSSMT_2026-09-18/09_joint_parameter_search/02_benchmark/H8-12_W4-16/RUN01/operations.csv
H8-12_W4-16,8,12,4,16,JOINT,sign,36,9538481,9.538481000,,7075,64,5758,RPI5_Heterogeneous_XMSSMT_2026-09-18/09_joint_parameter_search/02_benchmark/H8-12_W4-16/RUN01/operations.csv
H8-12_W4-16,8,12,4,16,JOINT,verify,36,2168463,2.168463000,1,7075,64,5758,RPI5_Heterogeneous_XMSSMT_2026-09-18/09_joint_parameter_search/02_benchmark/H8-12_W4-16/RUN01/operations.csv
H8-12_W4-16,8,12,4,16,JOINT,sign,37,8024537,8.024537000,,7075,64,5758,RPI5_Heterogeneous_XMSSMT_2026-09-18/09_joint_parameter_search/02_benchmark/H8-12_W4-16/RUN01/operations.csv
H8-12_W4-16,8,12,4,16,JOINT,verify,37,2223111,2.223111000,1,7075,64,5758,RPI5_Heterogeneous_XMSSMT_2026-09-18/09_joint_parameter_search/02_benchmark/H8-12_W4-16/RUN01/operations.csv
H8-12_W4-16,8,12,4,16,JOINT,sign,38,9459500,9.459500000,,7075,64,5758,RPI5_Heterogeneous_XMSSMT_2026-09-18/09_joint_parameter_search/02_benchmark/H8-12_W4-16/RUN01/operations.csv
H8-12_W4-16,8,12,4,16,JOINT,verify,38,2253445,2.253445000,1,7075,64,5758,RPI5_Heterogeneous_XMSSMT_2026-09-18/09_joint_parameter_search/02_benchmark/H8-12_W4-16/RUN01/operations.csv
H8-12_W4-16,8,12,4,16,JOINT,sign,39,7958334,7.958334000,,7075,64,5758,RPI5_Heterogeneous_XMSSMT_2026-09-18/09_joint_parameter_search/02_benchmark/H8-12_W4-16/RUN01/operations.csv
H8-12_W4-16,8,12,4,16,JOINT,verify,39,2274260,2.274260000,1,7075,64,5758,RPI5_Heterogeneous_XMSSMT_2026-09-18/09_joint_parameter_search/02_benchmark/H8-12_W4-16/RUN01/operations.csv
H8-12_W4-16,8,12,4,16,JOINT,sign,40,9466871,9.466871000,,7075,64,5758,RPI5_Heterogeneous_XMSSMT_2026-09-18/09_joint_parameter_search/02_benchmark/H8-12_W4-16/RUN01/operations.csv
H8-12_W4-16,8,12,4,16,JOINT,verify,40,2219703,2.219703000,1,7075,64,5758,RPI5_Heterogeneous_XMSSMT_2026-09-18/09_joint_parameter_search/02_benchmark/H8-12_W4-16/RUN01/operations.csv
H8-12_W4-16,8,12,4,16,JOINT,sign,41,7979722,7.979722000,,7075,64,5758,RPI5_Heterogeneous_XMSSMT_2026-09-18/09_joint_parameter_search/02_benchmark/H8-12_W4-16/RUN01/operations.csv
H8-12_W4-16,8,12,4,16,JOINT,verify,41,2237556,2.237556000,1,7075,64,5758,RPI5_Heterogeneous_XMSSMT_2026-09-18/09_joint_parameter_search/02_benchmark/H8-12_W4-16/RUN01/operations.csv
H8-12_W4-16,8,12,4,16,JOINT,sign,42,3517315,3.517315000,,7075,64,5758,RPI5_Heterogeneous_XMSSMT_2026-09-18/09_joint_parameter_search/02_benchmark/H8-12_W4-16/RUN01/operations.csv
H8-12_W4-16,8,12,4,16,JOINT,verify,42,2235222,2.235222000,1,7075,64,5758,RPI5_Heterogeneous_XMSSMT_2026-09-18/09_joint_parameter_search/02_benchmark/H8-12_W4-16/RUN01/operations.csv
H8-12_W4-16,8,12,4,16,JOINT,sign,43,6478518,6.478518000,,7075,64,5758,RPI5_Heterogeneous_XMSSMT_2026-09-18/09_joint_parameter_search/02_benchmark/H8-12_W4-16/RUN01/operations.csv
H8-12_W4-16,8,12,4,16,JOINT,verify,43,2242222,2.242222000,1,7075,64,5758,RPI5_Heterogeneous_XMSSMT_2026-09-18/09_joint_parameter_search/02_benchmark/H8-12_W4-16/RUN01/operations.csv
H8-12_W4-16,8,12,4,16,JOINT,sign,44,3574056,3.574056000,,7075,64,5758,RPI5_Heterogeneous_XMSSMT_2026-09-18/09_joint_parameter_search/02_benchmark/H8-12_W4-16/RUN01/operations.csv
H8-12_W4-16,8,12,4,16,JOINT,verify,44,2180482,2.180482000,1,7075,64,5758,RPI5_Heterogeneous_XMSSMT_2026-09-18/09_joint_parameter_search/02_benchmark/H8-12_W4-16/RUN01/operations.csv
H8-12_W4-16,8,12,4,16,JOINT,sign,45,3527018,3.527018000,,7075,64,5758,RPI5_Heterogeneous_XMSSMT_2026-09-18/09_joint_parameter_search/02_benchmark/H8-12_W4-16/RUN01/operations.csv
H8-12_W4-16,8,12,4,16,JOINT,verify,45,2234704,2.234704000,1,7075,64,5758,RPI5_Heterogeneous_XMSSMT_2026-09-18/09_joint_parameter_search/02_benchmark/H8-12_W4-16/RUN01/operations.csv
H8-12_W4-16,8,12,4,16,JOINT,sign,46,3509889,3.509889000,,7075,64,5758,RPI5_Heterogeneous_XMSSMT_2026-09-18/09_joint_parameter_search/02_benchmark/H8-12_W4-16/RUN01/operations.csv
H8-12_W4-16,8,12,4,16,JOINT,verify,46,2242445,2.242445000,1,7075,64,5758,RPI5_Heterogeneous_XMSSMT_2026-09-18/09_joint_parameter_search/02_benchmark/H8-12_W4-16/RUN01/operations.csv
H8-12_W4-16,8,12,4,16,JOINT,sign,47,7937852,7.937852000,,7075,64,5758,RPI5_Heterogeneous_XMSSMT_2026-09-18/09_joint_parameter_search/02_benchmark/H8-12_W4-16/RUN01/operations.csv
H8-12_W4-16,8,12,4,16,JOINT,verify,47,2255426,2.255426000,1,7075,64,5758,RPI5_Heterogeneous_XMSSMT_2026-09-18/09_joint_parameter_search/02_benchmark/H8-12_W4-16/RUN01/operations.csv
H8-12_W4-16,8,12,4,16,JOINT,sign,48,9418259,9.418259000,,7075,64,5758,RPI5_Heterogeneous_XMSSMT_2026-09-18/09_joint_parameter_search/02_benchmark/H8-12_W4-16/RUN01/operations.csv
H8-12_W4-16,8,12,4,16,JOINT,verify,48,2242260,2.242260000,1,7075,64,5758,RPI5_Heterogeneous_XMSSMT_2026-09-18/09_joint_parameter_search/02_benchmark/H8-12_W4-16/RUN01/operations.csv
H8-12_W4-16,8,12,4,16,JOINT,sign,49,8004000,8.004000000,,7075,64,5758,RPI5_Heterogeneous_XMSSMT_2026-09-18/09_joint_parameter_search/02_benchmark/H8-12_W4-16/RUN01/operations.csv
H8-12_W4-16,8,12,4,16,JOINT,verify,49,2193833,2.193833000,1,7075,64,5758,RPI5_Heterogeneous_XMSSMT_2026-09-18/09_joint_parameter_search/02_benchmark/H8-12_W4-16/RUN01/operations.csv
H8-12_W4-16,8,12,4,16,JOINT,sign,50,9452130,9.452130000,,7075,64,5758,RPI5_Heterogeneous_XMSSMT_2026-09-18/09_joint_parameter_search/02_benchmark/H8-12_W4-16/RUN01/operations.csv
H8-12_W4-16,8,12,4,16,JOINT,verify,50,2224167,2.224167000,1,7075,64,5758,RPI5_Heterogeneous_XMSSMT_2026-09-18/09_joint_parameter_search/02_benchmark/H8-12_W4-16/RUN01/operations.csv
H8-12_W4-16,8,12,4,16,JOINT,sign,51,6527574,6.527574000,,7075,64,5758,RPI5_Heterogeneous_XMSSMT_2026-09-18/09_joint_parameter_search/02_benchmark/H8-12_W4-16/RUN01/operations.csv
H8-12_W4-16,8,12,4,16,JOINT,verify,51,2217555,2.217555000,1,7075,64,5758,RPI5_Heterogeneous_XMSSMT_2026-09-18/09_joint_parameter_search/02_benchmark/H8-12_W4-16/RUN01/operations.csv
H8-12_W4-16,8,12,4,16,JOINT,sign,52,3514537,3.514537000,,7075,64,5758,RPI5_Heterogeneous_XMSSMT_2026-09-18/09_joint_parameter_search/02_benchmark/H8-12_W4-16/RUN01/operations.csv
H8-12_W4-16,8,12,4,16,JOINT,verify,52,2234593,2.234593000,1,7075,64,5758,RPI5_Heterogeneous_XMSSMT_2026-09-18/09_joint_parameter_search/02_benchmark/H8-12_W4-16/RUN01/operations.csv
H8-12_W4-16,8,12,4,16,JOINT,sign,53,3533944,3.533944000,,7075,64,5758,RPI5_Heterogeneous_XMSSMT_2026-09-18/09_joint_parameter_search/02_benchmark/H8-12_W4-16/RUN01/operations.csv
H8-12_W4-16,8,12,4,16,JOINT,verify,53,2236889,2.236889000,1,7075,64,5758,RPI5_Heterogeneous_XMSSMT_2026-09-18/09_joint_parameter_search/02_benchmark/H8-12_W4-16/RUN01/operations.csv
H8-12_W4-16,8,12,4,16,JOINT,sign,54,3467555,3.467555000,,7075,64,5758,RPI5_Heterogeneous_XMSSMT_2026-09-18/09_joint_parameter_search/02_benchmark/H8-12_W4-16/RUN01/operations.csv
H8-12_W4-16,8,12,4,16,JOINT,verify,54,2284500,2.284500000,1,7075,64,5758,RPI5_Heterogeneous_XMSSMT_2026-09-18/09_joint_parameter_search/02_benchmark/H8-12_W4-16/RUN01/operations.csv
H8-12_W4-16,8,12,4,16,JOINT,sign,55,7995630,7.995630000,,7075,64,5758,RPI5_Heterogeneous_XMSSMT_2026-09-18/09_joint_parameter_search/02_benchmark/H8-12_W4-16/RUN01/operations.csv
H8-12_W4-16,8,12,4,16,JOINT,verify,55,2217703,2.217703000,1,7075,64,5758,RPI5_Heterogeneous_XMSSMT_2026-09-18/09_joint_parameter_search/02_benchmark/H8-12_W4-16/RUN01/operations.csv
H8-12_W4-16,8,12,4,16,JOINT,sign,56,7953778,7.953778000,,7075,64,5758,RPI5_Heterogeneous_XMSSMT_2026-09-18/09_joint_parameter_search/02_benchmark/H8-12_W4-16/RUN01/operations.csv
H8-12_W4-16,8,12,4,16,JOINT,verify,56,2243833,2.243833000,1,7075,64,5758,RPI5_Heterogeneous_XMSSMT_2026-09-18/09_joint_parameter_search/02_benchmark/H8-12_W4-16/RUN01/operations.csv
H8-12_W4-16,8,12,4,16,JOINT,sign,57,3483074,3.483074000,,7075,64,5758,RPI5_Heterogeneous_XMSSMT_2026-09-18/09_joint_parameter_search/02_benchmark/H8-12_W4-16/RUN01/operations.csv
H8-12_W4-16,8,12,4,16,JOINT,verify,57,2286889,2.286889000,1,7075,64,5758,RPI5_Heterogeneous_XMSSMT_2026-09-18/09_joint_parameter_search/02_benchmark/H8-12_W4-16/RUN01/operations.csv
H8-12_W4-16,8,12,4,16,JOINT,sign,58,3517500,3.517500000,,7075,64,5758,RPI5_Heterogeneous_XMSSMT_2026-09-18/09_joint_parameter_search/02_benchmark/H8-12_W4-16/RUN01/operations.csv
H8-12_W4-16,8,12,4,16,JOINT,verify,58,2233315,2.233315000,1,7075,64,5758,RPI5_Heterogeneous_XMSSMT_2026-09-18/09_joint_parameter_search/02_benchmark/H8-12_W4-16/RUN01/operations.csv
H8-12_W4-16,8,12,4,16,JOINT,sign,59,6480852,6.480852000,,7075,64,5758,RPI5_Heterogeneous_XMSSMT_2026-09-18/09_joint_parameter_search/02_benchmark/H8-12_W4-16/RUN01/operations.csv
H8-12_W4-16,8,12,4,16,JOINT,verify,59,2237907,2.237907000,1,7075,64,5758,RPI5_Heterogeneous_XMSSMT_2026-09-18/09_joint_parameter_search/02_benchmark/H8-12_W4-16/RUN01/operations.csv
H8-12_W4-16,8,12,4,16,JOINT,sign,60,3546704,3.546704000,,7075,64,5758,RPI5_Heterogeneous_XMSSMT_2026-09-18/09_joint_parameter_search/02_benchmark/H8-12_W4-16/RUN01/operations.csv
H8-12_W4-16,8,12,4,16,JOINT,verify,60,2207259,2.207259000,1,7075,64,5758,RPI5_Heterogeneous_XMSSMT_2026-09-18/09_joint_parameter_search/02_benchmark/H8-12_W4-16/RUN01/operations.csv
H8-12_W4-16,8,12,4,16,JOINT,sign,61,3584648,3.584648000,,7075,64,5758,RPI5_Heterogeneous_XMSSMT_2026-09-18/09_joint_parameter_search/02_benchmark/H8-12_W4-16/RUN01/operations.csv
H8-12_W4-16,8,12,4,16,JOINT,verify,61,2181186,2.181186000,1,7075,64,5758,RPI5_Heterogeneous_XMSSMT_2026-09-18/09_joint_parameter_search/02_benchmark/H8-12_W4-16/RUN01/operations.csv
H8-12_W4-16,8,12,4,16,JOINT,sign,62,3570537,3.570537000,,7075,64,5758,RPI5_Heterogeneous_XMSSMT_2026-09-18/09_joint_parameter_search/02_benchmark/H8-12_W4-16/RUN01/operations.csv
H8-12_W4-16,8,12,4,16,JOINT,verify,62,2182944,2.182944000,1,7075,64,5758,RPI5_Heterogeneous_XMSSMT_2026-09-18/09_joint_parameter_search/02_benchmark/H8-12_W4-16/RUN01/operations.csv
H8-12_W4-16,8,12,4,16,JOINT,sign,63,7936870,7.936870000,,7075,64,5758,RPI5_Heterogeneous_XMSSMT_2026-09-18/09_joint_parameter_search/02_benchmark/H8-12_W4-16/RUN01/operations.csv
H8-12_W4-16,8,12,4,16,JOINT,verify,63,2277796,2.277796000,1,7075,64,5758,RPI5_Heterogeneous_XMSSMT_2026-09-18/09_joint_parameter_search/02_benchmark/H8-12_W4-16/RUN01/operations.csv
H8-12_W4-16,8,12,4,16,JOINT,sign,64,9429111,9.429111000,,7075,64,5758,RPI5_Heterogeneous_XMSSMT_2026-09-18/09_joint_parameter_search/02_benchmark/H8-12_W4-16/RUN01/operations.csv
H8-12_W4-16,8,12,4,16,JOINT,verify,64,2270148,2.270148000,1,7075,64,5758,RPI5_Heterogeneous_XMSSMT_2026-09-18/09_joint_parameter_search/02_benchmark/H8-12_W4-16/RUN01/operations.csv
H8-12_W4-16,8,12,4,16,JOINT,sign,65,7969778,7.969778000,,7075,64,5758,RPI5_Heterogeneous_XMSSMT_2026-09-18/09_joint_parameter_search/02_benchmark/H8-12_W4-16/RUN01/operations.csv
H8-12_W4-16,8,12,4,16,JOINT,verify,65,2246648,2.246648000,1,7075,64,5758,RPI5_Heterogeneous_XMSSMT_2026-09-18/09_joint_parameter_search/02_benchmark/H8-12_W4-16/RUN01/operations.csv
H8-12_W4-16,8,12,4,16,JOINT,sign,66,9403982,9.403982000,,7075,64,5758,RPI5_Heterogeneous_XMSSMT_2026-09-18/09_joint_parameter_search/02_benchmark/H8-12_W4-16/RUN01/operations.csv
H8-12_W4-16,8,12,4,16,JOINT,verify,66,2300463,2.300463000,1,7075,64,5758,RPI5_Heterogeneous_XMSSMT_2026-09-18/09_joint_parameter_search/02_benchmark/H8-12_W4-16/RUN01/operations.csv
H8-12_W4-16,8,12,4,16,JOINT,sign,67,7975222,7.975222000,,7075,64,5758,RPI5_Heterogeneous_XMSSMT_2026-09-18/09_joint_parameter_search/02_benchmark/H8-12_W4-16/RUN01/operations.csv
H8-12_W4-16,8,12,4,16,JOINT,verify,67,2289703,2.289703000,1,7075,64,5758,RPI5_Heterogeneous_XMSSMT_2026-09-18/09_joint_parameter_search/02_benchmark/H8-12_W4-16/RUN01/operations.csv
H8-12_W4-16,8,12,4,16,JOINT,sign,68,9436852,9.436852000,,7075,64,5758,RPI5_Heterogeneous_XMSSMT_2026-09-18/09_joint_parameter_search/02_benchmark/H8-12_W4-16/RUN01/operations.csv
H8-12_W4-16,8,12,4,16,JOINT,verify,68,2245130,2.245130000,1,7075,64,5758,RPI5_Heterogeneous_XMSSMT_2026-09-18/09_joint_parameter_search/02_benchmark/H8-12_W4-16/RUN01/operations.csv
H8-12_W4-16,8,12,4,16,JOINT,sign,69,8024352,8.024352000,,7075,64,5758,RPI5_Heterogeneous_XMSSMT_2026-09-18/09_joint_parameter_search/02_benchmark/H8-12_W4-16/RUN01/operations.csv
H8-12_W4-16,8,12,4,16,JOINT,verify,69,2204759,2.204759000,1,7075,64,5758,RPI5_Heterogeneous_XMSSMT_2026-09-18/09_joint_parameter_search/02_benchmark/H8-12_W4-16/RUN01/operations.csv
H8-12_W4-16,8,12,4,16,JOINT,sign,70,9442852,9.442852000,,7075,64,5758,RPI5_Heterogeneous_XMSSMT_2026-09-18/09_joint_parameter_search/02_benchmark/H8-12_W4-16/RUN01/operations.csv
H8-12_W4-16,8,12,4,16,JOINT,verify,70,2256667,2.256667000,1,7075,64,5758,RPI5_Heterogeneous_XMSSMT_2026-09-18/09_joint_parameter_search/02_benchmark/H8-12_W4-16/RUN01/operations.csv
H8-12_W4-16,8,12,4,16,JOINT,sign,71,8012704,8.012704000,,7075,64,5758,RPI5_Heterogeneous_XMSSMT_2026-09-18/09_joint_parameter_search/02_benchmark/H8-12_W4-16/RUN01/operations.csv
H8-12_W4-16,8,12,4,16,JOINT,verify,71,2196852,2.196852000,1,7075,64,5758,RPI5_Heterogeneous_XMSSMT_2026-09-18/09_joint_parameter_search/02_benchmark/H8-12_W4-16/RUN01/operations.csv
H8-12_W4-16,8,12,4,16,JOINT,sign,72,9466870,9.466870000,,7075,64,5758,RPI5_Heterogeneous_XMSSMT_2026-09-18/09_joint_parameter_search/02_benchmark/H8-12_W4-16/RUN01/operations.csv
H8-12_W4-16,8,12,4,16,JOINT,verify,72,2216333,2.216333000,1,7075,64,5758,RPI5_Heterogeneous_XMSSMT_2026-09-18/09_joint_parameter_search/02_benchmark/H8-12_W4-16/RUN01/operations.csv
H8-12_W4-16,8,12,4,16,JOINT,sign,73,8006482,8.006482000,,7075,64,5758,RPI5_Heterogeneous_XMSSMT_2026-09-18/09_joint_parameter_search/02_benchmark/H8-12_W4-16/RUN01/operations.csv
H8-12_W4-16,8,12,4,16,JOINT,verify,73,2211648,2.211648000,1,7075,64,5758,RPI5_Heterogeneous_XMSSMT_2026-09-18/09_joint_parameter_search/02_benchmark/H8-12_W4-16/RUN01/operations.csv
H8-12_W4-16,8,12,4,16,JOINT,sign,74,9427130,9.427130000,,7075,64,5758,RPI5_Heterogeneous_XMSSMT_2026-09-18/09_joint_parameter_search/02_benchmark/H8-12_W4-16/RUN01/operations.csv
H8-12_W4-16,8,12,4,16,JOINT,verify,74,2246093,2.246093000,1,7075,64,5758,RPI5_Heterogeneous_XMSSMT_2026-09-18/09_joint_parameter_search/02_benchmark/H8-12_W4-16/RUN01/operations.csv
H8-12_W4-16,8,12,4,16,JOINT,sign,75,8003149,8.003149000,,7075,64,5758,RPI5_Heterogeneous_XMSSMT_2026-09-18/09_joint_parameter_search/02_benchmark/H8-12_W4-16/RUN01/operations.csv
H8-12_W4-16,8,12,4,16,JOINT,verify,75,2210592,2.210592000,1,7075,64,5758,RPI5_Heterogeneous_XMSSMT_2026-09-18/09_joint_parameter_search/02_benchmark/H8-12_W4-16/RUN01/operations.csv
H8-12_W4-16,8,12,4,16,JOINT,sign,76,9439722,9.439722000,,7075,64,5758,RPI5_Heterogeneous_XMSSMT_2026-09-18/09_joint_parameter_search/02_benchmark/H8-12_W4-16/RUN01/operations.csv
H8-12_W4-16,8,12,4,16,JOINT,verify,76,2252296,2.252296000,1,7075,64,5758,RPI5_Heterogeneous_XMSSMT_2026-09-18/09_joint_parameter_search/02_benchmark/H8-12_W4-16/RUN01/operations.csv
H8-12_W4-16,8,12,4,16,JOINT,sign,77,7971667,7.971667000,,7075,64,5758,RPI5_Heterogeneous_XMSSMT_2026-09-18/09_joint_parameter_search/02_benchmark/H8-12_W4-16/RUN01/operations.csv
H8-12_W4-16,8,12,4,16,JOINT,verify,77,2242426,2.242426000,1,7075,64,5758,RPI5_Heterogeneous_XMSSMT_2026-09-18/09_joint_parameter_search/02_benchmark/H8-12_W4-16/RUN01/operations.csv
H8-12_W4-16,8,12,4,16,JOINT,sign,78,9400629,9.400629000,,7075,64,5758,RPI5_Heterogeneous_XMSSMT_2026-09-18/09_joint_parameter_search/02_benchmark/H8-12_W4-16/RUN01/operations.csv
H8-12_W4-16,8,12,4,16,JOINT,verify,78,2292482,2.292482000,1,7075,64,5758,RPI5_Heterogeneous_XMSSMT_2026-09-18/09_joint_parameter_search/02_benchmark/H8-12_W4-16/RUN01/operations.csv
H8-12_W4-16,8,12,4,16,JOINT,sign,79,7947852,7.947852000,,7075,64,5758,RPI5_Heterogeneous_XMSSMT_2026-09-18/09_joint_parameter_search/02_benchmark/H8-12_W4-16/RUN01/operations.csv
H8-12_W4-16,8,12,4,16,JOINT,verify,79,2259612,2.259612000,1,7075,64,5758,RPI5_Heterogeneous_XMSSMT_2026-09-18/09_joint_parameter_search/02_benchmark/H8-12_W4-16/RUN01/operations.csv
H8-12_W4-16,8,12,4,16,JOINT,sign,80,9417223,9.417223000,,7075,64,5758,RPI5_Heterogeneous_XMSSMT_2026-09-18/09_joint_parameter_search/02_benchmark/H8-12_W4-16/RUN01/operations.csv
H8-12_W4-16,8,12,4,16,JOINT,verify,80,2250371,2.250371000,1,7075,64,5758,RPI5_Heterogeneous_XMSSMT_2026-09-18/09_joint_parameter_search/02_benchmark/H8-12_W4-16/RUN01/operations.csv
H8-12_W4-16,8,12,4,16,JOINT,sign,81,7991481,7.991481000,,7075,64,5758,RPI5_Heterogeneous_XMSSMT_2026-09-18/09_joint_parameter_search/02_benchmark/H8-12_W4-16/RUN01/operations.csv
H8-12_W4-16,8,12,4,16,JOINT,verify,81,2217112,2.217112000,1,7075,64,5758,RPI5_Heterogeneous_XMSSMT_2026-09-18/09_joint_parameter_search/02_benchmark/H8-12_W4-16/RUN01/operations.csv
H8-12_W4-16,8,12,4,16,JOINT,sign,82,9421500,9.421500000,,7075,64,5758,RPI5_Heterogeneous_XMSSMT_2026-09-18/09_joint_parameter_search/02_benchmark/H8-12_W4-16/RUN01/operations.csv
H8-12_W4-16,8,12,4,16,JOINT,verify,82,2254148,2.254148000,1,7075,64,5758,RPI5_Heterogeneous_XMSSMT_2026-09-18/09_joint_parameter_search/02_benchmark/H8-12_W4-16/RUN01/operations.csv
H8-12_W4-16,8,12,4,16,JOINT,sign,83,7957389,7.957389000,,7075,64,5758,RPI5_Heterogeneous_XMSSMT_2026-09-18/09_joint_parameter_search/02_benchmark/H8-12_W4-16/RUN01/operations.csv
H8-12_W4-16,8,12,4,16,JOINT,verify,83,2262445,2.262445000,1,7075,64,5758,RPI5_Heterogeneous_XMSSMT_2026-09-18/09_joint_parameter_search/02_benchmark/H8-12_W4-16/RUN01/operations.csv
H8-12_W4-16,8,12,4,16,JOINT,sign,84,9481185,9.481185000,,7075,64,5758,RPI5_Heterogeneous_XMSSMT_2026-09-18/09_joint_parameter_search/02_benchmark/H8-12_W4-16/RUN01/operations.csv
H8-12_W4-16,8,12,4,16,JOINT,verify,84,2215981,2.215981000,1,7075,64,5758,RPI5_Heterogeneous_XMSSMT_2026-09-18/09_joint_parameter_search/02_benchmark/H8-12_W4-16/RUN01/operations.csv
H8-12_W4-16,8,12,4,16,JOINT,sign,85,8036518,8.036518000,,7075,64,5758,RPI5_Heterogeneous_XMSSMT_2026-09-18/09_joint_parameter_search/02_benchmark/H8-12_W4-16/RUN01/operations.csv
H8-12_W4-16,8,12,4,16,JOINT,verify,85,2187056,2.187056000,1,7075,64,5758,RPI5_Heterogeneous_XMSSMT_2026-09-18/09_joint_parameter_search/02_benchmark/H8-12_W4-16/RUN01/operations.csv
H8-12_W4-16,8,12,4,16,JOINT,sign,86,9472685,9.472685000,,7075,64,5758,RPI5_Heterogeneous_XMSSMT_2026-09-18/09_joint_parameter_search/02_benchmark/H8-12_W4-16/RUN01/operations.csv
H8-12_W4-16,8,12,4,16,JOINT,verify,86,2206296,2.206296000,1,7075,64,5758,RPI5_Heterogeneous_XMSSMT_2026-09-18/09_joint_parameter_search/02_benchmark/H8-12_W4-16/RUN01/operations.csv
H8-12_W4-16,8,12,4,16,JOINT,sign,87,7976074,7.976074000,,7075,64,5758,RPI5_Heterogeneous_XMSSMT_2026-09-18/09_joint_parameter_search/02_benchmark/H8-12_W4-16/RUN01/operations.csv
H8-12_W4-16,8,12,4,16,JOINT,verify,87,2256111,2.256111000,1,7075,64,5758,RPI5_Heterogeneous_XMSSMT_2026-09-18/09_joint_parameter_search/02_benchmark/H8-12_W4-16/RUN01/operations.csv
H8-12_W4-16,8,12,4,16,JOINT,sign,88,9443000,9.443000000,,7075,64,5758,RPI5_Heterogeneous_XMSSMT_2026-09-18/09_joint_parameter_search/02_benchmark/H8-12_W4-16/RUN01/operations.csv
H8-12_W4-16,8,12,4,16,JOINT,verify,88,2259111,2.259111000,1,7075,64,5758,RPI5_Heterogeneous_XMSSMT_2026-09-18/09_joint_parameter_search/02_benchmark/H8-12_W4-16/RUN01/operations.csv
H8-12_W4-16,8,12,4,16,JOINT,sign,89,8011148,8.011148000,,7075,64,5758,RPI5_Heterogeneous_XMSSMT_2026-09-18/09_joint_parameter_search/02_benchmark/H8-12_W4-16/RUN01/operations.csv
H8-12_W4-16,8,12,4,16,JOINT,verify,89,2202611,2.202611000,1,7075,64,5758,RPI5_Heterogeneous_XMSSMT_2026-09-18/09_joint_parameter_search/02_benchmark/H8-12_W4-16/RUN01/operations.csv
H8-12_W4-16,8,12,4,16,JOINT,sign,90,3546537,3.546537000,,7075,64,5758,RPI5_Heterogeneous_XMSSMT_2026-09-18/09_joint_parameter_search/02_benchmark/H8-12_W4-16/RUN01/operations.csv
H8-12_W4-16,8,12,4,16,JOINT,verify,90,2217444,2.217444000,1,7075,64,5758,RPI5_Heterogeneous_XMSSMT_2026-09-18/09_joint_parameter_search/02_benchmark/H8-12_W4-16/RUN01/operations.csv
H8-12_W4-16,8,12,4,16,JOINT,sign,91,6491796,6.491796000,,7075,64,5758,RPI5_Heterogeneous_XMSSMT_2026-09-18/09_joint_parameter_search/02_benchmark/H8-12_W4-16/RUN01/operations.csv
H8-12_W4-16,8,12,4,16,JOINT,verify,91,2258352,2.258352000,1,7075,64,5758,RPI5_Heterogeneous_XMSSMT_2026-09-18/09_joint_parameter_search/02_benchmark/H8-12_W4-16/RUN01/operations.csv
H8-12_W4-16,8,12,4,16,JOINT,sign,92,3487259,3.487259000,,7075,64,5758,RPI5_Heterogeneous_XMSSMT_2026-09-18/09_joint_parameter_search/02_benchmark/H8-12_W4-16/RUN01/operations.csv
H8-12_W4-16,8,12,4,16,JOINT,verify,92,2273537,2.273537000,1,7075,64,5758,RPI5_Heterogeneous_XMSSMT_2026-09-18/09_joint_parameter_search/02_benchmark/H8-12_W4-16/RUN01/operations.csv
H8-12_W4-16,8,12,4,16,JOINT,sign,93,3506130,3.506130000,,7075,64,5758,RPI5_Heterogeneous_XMSSMT_2026-09-18/09_joint_parameter_search/02_benchmark/H8-12_W4-16/RUN01/operations.csv
H8-12_W4-16,8,12,4,16,JOINT,verify,93,2278537,2.278537000,1,7075,64,5758,RPI5_Heterogeneous_XMSSMT_2026-09-18/09_joint_parameter_search/02_benchmark/H8-12_W4-16/RUN01/operations.csv
H8-12_W4-16,8,12,4,16,JOINT,sign,94,3566834,3.566834000,,7075,64,5758,RPI5_Heterogeneous_XMSSMT_2026-09-18/09_joint_parameter_search/02_benchmark/H8-12_W4-16/RUN01/operations.csv
H8-12_W4-16,8,12,4,16,JOINT,verify,94,2198908,2.198908000,1,7075,64,5758,RPI5_Heterogeneous_XMSSMT_2026-09-18/09_joint_parameter_search/02_benchmark/H8-12_W4-16/RUN01/operations.csv
H8-12_W4-16,8,12,4,16,JOINT,sign,95,8021093,8.021093000,,7075,64,5758,RPI5_Heterogeneous_XMSSMT_2026-09-18/09_joint_parameter_search/02_benchmark/H8-12_W4-16/RUN01/operations.csv
H8-12_W4-16,8,12,4,16,JOINT,verify,95,2209722,2.209722000,1,7075,64,5758,RPI5_Heterogeneous_XMSSMT_2026-09-18/09_joint_parameter_search/02_benchmark/H8-12_W4-16/RUN01/operations.csv
H8-12_W4-16,8,12,4,16,JOINT,sign,96,9448667,9.448667000,,7075,64,5758,RPI5_Heterogeneous_XMSSMT_2026-09-18/09_joint_parameter_search/02_benchmark/H8-12_W4-16/RUN01/operations.csv
H8-12_W4-16,8,12,4,16,JOINT,verify,96,2251222,2.251222000,1,7075,64,5758,RPI5_Heterogeneous_XMSSMT_2026-09-18/09_joint_parameter_search/02_benchmark/H8-12_W4-16/RUN01/operations.csv
H8-12_W4-16,8,12,4,16,JOINT,sign,97,7989055,7.989055000,,7075,64,5758,RPI5_Heterogeneous_XMSSMT_2026-09-18/09_joint_parameter_search/02_benchmark/H8-12_W4-16/RUN01/operations.csv
H8-12_W4-16,8,12,4,16,JOINT,verify,97,2239814,2.239814000,1,7075,64,5758,RPI5_Heterogeneous_XMSSMT_2026-09-18/09_joint_parameter_search/02_benchmark/H8-12_W4-16/RUN01/operations.csv
H8-12_W4-16,8,12,4,16,JOINT,sign,98,9455555,9.455555000,,7075,64,5758,RPI5_Heterogeneous_XMSSMT_2026-09-18/09_joint_parameter_search/02_benchmark/H8-12_W4-16/RUN01/operations.csv
H8-12_W4-16,8,12,4,16,JOINT,verify,98,2241667,2.241667000,1,7075,64,5758,RPI5_Heterogeneous_XMSSMT_2026-09-18/09_joint_parameter_search/02_benchmark/H8-12_W4-16/RUN01/operations.csv
H8-12_W4-16,8,12,4,16,JOINT,sign,99,7992407,7.992407000,,7075,64,5758,RPI5_Heterogeneous_XMSSMT_2026-09-18/09_joint_parameter_search/02_benchmark/H8-12_W4-16/RUN01/operations.csv
H8-12_W4-16,8,12,4,16,JOINT,verify,99,2218537,2.218537000,1,7075,64,5758,RPI5_Heterogeneous_XMSSMT_2026-09-18/09_joint_parameter_search/02_benchmark/H8-12_W4-16/RUN01/operations.csv
H8-12_W16-4,8,12,16,4,JOINT,keygen,0,6283461997,6283.461997000,,7075,64,7870,RPI5_Heterogeneous_XMSSMT_2026-09-18/09_joint_parameter_search/02_benchmark/H8-12_W16-4/RUN01/operations.csv
H8-12_W16-4,8,12,16,4,JOINT,keygen,1,6278010422,6278.010422000,,7075,64,7870,RPI5_Heterogeneous_XMSSMT_2026-09-18/09_joint_parameter_search/02_benchmark/H8-12_W16-4/RUN01/operations.csv
H8-12_W16-4,8,12,16,4,JOINT,keygen,2,6276314107,6276.314107000,,7075,64,7870,RPI5_Heterogeneous_XMSSMT_2026-09-18/09_joint_parameter_search/02_benchmark/H8-12_W16-4/RUN01/operations.csv
H8-12_W16-4,8,12,16,4,JOINT,keygen,3,6283587608,6283.587608000,,7075,64,7870,RPI5_Heterogeneous_XMSSMT_2026-09-18/09_joint_parameter_search/02_benchmark/H8-12_W16-4/RUN01/operations.csv
H8-12_W16-4,8,12,16,4,JOINT,keygen,4,6274280144,6274.280144000,,7075,64,7870,RPI5_Heterogeneous_XMSSMT_2026-09-18/09_joint_parameter_search/02_benchmark/H8-12_W16-4/RUN01/operations.csv
H8-12_W16-4,8,12,16,4,JOINT,keygen,5,6278659496,6278.659496000,,7075,64,7870,RPI5_Heterogeneous_XMSSMT_2026-09-18/09_joint_parameter_search/02_benchmark/H8-12_W16-4/RUN01/operations.csv
H8-12_W16-4,8,12,16,4,JOINT,keygen,6,6283295774,6283.295774000,,7075,64,7870,RPI5_Heterogeneous_XMSSMT_2026-09-18/09_joint_parameter_search/02_benchmark/H8-12_W16-4/RUN01/operations.csv
H8-12_W16-4,8,12,16,4,JOINT,keygen,7,6279394014,6279.394014000,,7075,64,7870,RPI5_Heterogeneous_XMSSMT_2026-09-18/09_joint_parameter_search/02_benchmark/H8-12_W16-4/RUN01/operations.csv
H8-12_W16-4,8,12,16,4,JOINT,keygen,8,6282992570,6282.992570000,,7075,64,7870,RPI5_Heterogeneous_XMSSMT_2026-09-18/09_joint_parameter_search/02_benchmark/H8-12_W16-4/RUN01/operations.csv
H8-12_W16-4,8,12,16,4,JOINT,keygen,9,6272546237,6272.546237000,,7075,64,7870,RPI5_Heterogeneous_XMSSMT_2026-09-18/09_joint_parameter_search/02_benchmark/H8-12_W16-4/RUN01/operations.csv
H8-12_W16-4,8,12,16,4,JOINT,sign,0,6076315,6.076315000,,7075,64,7870,RPI5_Heterogeneous_XMSSMT_2026-09-18/09_joint_parameter_search/02_benchmark/H8-12_W16-4/RUN01/operations.csv
H8-12_W16-4,8,12,16,4,JOINT,verify,0,2251204,2.251204000,1,7075,64,7870,RPI5_Heterogeneous_XMSSMT_2026-09-18/09_joint_parameter_search/02_benchmark/H8-12_W16-4/RUN01/operations.csv
H8-12_W16-4,8,12,16,4,JOINT,sign,1,6079704,6.079704000,,7075,64,7870,RPI5_Heterogeneous_XMSSMT_2026-09-18/09_joint_parameter_search/02_benchmark/H8-12_W16-4/RUN01/operations.csv
H8-12_W16-4,8,12,16,4,JOINT,verify,1,2246851,2.246851000,1,7075,64,7870,RPI5_Heterogeneous_XMSSMT_2026-09-18/09_joint_parameter_search/02_benchmark/H8-12_W16-4/RUN01/operations.csv
H8-12_W16-4,8,12,16,4,JOINT,sign,2,6070111,6.070111000,,7075,64,7870,RPI5_Heterogeneous_XMSSMT_2026-09-18/09_joint_parameter_search/02_benchmark/H8-12_W16-4/RUN01/operations.csv
H8-12_W16-4,8,12,16,4,JOINT,verify,2,2248574,2.248574000,1,7075,64,7870,RPI5_Heterogeneous_XMSSMT_2026-09-18/09_joint_parameter_search/02_benchmark/H8-12_W16-4/RUN01/operations.csv
H8-12_W16-4,8,12,16,4,JOINT,sign,3,11135260,11.135260000,,7075,64,7870,RPI5_Heterogeneous_XMSSMT_2026-09-18/09_joint_parameter_search/02_benchmark/H8-12_W16-4/RUN01/operations.csv
H8-12_W16-4,8,12,16,4,JOINT,verify,3,2115334,2.115334000,1,7075,64,7870,RPI5_Heterogeneous_XMSSMT_2026-09-18/09_joint_parameter_search/02_benchmark/H8-12_W16-4/RUN01/operations.csv
H8-12_W16-4,8,12,16,4,JOINT,sign,4,5965259,5.965259000,,7075,64,7870,RPI5_Heterogeneous_XMSSMT_2026-09-18/09_joint_parameter_search/02_benchmark/H8-12_W16-4/RUN01/operations.csv
H8-12_W16-4,8,12,16,4,JOINT,verify,4,2346889,2.346889000,1,7075,64,7870,RPI5_Heterogeneous_XMSSMT_2026-09-18/09_joint_parameter_search/02_benchmark/H8-12_W16-4/RUN01/operations.csv
H8-12_W16-4,8,12,16,4,JOINT,sign,5,6073370,6.073370000,,7075,64,7870,RPI5_Heterogeneous_XMSSMT_2026-09-18/09_joint_parameter_search/02_benchmark/H8-12_W16-4/RUN01/operations.csv
H8-12_W16-4,8,12,16,4,JOINT,verify,5,2249055,2.249055000,1,7075,64,7870,RPI5_Heterogeneous_XMSSMT_2026-09-18/09_joint_parameter_search/02_benchmark/H8-12_W16-4/RUN01/operations.csv
H8-12_W16-4,8,12,16,4,JOINT,sign,6,6036852,6.036852000,,7075,64,7870,RPI5_Heterogeneous_XMSSMT_2026-09-18/09_joint_parameter_search/02_benchmark/H8-12_W16-4/RUN01/operations.csv
H8-12_W16-4,8,12,16,4,JOINT,verify,6,2282908,2.282908000,1,7075,64,7870,RPI5_Heterogeneous_XMSSMT_2026-09-18/09_joint_parameter_search/02_benchmark/H8-12_W16-4/RUN01/operations.csv
H8-12_W16-4,8,12,16,4,JOINT,sign,7,13624389,13.624389000,,7075,64,7870,RPI5_Heterogeneous_XMSSMT_2026-09-18/09_joint_parameter_search/02_benchmark/H8-12_W16-4/RUN01/operations.csv
H8-12_W16-4,8,12,16,4,JOINT,verify,7,2084241,2.084241000,1,7075,64,7870,RPI5_Heterogeneous_XMSSMT_2026-09-18/09_joint_parameter_search/02_benchmark/H8-12_W16-4/RUN01/operations.csv
H8-12_W16-4,8,12,16,4,JOINT,sign,8,13518648,13.518648000,,7075,64,7870,RPI5_Heterogeneous_XMSSMT_2026-09-18/09_joint_parameter_search/02_benchmark/H8-12_W16-4/RUN01/operations.csv
H8-12_W16-4,8,12,16,4,JOINT,verify,8,2183833,2.183833000,1,7075,64,7870,RPI5_Heterogeneous_XMSSMT_2026-09-18/09_joint_parameter_search/02_benchmark/H8-12_W16-4/RUN01/operations.csv
H8-12_W16-4,8,12,16,4,JOINT,sign,9,6175629,6.175629000,,7075,64,7870,RPI5_Heterogeneous_XMSSMT_2026-09-18/09_joint_parameter_search/02_benchmark/H8-12_W16-4/RUN01/operations.csv
H8-12_W16-4,8,12,16,4,JOINT,verify,9,2148871,2.148871000,1,7075,64,7870,RPI5_Heterogeneous_XMSSMT_2026-09-18/09_joint_parameter_search/02_benchmark/H8-12_W16-4/RUN01/operations.csv
H8-12_W16-4,8,12,16,4,JOINT,sign,10,6268408,6.268408000,,7075,64,7870,RPI5_Heterogeneous_XMSSMT_2026-09-18/09_joint_parameter_search/02_benchmark/H8-12_W16-4/RUN01/operations.csv
H8-12_W16-4,8,12,16,4,JOINT,verify,10,2050704,2.050704000,1,7075,64,7870,RPI5_Heterogeneous_XMSSMT_2026-09-18/09_joint_parameter_search/02_benchmark/H8-12_W16-4/RUN01/operations.csv
H8-12_W16-4,8,12,16,4,JOINT,sign,11,10995185,10.995185000,,7075,64,7870,RPI5_Heterogeneous_XMSSMT_2026-09-18/09_joint_parameter_search/02_benchmark/H8-12_W16-4/RUN01/operations.csv
H8-12_W16-4,8,12,16,4,JOINT,verify,11,2244814,2.244814000,1,7075,64,7870,RPI5_Heterogeneous_XMSSMT_2026-09-18/09_joint_parameter_search/02_benchmark/H8-12_W16-4/RUN01/operations.csv
H8-12_W16-4,8,12,16,4,JOINT,sign,12,6098963,6.098963000,,7075,64,7870,RPI5_Heterogeneous_XMSSMT_2026-09-18/09_joint_parameter_search/02_benchmark/H8-12_W16-4/RUN01/operations.csv
H8-12_W16-4,8,12,16,4,JOINT,verify,12,2212074,2.212074000,1,7075,64,7870,RPI5_Heterogeneous_XMSSMT_2026-09-18/09_joint_parameter_search/02_benchmark/H8-12_W16-4/RUN01/operations.csv
H8-12_W16-4,8,12,16,4,JOINT,sign,13,6135315,6.135315000,,7075,64,7870,RPI5_Heterogeneous_XMSSMT_2026-09-18/09_joint_parameter_search/02_benchmark/H8-12_W16-4/RUN01/operations.csv
H8-12_W16-4,8,12,16,4,JOINT,verify,13,2178241,2.178241000,1,7075,64,7870,RPI5_Heterogeneous_XMSSMT_2026-09-18/09_joint_parameter_search/02_benchmark/H8-12_W16-4/RUN01/operations.csv
H8-12_W16-4,8,12,16,4,JOINT,sign,14,6099445,6.099445000,,7075,64,7870,RPI5_Heterogeneous_XMSSMT_2026-09-18/09_joint_parameter_search/02_benchmark/H8-12_W16-4/RUN01/operations.csv
H8-12_W16-4,8,12,16,4,JOINT,verify,14,2216852,2.216852000,1,7075,64,7870,RPI5_Heterogeneous_XMSSMT_2026-09-18/09_joint_parameter_search/02_benchmark/H8-12_W16-4/RUN01/operations.csv
H8-12_W16-4,8,12,16,4,JOINT,sign,15,13479537,13.479537000,,7075,64,7870,RPI5_Heterogeneous_XMSSMT_2026-09-18/09_joint_parameter_search/02_benchmark/H8-12_W16-4/RUN01/operations.csv
H8-12_W16-4,8,12,16,4,JOINT,verify,15,2248111,2.248111000,1,7075,64,7870,RPI5_Heterogeneous_XMSSMT_2026-09-18/09_joint_parameter_search/02_benchmark/H8-12_W16-4/RUN01/operations.csv
H8-12_W16-4,8,12,16,4,JOINT,sign,16,16003722,16.003722000,,7075,64,7870,RPI5_Heterogeneous_XMSSMT_2026-09-18/09_joint_parameter_search/02_benchmark/H8-12_W16-4/RUN01/operations.csv
H8-12_W16-4,8,12,16,4,JOINT,verify,16,2227037,2.227037000,1,7075,64,7870,RPI5_Heterogeneous_XMSSMT_2026-09-18/09_joint_parameter_search/02_benchmark/H8-12_W16-4/RUN01/operations.csv
H8-12_W16-4,8,12,16,4,JOINT,sign,17,13467833,13.467833000,,7075,64,7870,RPI5_Heterogeneous_XMSSMT_2026-09-18/09_joint_parameter_search/02_benchmark/H8-12_W16-4/RUN01/operations.csv
H8-12_W16-4,8,12,16,4,JOINT,verify,17,2247481,2.247481000,1,7075,64,7870,RPI5_Heterogeneous_XMSSMT_2026-09-18/09_joint_parameter_search/02_benchmark/H8-12_W16-4/RUN01/operations.csv
H8-12_W16-4,8,12,16,4,JOINT,sign,18,15923037,15.923037000,,7075,64,7870,RPI5_Heterogeneous_XMSSMT_2026-09-18/09_joint_parameter_search/02_benchmark/H8-12_W16-4/RUN01/operations.csv
H8-12_W16-4,8,12,16,4,JOINT,verify,18,2249333,2.249333000,1,7075,64,7870,RPI5_Heterogeneous_XMSSMT_2026-09-18/09_joint_parameter_search/02_benchmark/H8-12_W16-4/RUN01/operations.csv
H8-12_W16-4,8,12,16,4,JOINT,sign,19,11039926,11.039926000,,7075,64,7870,RPI5_Heterogeneous_XMSSMT_2026-09-18/09_joint_parameter_search/02_benchmark/H8-12_W16-4/RUN01/operations.csv
H8-12_W16-4,8,12,16,4,JOINT,verify,19,2215352,2.215352000,1,7075,64,7870,RPI5_Heterogeneous_XMSSMT_2026-09-18/09_joint_parameter_search/02_benchmark/H8-12_W16-4/RUN01/operations.csv
H8-12_W16-4,8,12,16,4,JOINT,sign,20,6099815,6.099815000,,7075,64,7870,RPI5_Heterogeneous_XMSSMT_2026-09-18/09_joint_parameter_search/02_benchmark/H8-12_W16-4/RUN01/operations.csv
H8-12_W16-4,8,12,16,4,JOINT,verify,20,2213408,2.213408000,1,7075,64,7870,RPI5_Heterogeneous_XMSSMT_2026-09-18/09_joint_parameter_search/02_benchmark/H8-12_W16-4/RUN01/operations.csv
H8-12_W16-4,8,12,16,4,JOINT,sign,21,5974982,5.974982000,,7075,64,7870,RPI5_Heterogeneous_XMSSMT_2026-09-18/09_joint_parameter_search/02_benchmark/H8-12_W16-4/RUN01/operations.csv
H8-12_W16-4,8,12,16,4,JOINT,verify,21,2353778,2.353778000,1,7075,64,7870,RPI5_Heterogeneous_XMSSMT_2026-09-18/09_joint_parameter_search/02_benchmark/H8-12_W16-4/RUN01/operations.csv
H8-12_W16-4,8,12,16,4,JOINT,sign,22,6137759,6.137759000,,7075,64,7870,RPI5_Heterogeneous_XMSSMT_2026-09-18/09_joint_parameter_search/02_benchmark/H8-12_W16-4/RUN01/operations.csv
H8-12_W16-4,8,12,16,4,JOINT,verify,22,2180371,2.180371000,1,7075,64,7870,RPI5_Heterogeneous_XMSSMT_2026-09-18/09_joint_parameter_search/02_benchmark/H8-12_W16-4/RUN01/operations.csv
H8-12_W16-4,8,12,16,4,JOINT,sign,23,13524778,13.524778000,,7075,64,7870,RPI5_Heterogeneous_XMSSMT_2026-09-18/09_joint_parameter_search/02_benchmark/H8-12_W16-4/RUN01/operations.csv
H8-12_W16-4,8,12,16,4,JOINT,verify,23,2226704,2.226704000,1,7075,64,7870,RPI5_Heterogeneous_XMSSMT_2026-09-18/09_joint_parameter_search/02_benchmark/H8-12_W16-4/RUN01/operations.csv
H8-12_W16-4,8,12,16,4,JOINT,sign,24,13587500,13.587500000,,7075,64,7870,RPI5_Heterogeneous_XMSSMT_2026-09-18/09_joint_parameter_search/02_benchmark/H8-12_W16-4/RUN01/operations.csv
H8-12_W16-4,8,12,16,4,JOINT,verify,24,2190871,2.190871000,1,7075,64,7870,RPI5_Heterogeneous_XMSSMT_2026-09-18/09_joint_parameter_search/02_benchmark/H8-12_W16-4/RUN01/operations.csv
H8-12_W16-4,8,12,16,4,JOINT,sign,25,6049000,6.049000000,,7075,64,7870,RPI5_Heterogeneous_XMSSMT_2026-09-18/09_joint_parameter_search/02_benchmark/H8-12_W16-4/RUN01/operations.csv
H8-12_W16-4,8,12,16,4,JOINT,verify,25,2282667,2.282667000,1,7075,64,7870,RPI5_Heterogeneous_XMSSMT_2026-09-18/09_joint_parameter_search/02_benchmark/H8-12_W16-4/RUN01/operations.csv
H8-12_W16-4,8,12,16,4,JOINT,sign,26,6128240,6.128240000,,7075,64,7870,RPI5_Heterogeneous_XMSSMT_2026-09-18/09_joint_parameter_search/02_benchmark/H8-12_W16-4/RUN01/operations.csv
H8-12_W16-4,8,12,16,4,JOINT,verify,26,2178740,2.178740000,1,7075,64,7870,RPI5_Heterogeneous_XMSSMT_2026-09-18/09_joint_parameter_search/02_benchmark/H8-12_W16-4/RUN01/operations.csv
H8-12_W16-4,8,12,16,4,JOINT,sign,27,11067370,11.067370000,,7075,64,7870,RPI5_Heterogeneous_XMSSMT_2026-09-18/09_joint_parameter_search/02_benchmark/H8-12_W16-4/RUN01/operations.csv
H8-12_W16-4,8,12,16,4,JOINT,verify,27,2181815,2.181815000,1,7075,64,7870,RPI5_Heterogeneous_XMSSMT_2026-09-18/09_joint_parameter_search/02_benchmark/H8-12_W16-4/RUN01/operations.csv
H8-12_W16-4,8,12,16,4,JOINT,sign,28,6100981,6.100981000,,7075,64,7870,RPI5_Heterogeneous_XMSSMT_2026-09-18/09_joint_parameter_search/02_benchmark/H8-12_W16-4/RUN01/operations.csv
H8-12_W16-4,8,12,16,4,JOINT,verify,28,2218333,2.218333000,1,7075,64,7870,RPI5_Heterogeneous_XMSSMT_2026-09-18/09_joint_parameter_search/02_benchmark/H8-12_W16-4/RUN01/operations.csv
H8-12_W16-4,8,12,16,4,JOINT,sign,29,5843574,5.843574000,,7075,64,7870,RPI5_Heterogeneous_XMSSMT_2026-09-18/09_joint_parameter_search/02_benchmark/H8-12_W16-4/RUN01/operations.csv
H8-12_W16-4,8,12,16,4,JOINT,verify,29,2479704,2.479704000,1,7075,64,7870,RPI5_Heterogeneous_XMSSMT_2026-09-18/09_joint_parameter_search/02_benchmark/H8-12_W16-4/RUN01/operations.csv
H8-12_W16-4,8,12,16,4,JOINT,sign,30,6039741,6.039741000,,7075,64,7870,RPI5_Heterogeneous_XMSSMT_2026-09-18/09_joint_parameter_search/02_benchmark/H8-12_W16-4/RUN01/operations.csv
H8-12_W16-4,8,12,16,4,JOINT,verify,30,2300797,2.300797000,1,7075,64,7870,RPI5_Heterogeneous_XMSSMT_2026-09-18/09_joint_parameter_search/02_benchmark/H8-12_W16-4/RUN01/operations.csv
H8-12_W16-4,8,12,16,4,JOINT,sign,31,13440871,13.440871000,,7075,64,7870,RPI5_Heterogeneous_XMSSMT_2026-09-18/09_joint_parameter_search/02_benchmark/H8-12_W16-4/RUN01/operations.csv
H8-12_W16-4,8,12,16,4,JOINT,verify,31,2195037,2.195037000,1,7075,64,7870,RPI5_Heterogeneous_XMSSMT_2026-09-18/09_joint_parameter_search/02_benchmark/H8-12_W16-4/RUN01/operations.csv
H8-12_W16-4,8,12,16,4,JOINT,sign,32,16025963,16.025963000,,7075,64,7870,RPI5_Heterogeneous_XMSSMT_2026-09-18/09_joint_parameter_search/02_benchmark/H8-12_W16-4/RUN01/operations.csv
H8-12_W16-4,8,12,16,4,JOINT,verify,32,2031981,2.031981000,1,7075,64,7870,RPI5_Heterogeneous_XMSSMT_2026-09-18/09_joint_parameter_search/02_benchmark/H8-12_W16-4/RUN01/operations.csv
H8-12_W16-4,8,12,16,4,JOINT,sign,33,13390314,13.390314000,,7075,64,7870,RPI5_Heterogeneous_XMSSMT_2026-09-18/09_joint_parameter_search/02_benchmark/H8-12_W16-4/RUN01/operations.csv
H8-12_W16-4,8,12,16,4,JOINT,verify,33,2239963,2.239963000,1,7075,64,7870,RPI5_Heterogeneous_XMSSMT_2026-09-18/09_joint_parameter_search/02_benchmark/H8-12_W16-4/RUN01/operations.csv
H8-12_W16-4,8,12,16,4,JOINT,sign,34,15978630,15.978630000,,7075,64,7870,RPI5_Heterogeneous_XMSSMT_2026-09-18/09_joint_parameter_search/02_benchmark/H8-12_W16-4/RUN01/operations.csv
H8-12_W16-4,8,12,16,4,JOINT,verify,34,2106426,2.106426000,1,7075,64,7870,RPI5_Heterogeneous_XMSSMT_2026-09-18/09_joint_parameter_search/02_benchmark/H8-12_W16-4/RUN01/operations.csv
H8-12_W16-4,8,12,16,4,JOINT,sign,35,13444981,13.444981000,,7075,64,7870,RPI5_Heterogeneous_XMSSMT_2026-09-18/09_joint_parameter_search/02_benchmark/H8-12_W16-4/RUN01/operations.csv
H8-12_W16-4,8,12,16,4,JOINT,verify,35,2164575,2.164575000,1,7075,64,7870,RPI5_Heterogeneous_XMSSMT_2026-09-18/09_joint_parameter_search/02_benchmark/H8-12_W16-4/RUN01/operations.csv
H8-12_W16-4,8,12,16,4,JOINT,sign,36,15822019,15.822019000,,7075,64,7870,RPI5_Heterogeneous_XMSSMT_2026-09-18/09_joint_parameter_search/02_benchmark/H8-12_W16-4/RUN01/operations.csv
H8-12_W16-4,8,12,16,4,JOINT,verify,36,2231630,2.231630000,1,7075,64,7870,RPI5_Heterogeneous_XMSSMT_2026-09-18/09_joint_parameter_search/02_benchmark/H8-12_W16-4/RUN01/operations.csv
H8-12_W16-4,8,12,16,4,JOINT,sign,37,13369296,13.369296000,,7075,64,7870,RPI5_Heterogeneous_XMSSMT_2026-09-18/09_joint_parameter_search/02_benchmark/H8-12_W16-4/RUN01/operations.csv
H8-12_W16-4,8,12,16,4,JOINT,verify,37,2261444,2.261444000,1,7075,64,7870,RPI5_Heterogeneous_XMSSMT_2026-09-18/09_joint_parameter_search/02_benchmark/H8-12_W16-4/RUN01/operations.csv
H8-12_W16-4,8,12,16,4,JOINT,sign,38,15827704,15.827704000,,7075,64,7870,RPI5_Heterogeneous_XMSSMT_2026-09-18/09_joint_parameter_search/02_benchmark/H8-12_W16-4/RUN01/operations.csv
H8-12_W16-4,8,12,16,4,JOINT,verify,38,2229167,2.229167000,1,7075,64,7870,RPI5_Heterogeneous_XMSSMT_2026-09-18/09_joint_parameter_search/02_benchmark/H8-12_W16-4/RUN01/operations.csv
H8-12_W16-4,8,12,16,4,JOINT,sign,39,13507167,13.507167000,,7075,64,7870,RPI5_Heterogeneous_XMSSMT_2026-09-18/09_joint_parameter_search/02_benchmark/H8-12_W16-4/RUN01/operations.csv
H8-12_W16-4,8,12,16,4,JOINT,verify,39,2130241,2.130241000,1,7075,64,7870,RPI5_Heterogeneous_XMSSMT_2026-09-18/09_joint_parameter_search/02_benchmark/H8-12_W16-4/RUN01/operations.csv
H8-12_W16-4,8,12,16,4,JOINT,sign,40,15775315,15.775315000,,7075,64,7870,RPI5_Heterogeneous_XMSSMT_2026-09-18/09_joint_parameter_search/02_benchmark/H8-12_W16-4/RUN01/operations.csv
H8-12_W16-4,8,12,16,4,JOINT,verify,40,2261760,2.261760000,1,7075,64,7870,RPI5_Heterogeneous_XMSSMT_2026-09-18/09_joint_parameter_search/02_benchmark/H8-12_W16-4/RUN01/operations.csv
H8-12_W16-4,8,12,16,4,JOINT,sign,41,13387759,13.387759000,,7075,64,7870,RPI5_Heterogeneous_XMSSMT_2026-09-18/09_joint_parameter_search/02_benchmark/H8-12_W16-4/RUN01/operations.csv
H8-12_W16-4,8,12,16,4,JOINT,verify,41,2228222,2.228222000,1,7075,64,7870,RPI5_Heterogeneous_XMSSMT_2026-09-18/09_joint_parameter_search/02_benchmark/H8-12_W16-4/RUN01/operations.csv
H8-12_W16-4,8,12,16,4,JOINT,sign,42,5970222,5.970222000,,7075,64,7870,RPI5_Heterogeneous_XMSSMT_2026-09-18/09_joint_parameter_search/02_benchmark/H8-12_W16-4/RUN01/operations.csv
H8-12_W16-4,8,12,16,4,JOINT,verify,42,2283222,2.283222000,1,7075,64,7870,RPI5_Heterogeneous_XMSSMT_2026-09-18/09_joint_parameter_search/02_benchmark/H8-12_W16-4/RUN01/operations.csv
H8-12_W16-4,8,12,16,4,JOINT,sign,43,11034333,11.034333000,,7075,64,7870,RPI5_Heterogeneous_XMSSMT_2026-09-18/09_joint_parameter_search/02_benchmark/H8-12_W16-4/RUN01/operations.csv
H8-12_W16-4,8,12,16,4,JOINT,verify,43,2133833,2.133833000,1,7075,64,7870,RPI5_Heterogeneous_XMSSMT_2026-09-18/09_joint_parameter_search/02_benchmark/H8-12_W16-4/RUN01/operations.csv
H8-12_W16-4,8,12,16,4,JOINT,sign,44,6061204,6.061204000,,7075,64,7870,RPI5_Heterogeneous_XMSSMT_2026-09-18/09_joint_parameter_search/02_benchmark/H8-12_W16-4/RUN01/operations.csv
H8-12_W16-4,8,12,16,4,JOINT,verify,44,2198129,2.198129000,1,7075,64,7870,RPI5_Heterogeneous_XMSSMT_2026-09-18/09_joint_parameter_search/02_benchmark/H8-12_W16-4/RUN01/operations.csv
H8-12_W16-4,8,12,16,4,JOINT,sign,45,6037926,6.037926000,,7075,64,7870,RPI5_Heterogeneous_XMSSMT_2026-09-18/09_joint_parameter_search/02_benchmark/H8-12_W16-4/RUN01/operations.csv
H8-12_W16-4,8,12,16,4,JOINT,verify,45,2233352,2.233352000,1,7075,64,7870,RPI5_Heterogeneous_XMSSMT_2026-09-18/09_joint_parameter_search/02_benchmark/H8-12_W16-4/RUN01/operations.csv
H8-12_W16-4,8,12,16,4,JOINT,sign,46,6027556,6.027556000,,7075,64,7870,RPI5_Heterogeneous_XMSSMT_2026-09-18/09_joint_parameter_search/02_benchmark/H8-12_W16-4/RUN01/operations.csv
H8-12_W16-4,8,12,16,4,JOINT,verify,46,2232278,2.232278000,1,7075,64,7870,RPI5_Heterogeneous_XMSSMT_2026-09-18/09_joint_parameter_search/02_benchmark/H8-12_W16-4/RUN01/operations.csv
H8-12_W16-4,8,12,16,4,JOINT,sign,47,13412962,13.412962000,,7075,64,7870,RPI5_Heterogeneous_XMSSMT_2026-09-18/09_joint_parameter_search/02_benchmark/H8-12_W16-4/RUN01/operations.csv
H8-12_W16-4,8,12,16,4,JOINT,verify,47,2193426,2.193426000,1,7075,64,7870,RPI5_Heterogeneous_XMSSMT_2026-09-18/09_joint_parameter_search/02_benchmark/H8-12_W16-4/RUN01/operations.csv
H8-12_W16-4,8,12,16,4,JOINT,sign,48,15719352,15.719352000,,7075,64,7870,RPI5_Heterogeneous_XMSSMT_2026-09-18/09_joint_parameter_search/02_benchmark/H8-12_W16-4/RUN01/operations.csv
H8-12_W16-4,8,12,16,4,JOINT,verify,48,2327556,2.327556000,1,7075,64,7870,RPI5_Heterogeneous_XMSSMT_2026-09-18/09_joint_parameter_search/02_benchmark/H8-12_W16-4/RUN01/operations.csv
H8-12_W16-4,8,12,16,4,JOINT,sign,49,13271685,13.271685000,,7075,64,7870,RPI5_Heterogeneous_XMSSMT_2026-09-18/09_joint_parameter_search/02_benchmark/H8-12_W16-4/RUN01/operations.csv
H8-12_W16-4,8,12,16,4,JOINT,verify,49,2330481,2.330481000,1,7075,64,7870,RPI5_Heterogeneous_XMSSMT_2026-09-18/09_joint_parameter_search/02_benchmark/H8-12_W16-4/RUN01/operations.csv
H8-12_W16-4,8,12,16,4,JOINT,sign,50,15719926,15.719926000,,7075,64,7870,RPI5_Heterogeneous_XMSSMT_2026-09-18/09_joint_parameter_search/02_benchmark/H8-12_W16-4/RUN01/operations.csv
H8-12_W16-4,8,12,16,4,JOINT,verify,50,2325185,2.325185000,1,7075,64,7870,RPI5_Heterogeneous_XMSSMT_2026-09-18/09_joint_parameter_search/02_benchmark/H8-12_W16-4/RUN01/operations.csv
H8-12_W16-4,8,12,16,4,JOINT,sign,51,10917315,10.917315000,,7075,64,7870,RPI5_Heterogeneous_XMSSMT_2026-09-18/09_joint_parameter_search/02_benchmark/H8-12_W16-4/RUN01/operations.csv
H8-12_W16-4,8,12,16,4,JOINT,verify,51,2262296,2.262296000,1,7075,64,7870,RPI5_Heterogeneous_XMSSMT_2026-09-18/09_joint_parameter_search/02_benchmark/H8-12_W16-4/RUN01/operations.csv
H8-12_W16-4,8,12,16,4,JOINT,sign,52,6135537,6.135537000,,7075,64,7870,RPI5_Heterogeneous_XMSSMT_2026-09-18/09_joint_parameter_search/02_benchmark/H8-12_W16-4/RUN01/operations.csv
H8-12_W16-4,8,12,16,4,JOINT,verify,52,2135500,2.135500000,1,7075,64,7870,RPI5_Heterogeneous_XMSSMT_2026-09-18/09_joint_parameter_search/02_benchmark/H8-12_W16-4/RUN01/operations.csv
H8-12_W16-4,8,12,16,4,JOINT,sign,53,6142370,6.142370000,,7075,64,7870,RPI5_Heterogeneous_XMSSMT_2026-09-18/09_joint_parameter_search/02_benchmark/H8-12_W16-4/RUN01/operations.csv
H8-12_W16-4,8,12,16,4,JOINT,verify,53,2135426,2.135426000,1,7075,64,7870,RPI5_Heterogeneous_XMSSMT_2026-09-18/09_joint_parameter_search/02_benchmark/H8-12_W16-4/RUN01/operations.csv
H8-12_W16-4,8,12,16,4,JOINT,sign,54,6143297,6.143297000,,7075,64,7870,RPI5_Heterogeneous_XMSSMT_2026-09-18/09_joint_parameter_search/02_benchmark/H8-12_W16-4/RUN01/operations.csv
H8-12_W16-4,8,12,16,4,JOINT,verify,54,2103981,2.103981000,1,7075,64,7870,RPI5_Heterogeneous_XMSSMT_2026-09-18/09_joint_parameter_search/02_benchmark/H8-12_W16-4/RUN01/operations.csv
H8-12_W16-4,8,12,16,4,JOINT,sign,55,13509389,13.509389000,,7075,64,7870,RPI5_Heterogeneous_XMSSMT_2026-09-18/09_joint_parameter_search/02_benchmark/H8-12_W16-4/RUN01/operations.csv
H8-12_W16-4,8,12,16,4,JOINT,verify,55,2097703,2.097703000,1,7075,64,7870,RPI5_Heterogeneous_XMSSMT_2026-09-18/09_joint_parameter_search/02_benchmark/H8-12_W16-4/RUN01/operations.csv
H8-12_W16-4,8,12,16,4,JOINT,sign,56,13538333,13.538333000,,7075,64,7870,RPI5_Heterogeneous_XMSSMT_2026-09-18/09_joint_parameter_search/02_benchmark/H8-12_W16-4/RUN01/operations.csv
H8-12_W16-4,8,12,16,4,JOINT,verify,56,2064667,2.064667000,1,7075,64,7870,RPI5_Heterogeneous_XMSSMT_2026-09-18/09_joint_parameter_search/02_benchmark/H8-12_W16-4/RUN01/operations.csv
H8-12_W16-4,8,12,16,4,JOINT,sign,57,6040166,6.040166000,,7075,64,7870,RPI5_Heterogeneous_XMSSMT_2026-09-18/09_joint_parameter_search/02_benchmark/H8-12_W16-4/RUN01/operations.csv
H8-12_W16-4,8,12,16,4,JOINT,verify,57,2230222,2.230222000,1,7075,64,7870,RPI5_Heterogeneous_XMSSMT_2026-09-18/09_joint_parameter_search/02_benchmark/H8-12_W16-4/RUN01/operations.csv
H8-12_W16-4,8,12,16,4,JOINT,sign,58,6058407,6.058407000,,7075,64,7870,RPI5_Heterogeneous_XMSSMT_2026-09-18/09_joint_parameter_search/02_benchmark/H8-12_W16-4/RUN01/operations.csv
H8-12_W16-4,8,12,16,4,JOINT,verify,58,2203055,2.203055000,1,7075,64,7870,RPI5_Heterogeneous_XMSSMT_2026-09-18/09_joint_parameter_search/02_benchmark/H8-12_W16-4/RUN01/operations.csv
H8-12_W16-4,8,12,16,4,JOINT,sign,59,10934667,10.934667000,,7075,64,7870,RPI5_Heterogeneous_XMSSMT_2026-09-18/09_joint_parameter_search/02_benchmark/H8-12_W16-4/RUN01/operations.csv
H8-12_W16-4,8,12,16,4,JOINT,verify,59,2228055,2.228055000,1,7075,64,7870,RPI5_Heterogeneous_XMSSMT_2026-09-18/09_joint_parameter_search/02_benchmark/H8-12_W16-4/RUN01/operations.csv
H8-12_W16-4,8,12,16,4,JOINT,sign,60,6079907,6.079907000,,7075,64,7870,RPI5_Heterogeneous_XMSSMT_2026-09-18/09_joint_parameter_search/02_benchmark/H8-12_W16-4/RUN01/operations.csv
H8-12_W16-4,8,12,16,4,JOINT,verify,60,2174685,2.174685000,1,7075,64,7870,RPI5_Heterogeneous_XMSSMT_2026-09-18/09_joint_parameter_search/02_benchmark/H8-12_W16-4/RUN01/operations.csv
H8-12_W16-4,8,12,16,4,JOINT,sign,61,6069648,6.069648000,,7075,64,7870,RPI5_Heterogeneous_XMSSMT_2026-09-18/09_joint_parameter_search/02_benchmark/H8-12_W16-4/RUN01/operations.csv
H8-12_W16-4,8,12,16,4,JOINT,verify,61,2200037,2.200037000,1,7075,64,7870,RPI5_Heterogeneous_XMSSMT_2026-09-18/09_joint_parameter_search/02_benchmark/H8-12_W16-4/RUN01/operations.csv
H8-12_W16-4,8,12,16,4,JOINT,sign,62,6156889,6.156889000,,7075,64,7870,RPI5_Heterogeneous_XMSSMT_2026-09-18/09_joint_parameter_search/02_benchmark/H8-12_W16-4/RUN01/operations.csv
H8-12_W16-4,8,12,16,4,JOINT,verify,62,2105315,2.105315000,1,7075,64,7870,RPI5_Heterogeneous_XMSSMT_2026-09-18/09_joint_parameter_search/02_benchmark/H8-12_W16-4/RUN01/operations.csv
H8-12_W16-4,8,12,16,4,JOINT,sign,63,13452222,13.452222000,,7075,64,7870,RPI5_Heterogeneous_XMSSMT_2026-09-18/09_joint_parameter_search/02_benchmark/H8-12_W16-4/RUN01/operations.csv
H8-12_W16-4,8,12,16,4,JOINT,verify,63,2164444,2.164444000,1,7075,64,7870,RPI5_Heterogeneous_XMSSMT_2026-09-18/09_joint_parameter_search/02_benchmark/H8-12_W16-4/RUN01/operations.csv
H8-12_W16-4,8,12,16,4,JOINT,sign,64,15947222,15.947222000,,7075,64,7870,RPI5_Heterogeneous_XMSSMT_2026-09-18/09_joint_parameter_search/02_benchmark/H8-12_W16-4/RUN01/operations.csv
H8-12_W16-4,8,12,16,4,JOINT,verify,64,2103852,2.103852000,1,7075,64,7870,RPI5_Heterogeneous_XMSSMT_2026-09-18/09_joint_parameter_search/02_benchmark/H8-12_W16-4/RUN01/operations.csv
H8-12_W16-4,8,12,16,4,JOINT,sign,65,13358871,13.358871000,,7075,64,7870,RPI5_Heterogeneous_XMSSMT_2026-09-18/09_joint_parameter_search/02_benchmark/H8-12_W16-4/RUN01/operations.csv
H8-12_W16-4,8,12,16,4,JOINT,verify,65,2260537,2.260537000,1,7075,64,7870,RPI5_Heterogeneous_XMSSMT_2026-09-18/09_joint_parameter_search/02_benchmark/H8-12_W16-4/RUN01/operations.csv
H8-12_W16-4,8,12,16,4,JOINT,sign,66,15640315,15.640315000,,7075,64,7870,RPI5_Heterogeneous_XMSSMT_2026-09-18/09_joint_parameter_search/02_benchmark/H8-12_W16-4/RUN01/operations.csv
H8-12_W16-4,8,12,16,4,JOINT,verify,66,2432388,2.432388000,1,7075,64,7870,RPI5_Heterogeneous_XMSSMT_2026-09-18/09_joint_parameter_search/02_benchmark/H8-12_W16-4/RUN01/operations.csv
H8-12_W16-4,8,12,16,4,JOINT,sign,67,13348518,13.348518000,,7075,64,7870,RPI5_Heterogeneous_XMSSMT_2026-09-18/09_joint_parameter_search/02_benchmark/H8-12_W16-4/RUN01/operations.csv
H8-12_W16-4,8,12,16,4,JOINT,verify,67,2264722,2.264722000,1,7075,64,7870,RPI5_Heterogeneous_XMSSMT_2026-09-18/09_joint_parameter_search/02_benchmark/H8-12_W16-4/RUN01/operations.csv
H8-12_W16-4,8,12,16,4,JOINT,sign,68,15915463,15.915463000,,7075,64,7870,RPI5_Heterogeneous_XMSSMT_2026-09-18/09_joint_parameter_search/02_benchmark/H8-12_W16-4/RUN01/operations.csv
H8-12_W16-4,8,12,16,4,JOINT,verify,68,2131185,2.131185000,1,7075,64,7870,RPI5_Heterogeneous_XMSSMT_2026-09-18/09_joint_parameter_search/02_benchmark/H8-12_W16-4/RUN01/operations.csv
H8-12_W16-4,8,12,16,4,JOINT,sign,69,13397703,13.397703000,,7075,64,7870,RPI5_Heterogeneous_XMSSMT_2026-09-18/09_joint_parameter_search/02_benchmark/H8-12_W16-4/RUN01/operations.csv
H8-12_W16-4,8,12,16,4,JOINT,verify,69,2227741,2.227741000,1,7075,64,7870,RPI5_Heterogeneous_XMSSMT_2026-09-18/09_joint_parameter_search/02_benchmark/H8-12_W16-4/RUN01/operations.csv
H8-12_W16-4,8,12,16,4,JOINT,sign,70,15933722,15.933722000,,7075,64,7870,RPI5_Heterogeneous_XMSSMT_2026-09-18/09_joint_parameter_search/02_benchmark/H8-12_W16-4/RUN01/operations.csv
H8-12_W16-4,8,12,16,4,JOINT,verify,70,2136222,2.136222000,1,7075,64,7870,RPI5_Heterogeneous_XMSSMT_2026-09-18/09_joint_parameter_search/02_benchmark/H8-12_W16-4/RUN01/operations.csv
H8-12_W16-4,8,12,16,4,JOINT,sign,71,13267481,13.267481000,,7075,64,7870,RPI5_Heterogeneous_XMSSMT_2026-09-18/09_joint_parameter_search/02_benchmark/H8-12_W16-4/RUN01/operations.csv
H8-12_W16-4,8,12,16,4,JOINT,verify,71,2326593,2.326593000,1,7075,64,7870,RPI5_Heterogeneous_XMSSMT_2026-09-18/09_joint_parameter_search/02_benchmark/H8-12_W16-4/RUN01/operations.csv
H8-12_W16-4,8,12,16,4,JOINT,sign,72,15782611,15.782611000,,7075,64,7870,RPI5_Heterogeneous_XMSSMT_2026-09-18/09_joint_parameter_search/02_benchmark/H8-12_W16-4/RUN01/operations.csv
H8-12_W16-4,8,12,16,4,JOINT,verify,72,2257148,2.257148000,1,7075,64,7870,RPI5_Heterogeneous_XMSSMT_2026-09-18/09_joint_parameter_search/02_benchmark/H8-12_W16-4/RUN01/operations.csv
H8-12_W16-4,8,12,16,4,JOINT,sign,73,13471907,13.471907000,,7075,64,7870,RPI5_Heterogeneous_XMSSMT_2026-09-18/09_joint_parameter_search/02_benchmark/H8-12_W16-4/RUN01/operations.csv
H8-12_W16-4,8,12,16,4,JOINT,verify,73,2132482,2.132482000,1,7075,64,7870,RPI5_Heterogeneous_XMSSMT_2026-09-18/09_joint_parameter_search/02_benchmark/H8-12_W16-4/RUN01/operations.csv
H8-12_W16-4,8,12,16,4,JOINT,sign,74,15802759,15.802759000,,7075,64,7870,RPI5_Heterogeneous_XMSSMT_2026-09-18/09_joint_parameter_search/02_benchmark/H8-12_W16-4/RUN01/operations.csv
H8-12_W16-4,8,12,16,4,JOINT,verify,74,2228907,2.228907000,1,7075,64,7870,RPI5_Heterogeneous_XMSSMT_2026-09-18/09_joint_parameter_search/02_benchmark/H8-12_W16-4/RUN01/operations.csv
H8-12_W16-4,8,12,16,4,JOINT,sign,75,13397740,13.397740000,,7075,64,7870,RPI5_Heterogeneous_XMSSMT_2026-09-18/09_joint_parameter_search/02_benchmark/H8-12_W16-4/RUN01/operations.csv
H8-12_W16-4,8,12,16,4,JOINT,verify,75,2194334,2.194334000,1,7075,64,7870,RPI5_Heterogeneous_XMSSMT_2026-09-18/09_joint_parameter_search/02_benchmark/H8-12_W16-4/RUN01/operations.csv
H8-12_W16-4,8,12,16,4,JOINT,sign,76,15855241,15.855241000,,7075,64,7870,RPI5_Heterogeneous_XMSSMT_2026-09-18/09_joint_parameter_search/02_benchmark/H8-12_W16-4/RUN01/operations.csv
H8-12_W16-4,8,12,16,4,JOINT,verify,76,2200260,2.200260000,1,7075,64,7870,RPI5_Heterogeneous_XMSSMT_2026-09-18/09_joint_parameter_search/02_benchmark/H8-12_W16-4/RUN01/operations.csv
H8-12_W16-4,8,12,16,4,JOINT,sign,77,13373259,13.373259000,,7075,64,7870,RPI5_Heterogeneous_XMSSMT_2026-09-18/09_joint_parameter_search/02_benchmark/H8-12_W16-4/RUN01/operations.csv
H8-12_W16-4,8,12,16,4,JOINT,verify,77,2267555,2.267555000,1,7075,64,7870,RPI5_Heterogeneous_XMSSMT_2026-09-18/09_joint_parameter_search/02_benchmark/H8-12_W16-4/RUN01/operations.csv
H8-12_W16-4,8,12,16,4,JOINT,sign,78,15973352,15.973352000,,7075,64,7870,RPI5_Heterogeneous_XMSSMT_2026-09-18/09_joint_parameter_search/02_benchmark/H8-12_W16-4/RUN01/operations.csv
H8-12_W16-4,8,12,16,4,JOINT,verify,78,2219426,2.219426000,1,7075,64,7870,RPI5_Heterogeneous_XMSSMT_2026-09-18/09_joint_parameter_search/02_benchmark/H8-12_W16-4/RUN01/operations.csv
H8-12_W16-4,8,12,16,4,JOINT,sign,79,13597389,13.597389000,,7075,64,7870,RPI5_Heterogeneous_XMSSMT_2026-09-18/09_joint_parameter_search/02_benchmark/H8-12_W16-4/RUN01/operations.csv
H8-12_W16-4,8,12,16,4,JOINT,verify,79,2147259,2.147259000,1,7075,64,7870,RPI5_Heterogeneous_XMSSMT_2026-09-18/09_joint_parameter_search/02_benchmark/H8-12_W16-4/RUN01/operations.csv
H8-12_W16-4,8,12,16,4,JOINT,sign,80,15954981,15.954981000,,7075,64,7870,RPI5_Heterogeneous_XMSSMT_2026-09-18/09_joint_parameter_search/02_benchmark/H8-12_W16-4/RUN01/operations.csv
H8-12_W16-4,8,12,16,4,JOINT,verify,80,2216889,2.216889000,1,7075,64,7870,RPI5_Heterogeneous_XMSSMT_2026-09-18/09_joint_parameter_search/02_benchmark/H8-12_W16-4/RUN01/operations.csv
H8-12_W16-4,8,12,16,4,JOINT,sign,81,13502277,13.502277000,,7075,64,7870,RPI5_Heterogeneous_XMSSMT_2026-09-18/09_joint_parameter_search/02_benchmark/H8-12_W16-4/RUN01/operations.csv
H8-12_W16-4,8,12,16,4,JOINT,verify,81,2214093,2.214093000,1,7075,64,7870,RPI5_Heterogeneous_XMSSMT_2026-09-18/09_joint_parameter_search/02_benchmark/H8-12_W16-4/RUN01/operations.csv
H8-12_W16-4,8,12,16,4,JOINT,sign,82,15927444,15.927444000,,7075,64,7870,RPI5_Heterogeneous_XMSSMT_2026-09-18/09_joint_parameter_search/02_benchmark/H8-12_W16-4/RUN01/operations.csv
H8-12_W16-4,8,12,16,4,JOINT,verify,82,2247482,2.247482000,1,7075,64,7870,RPI5_Heterogeneous_XMSSMT_2026-09-18/09_joint_parameter_search/02_benchmark/H8-12_W16-4/RUN01/operations.csv
H8-12_W16-4,8,12,16,4,JOINT,sign,83,13503185,13.503185000,,7075,64,7870,RPI5_Heterogeneous_XMSSMT_2026-09-18/09_joint_parameter_search/02_benchmark/H8-12_W16-4/RUN01/operations.csv
H8-12_W16-4,8,12,16,4,JOINT,verify,83,2216963,2.216963000,1,7075,64,7870,RPI5_Heterogeneous_XMSSMT_2026-09-18/09_joint_parameter_search/02_benchmark/H8-12_W16-4/RUN01/operations.csv
H8-12_W16-4,8,12,16,4,JOINT,sign,84,15924851,15.924851000,,7075,64,7870,RPI5_Heterogeneous_XMSSMT_2026-09-18/09_joint_parameter_search/02_benchmark/H8-12_W16-4/RUN01/operations.csv
H8-12_W16-4,8,12,16,4,JOINT,verify,84,2248611,2.248611000,1,7075,64,7870,RPI5_Heterogeneous_XMSSMT_2026-09-18/09_joint_parameter_search/02_benchmark/H8-12_W16-4/RUN01/operations.csv
H8-12_W16-4,8,12,16,4,JOINT,sign,85,13545685,13.545685000,,7075,64,7870,RPI5_Heterogeneous_XMSSMT_2026-09-18/09_joint_parameter_search/02_benchmark/H8-12_W16-4/RUN01/operations.csv
H8-12_W16-4,8,12,16,4,JOINT,verify,85,2186259,2.186259000,1,7075,64,7870,RPI5_Heterogeneous_XMSSMT_2026-09-18/09_joint_parameter_search/02_benchmark/H8-12_W16-4/RUN01/operations.csv
H8-12_W16-4,8,12,16,4,JOINT,sign,86,16035166,16.035166000,,7075,64,7870,RPI5_Heterogeneous_XMSSMT_2026-09-18/09_joint_parameter_search/02_benchmark/H8-12_W16-4/RUN01/operations.csv
H8-12_W16-4,8,12,16,4,JOINT,verify,86,2150241,2.150241000,1,7075,64,7870,RPI5_Heterogeneous_XMSSMT_2026-09-18/09_joint_parameter_search/02_benchmark/H8-12_W16-4/RUN01/operations.csv
H8-12_W16-4,8,12,16,4,JOINT,sign,87,13486963,13.486963000,,7075,64,7870,RPI5_Heterogeneous_XMSSMT_2026-09-18/09_joint_parameter_search/02_benchmark/H8-12_W16-4/RUN01/operations.csv
H8-12_W16-4,8,12,16,4,JOINT,verify,87,2250593,2.250593000,1,7075,64,7870,RPI5_Heterogeneous_XMSSMT_2026-09-18/09_joint_parameter_search/02_benchmark/H8-12_W16-4/RUN01/operations.csv
H8-12_W16-4,8,12,16,4,JOINT,sign,88,15704389,15.704389000,,7075,64,7870,RPI5_Heterogeneous_XMSSMT_2026-09-18/09_joint_parameter_search/02_benchmark/H8-12_W16-4/RUN01/operations.csv
H8-12_W16-4,8,12,16,4,JOINT,verify,88,2480481,2.480481000,1,7075,64,7870,RPI5_Heterogeneous_XMSSMT_2026-09-18/09_joint_parameter_search/02_benchmark/H8-12_W16-4/RUN01/operations.csv
H8-12_W16-4,8,12,16,4,JOINT,sign,89,13505741,13.505741000,,7075,64,7870,RPI5_Heterogeneous_XMSSMT_2026-09-18/09_joint_parameter_search/02_benchmark/H8-12_W16-4/RUN01/operations.csv
H8-12_W16-4,8,12,16,4,JOINT,verify,89,2288148,2.288148000,1,7075,64,7870,RPI5_Heterogeneous_XMSSMT_2026-09-18/09_joint_parameter_search/02_benchmark/H8-12_W16-4/RUN01/operations.csv
H8-12_W16-4,8,12,16,4,JOINT,sign,90,6070148,6.070148000,,7075,64,7870,RPI5_Heterogeneous_XMSSMT_2026-09-18/09_joint_parameter_search/02_benchmark/H8-12_W16-4/RUN01/operations.csv
H8-12_W16-4,8,12,16,4,JOINT,verify,90,2255574,2.255574000,1,7075,64,7870,RPI5_Heterogeneous_XMSSMT_2026-09-18/09_joint_parameter_search/02_benchmark/H8-12_W16-4/RUN01/operations.csv
H8-12_W16-4,8,12,16,4,JOINT,sign,91,11181537,11.181537000,,7075,64,7870,RPI5_Heterogeneous_XMSSMT_2026-09-18/09_joint_parameter_search/02_benchmark/H8-12_W16-4/RUN01/operations.csv
H8-12_W16-4,8,12,16,4,JOINT,verify,91,2083703,2.083703000,1,7075,64,7870,RPI5_Heterogeneous_XMSSMT_2026-09-18/09_joint_parameter_search/02_benchmark/H8-12_W16-4/RUN01/operations.csv
H8-12_W16-4,8,12,16,4,JOINT,sign,92,6076852,6.076852000,,7075,64,7870,RPI5_Heterogeneous_XMSSMT_2026-09-18/09_joint_parameter_search/02_benchmark/H8-12_W16-4/RUN01/operations.csv
H8-12_W16-4,8,12,16,4,JOINT,verify,92,2248389,2.248389000,1,7075,64,7870,RPI5_Heterogeneous_XMSSMT_2026-09-18/09_joint_parameter_search/02_benchmark/H8-12_W16-4/RUN01/operations.csv
H8-12_W16-4,8,12,16,4,JOINT,sign,93,6107630,6.107630000,,7075,64,7870,RPI5_Heterogeneous_XMSSMT_2026-09-18/09_joint_parameter_search/02_benchmark/H8-12_W16-4/RUN01/operations.csv
H8-12_W16-4,8,12,16,4,JOINT,verify,93,2218241,2.218241000,1,7075,64,7870,RPI5_Heterogeneous_XMSSMT_2026-09-18/09_joint_parameter_search/02_benchmark/H8-12_W16-4/RUN01/operations.csv
H8-12_W16-4,8,12,16,4,JOINT,sign,94,6075241,6.075241000,,7075,64,7870,RPI5_Heterogeneous_XMSSMT_2026-09-18/09_joint_parameter_search/02_benchmark/H8-12_W16-4/RUN01/operations.csv
H8-12_W16-4,8,12,16,4,JOINT,verify,94,2245185,2.245185000,1,7075,64,7870,RPI5_Heterogeneous_XMSSMT_2026-09-18/09_joint_parameter_search/02_benchmark/H8-12_W16-4/RUN01/operations.csv
H8-12_W16-4,8,12,16,4,JOINT,sign,95,13653982,13.653982000,,7075,64,7870,RPI5_Heterogeneous_XMSSMT_2026-09-18/09_joint_parameter_search/02_benchmark/H8-12_W16-4/RUN01/operations.csv
H8-12_W16-4,8,12,16,4,JOINT,verify,95,2121926,2.121926000,1,7075,64,7870,RPI5_Heterogeneous_XMSSMT_2026-09-18/09_joint_parameter_search/02_benchmark/H8-12_W16-4/RUN01/operations.csv
H8-12_W16-4,8,12,16,4,JOINT,sign,96,16019685,16.019685000,,7075,64,7870,RPI5_Heterogeneous_XMSSMT_2026-09-18/09_joint_parameter_search/02_benchmark/H8-12_W16-4/RUN01/operations.csv
H8-12_W16-4,8,12,16,4,JOINT,verify,96,2221314,2.221314000,1,7075,64,7870,RPI5_Heterogeneous_XMSSMT_2026-09-18/09_joint_parameter_search/02_benchmark/H8-12_W16-4/RUN01/operations.csv
H8-12_W16-4,8,12,16,4,JOINT,sign,97,13522500,13.522500000,,7075,64,7870,RPI5_Heterogeneous_XMSSMT_2026-09-18/09_joint_parameter_search/02_benchmark/H8-12_W16-4/RUN01/operations.csv
H8-12_W16-4,8,12,16,4,JOINT,verify,97,2223815,2.223815000,1,7075,64,7870,RPI5_Heterogeneous_XMSSMT_2026-09-18/09_joint_parameter_search/02_benchmark/H8-12_W16-4/RUN01/operations.csv
H8-12_W16-4,8,12,16,4,JOINT,sign,98,15919056,15.919056000,,7075,64,7870,RPI5_Heterogeneous_XMSSMT_2026-09-18/09_joint_parameter_search/02_benchmark/H8-12_W16-4/RUN01/operations.csv
H8-12_W16-4,8,12,16,4,JOINT,verify,98,2282778,2.282778000,1,7075,64,7870,RPI5_Heterogeneous_XMSSMT_2026-09-18/09_joint_parameter_search/02_benchmark/H8-12_W16-4/RUN01/operations.csv
H8-12_W16-4,8,12,16,4,JOINT,sign,99,13439055,13.439055000,,7075,64,7870,RPI5_Heterogeneous_XMSSMT_2026-09-18/09_joint_parameter_search/02_benchmark/H8-12_W16-4/RUN01/operations.csv
H8-12_W16-4,8,12,16,4,JOINT,verify,99,2283315,2.283315000,1,7075,64,7870,RPI5_Heterogeneous_XMSSMT_2026-09-18/09_joint_parameter_search/02_benchmark/H8-12_W16-4/RUN01/operations.csv
H8-12_W4-4,8,12,4,4,JOINT,keygen,0,5836245719,5836.245719000,,9187,64,7870,RPI5_Heterogeneous_XMSSMT_2026-09-18/09_joint_parameter_search/02_benchmark/H8-12_W4-4/RUN01/operations.csv
H8-12_W4-4,8,12,4,4,JOINT,keygen,1,5852183163,5852.183163000,,9187,64,7870,RPI5_Heterogeneous_XMSSMT_2026-09-18/09_joint_parameter_search/02_benchmark/H8-12_W4-4/RUN01/operations.csv
H8-12_W4-4,8,12,4,4,JOINT,keygen,2,5839612996,5839.612996000,,9187,64,7870,RPI5_Heterogeneous_XMSSMT_2026-09-18/09_joint_parameter_search/02_benchmark/H8-12_W4-4/RUN01/operations.csv
H8-12_W4-4,8,12,4,4,JOINT,keygen,3,5841604645,5841.604645000,,9187,64,7870,RPI5_Heterogeneous_XMSSMT_2026-09-18/09_joint_parameter_search/02_benchmark/H8-12_W4-4/RUN01/operations.csv
H8-12_W4-4,8,12,4,4,JOINT,keygen,4,5840226700,5840.226700000,,9187,64,7870,RPI5_Heterogeneous_XMSSMT_2026-09-18/09_joint_parameter_search/02_benchmark/H8-12_W4-4/RUN01/operations.csv
H8-12_W4-4,8,12,4,4,JOINT,keygen,5,5841343792,5841.343792000,,9187,64,7870,RPI5_Heterogeneous_XMSSMT_2026-09-18/09_joint_parameter_search/02_benchmark/H8-12_W4-4/RUN01/operations.csv
H8-12_W4-4,8,12,4,4,JOINT,keygen,6,5840189978,5840.189978000,,9187,64,7870,RPI5_Heterogeneous_XMSSMT_2026-09-18/09_joint_parameter_search/02_benchmark/H8-12_W4-4/RUN01/operations.csv
H8-12_W4-4,8,12,4,4,JOINT,keygen,7,5837521941,5837.521941000,,9187,64,7870,RPI5_Heterogeneous_XMSSMT_2026-09-18/09_joint_parameter_search/02_benchmark/H8-12_W4-4/RUN01/operations.csv
H8-12_W4-4,8,12,4,4,JOINT,keygen,8,5839060830,5839.060830000,,9187,64,7870,RPI5_Heterogeneous_XMSSMT_2026-09-18/09_joint_parameter_search/02_benchmark/H8-12_W4-4/RUN01/operations.csv
H8-12_W4-4,8,12,4,4,JOINT,keygen,9,5840008293,5840.008293000,,9187,64,7870,RPI5_Heterogeneous_XMSSMT_2026-09-18/09_joint_parameter_search/02_benchmark/H8-12_W4-4/RUN01/operations.csv
H8-12_W4-4,8,12,4,4,JOINT,sign,0,3212444,3.212444000,,9187,64,7870,RPI5_Heterogeneous_XMSSMT_2026-09-18/09_joint_parameter_search/02_benchmark/H8-12_W4-4/RUN01/operations.csv
H8-12_W4-4,8,12,4,4,JOINT,verify,0,1657982,1.657982000,1,9187,64,7870,RPI5_Heterogeneous_XMSSMT_2026-09-18/09_joint_parameter_search/02_benchmark/H8-12_W4-4/RUN01/operations.csv
H8-12_W4-4,8,12,4,4,JOINT,sign,1,3232981,3.232981000,,9187,64,7870,RPI5_Heterogeneous_XMSSMT_2026-09-18/09_joint_parameter_search/02_benchmark/H8-12_W4-4/RUN01/operations.csv
H8-12_W4-4,8,12,4,4,JOINT,verify,1,1621963,1.621963000,1,9187,64,7870,RPI5_Heterogeneous_XMSSMT_2026-09-18/09_joint_parameter_search/02_benchmark/H8-12_W4-4/RUN01/operations.csv
H8-12_W4-4,8,12,4,4,JOINT,sign,2,3232148,3.232148000,,9187,64,7870,RPI5_Heterogeneous_XMSSMT_2026-09-18/09_joint_parameter_search/02_benchmark/H8-12_W4-4/RUN01/operations.csv
H8-12_W4-4,8,12,4,4,JOINT,verify,2,1619611,1.619611000,1,9187,64,7870,RPI5_Heterogeneous_XMSSMT_2026-09-18/09_joint_parameter_search/02_benchmark/H8-12_W4-4/RUN01/operations.csv
H8-12_W4-4,8,12,4,4,JOINT,sign,3,5892111,5.892111000,,9187,64,7870,RPI5_Heterogeneous_XMSSMT_2026-09-18/09_joint_parameter_search/02_benchmark/H8-12_W4-4/RUN01/operations.csv
H8-12_W4-4,8,12,4,4,JOINT,verify,3,1651389,1.651389000,1,9187,64,7870,RPI5_Heterogeneous_XMSSMT_2026-09-18/09_joint_parameter_search/02_benchmark/H8-12_W4-4/RUN01/operations.csv
H8-12_W4-4,8,12,4,4,JOINT,sign,4,3188222,3.188222000,,9187,64,7870,RPI5_Heterogeneous_XMSSMT_2026-09-18/09_joint_parameter_search/02_benchmark/H8-12_W4-4/RUN01/operations.csv
H8-12_W4-4,8,12,4,4,JOINT,verify,4,1663556,1.663556000,1,9187,64,7870,RPI5_Heterogeneous_XMSSMT_2026-09-18/09_joint_parameter_search/02_benchmark/H8-12_W4-4/RUN01/operations.csv
H8-12_W4-4,8,12,4,4,JOINT,sign,5,3230852,3.230852000,,9187,64,7870,RPI5_Heterogeneous_XMSSMT_2026-09-18/09_joint_parameter_search/02_benchmark/H8-12_W4-4/RUN01/operations.csv
H8-12_W4-4,8,12,4,4,JOINT,verify,5,1626852,1.626852000,1,9187,64,7870,RPI5_Heterogeneous_XMSSMT_2026-09-18/09_joint_parameter_search/02_benchmark/H8-12_W4-4/RUN01/operations.csv
H8-12_W4-4,8,12,4,4,JOINT,sign,6,3195834,3.195834000,,9187,64,7870,RPI5_Heterogeneous_XMSSMT_2026-09-18/09_joint_parameter_search/02_benchmark/H8-12_W4-4/RUN01/operations.csv
H8-12_W4-4,8,12,4,4,JOINT,verify,6,1660222,1.660222000,1,9187,64,7870,RPI5_Heterogeneous_XMSSMT_2026-09-18/09_joint_parameter_search/02_benchmark/H8-12_W4-4/RUN01/operations.csv
H8-12_W4-4,8,12,4,4,JOINT,sign,7,7245222,7.245222000,,9187,64,7870,RPI5_Heterogeneous_XMSSMT_2026-09-18/09_joint_parameter_search/02_benchmark/H8-12_W4-4/RUN01/operations.csv
H8-12_W4-4,8,12,4,4,JOINT,verify,7,1633648,1.633648000,1,9187,64,7870,RPI5_Heterogeneous_XMSSMT_2026-09-18/09_joint_parameter_search/02_benchmark/H8-12_W4-4/RUN01/operations.csv
H8-12_W4-4,8,12,4,4,JOINT,sign,8,7215445,7.215445000,,9187,64,7870,RPI5_Heterogeneous_XMSSMT_2026-09-18/09_joint_parameter_search/02_benchmark/H8-12_W4-4/RUN01/operations.csv
H8-12_W4-4,8,12,4,4,JOINT,verify,8,1665019,1.665019000,1,9187,64,7870,RPI5_Heterogeneous_XMSSMT_2026-09-18/09_joint_parameter_search/02_benchmark/H8-12_W4-4/RUN01/operations.csv
H8-12_W4-4,8,12,4,4,JOINT,sign,9,3257537,3.257537000,,9187,64,7870,RPI5_Heterogeneous_XMSSMT_2026-09-18/09_joint_parameter_search/02_benchmark/H8-12_W4-4/RUN01/operations.csv
H8-12_W4-4,8,12,4,4,JOINT,verify,9,1599334,1.599334000,1,9187,64,7870,RPI5_Heterogeneous_XMSSMT_2026-09-18/09_joint_parameter_search/02_benchmark/H8-12_W4-4/RUN01/operations.csv
H8-12_W4-4,8,12,4,4,JOINT,sign,10,3238130,3.238130000,,9187,64,7870,RPI5_Heterogeneous_XMSSMT_2026-09-18/09_joint_parameter_search/02_benchmark/H8-12_W4-4/RUN01/operations.csv
H8-12_W4-4,8,12,4,4,JOINT,verify,10,1614334,1.614334000,1,9187,64,7870,RPI5_Heterogeneous_XMSSMT_2026-09-18/09_joint_parameter_search/02_benchmark/H8-12_W4-4/RUN01/operations.csv
H8-12_W4-4,8,12,4,4,JOINT,sign,11,5908648,5.908648000,,9187,64,7870,RPI5_Heterogeneous_XMSSMT_2026-09-18/09_joint_parameter_search/02_benchmark/H8-12_W4-4/RUN01/operations.csv
H8-12_W4-4,8,12,4,4,JOINT,verify,11,1632462,1.632462000,1,9187,64,7870,RPI5_Heterogeneous_XMSSMT_2026-09-18/09_joint_parameter_search/02_benchmark/H8-12_W4-4/RUN01/operations.csv
H8-12_W4-4,8,12,4,4,JOINT,sign,12,3238277,3.238277000,,9187,64,7870,RPI5_Heterogeneous_XMSSMT_2026-09-18/09_joint_parameter_search/02_benchmark/H8-12_W4-4/RUN01/operations.csv
H8-12_W4-4,8,12,4,4,JOINT,verify,12,1614463,1.614463000,1,9187,64,7870,RPI5_Heterogeneous_XMSSMT_2026-09-18/09_joint_parameter_search/02_benchmark/H8-12_W4-4/RUN01/operations.csv
H8-12_W4-4,8,12,4,4,JOINT,sign,13,3220797,3.220797000,,9187,64,7870,RPI5_Heterogeneous_XMSSMT_2026-09-18/09_joint_parameter_search/02_benchmark/H8-12_W4-4/RUN01/operations.csv
H8-12_W4-4,8,12,4,4,JOINT,verify,13,1634611,1.634611000,1,9187,64,7870,RPI5_Heterogeneous_XMSSMT_2026-09-18/09_joint_parameter_search/02_benchmark/H8-12_W4-4/RUN01/operations.csv
H8-12_W4-4,8,12,4,4,JOINT,sign,14,3180814,3.180814000,,9187,64,7870,RPI5_Heterogeneous_XMSSMT_2026-09-18/09_joint_parameter_search/02_benchmark/H8-12_W4-4/RUN01/operations.csv
H8-12_W4-4,8,12,4,4,JOINT,verify,14,1669537,1.669537000,1,9187,64,7870,RPI5_Heterogeneous_XMSSMT_2026-09-18/09_joint_parameter_search/02_benchmark/H8-12_W4-4/RUN01/operations.csv
H8-12_W4-4,8,12,4,4,JOINT,sign,15,7261259,7.261259000,,9187,64,7870,RPI5_Heterogeneous_XMSSMT_2026-09-18/09_joint_parameter_search/02_benchmark/H8-12_W4-4/RUN01/operations.csv
H8-12_W4-4,8,12,4,4,JOINT,verify,15,1618333,1.618333000,1,9187,64,7870,RPI5_Heterogeneous_XMSSMT_2026-09-18/09_joint_parameter_search/02_benchmark/H8-12_W4-4/RUN01/operations.csv
H8-12_W4-4,8,12,4,4,JOINT,sign,16,8591148,8.591148000,,9187,64,7870,RPI5_Heterogeneous_XMSSMT_2026-09-18/09_joint_parameter_search/02_benchmark/H8-12_W4-4/RUN01/operations.csv
H8-12_W4-4,8,12,4,4,JOINT,verify,16,1631167,1.631167000,1,9187,64,7870,RPI5_Heterogeneous_XMSSMT_2026-09-18/09_joint_parameter_search/02_benchmark/H8-12_W4-4/RUN01/operations.csv
H8-12_W4-4,8,12,4,4,JOINT,sign,17,7231759,7.231759000,,9187,64,7870,RPI5_Heterogeneous_XMSSMT_2026-09-18/09_joint_parameter_search/02_benchmark/H8-12_W4-4/RUN01/operations.csv
H8-12_W4-4,8,12,4,4,JOINT,verify,17,1653000,1.653000000,1,9187,64,7870,RPI5_Heterogeneous_XMSSMT_2026-09-18/09_joint_parameter_search/02_benchmark/H8-12_W4-4/RUN01/operations.csv
H8-12_W4-4,8,12,4,4,JOINT,sign,18,8596649,8.596649000,,9187,64,7870,RPI5_Heterogeneous_XMSSMT_2026-09-18/09_joint_parameter_search/02_benchmark/H8-12_W4-4/RUN01/operations.csv
H8-12_W4-4,8,12,4,4,JOINT,verify,18,1614130,1.614130000,1,9187,64,7870,RPI5_Heterogeneous_XMSSMT_2026-09-18/09_joint_parameter_search/02_benchmark/H8-12_W4-4/RUN01/operations.csv
H8-12_W4-4,8,12,4,4,JOINT,sign,19,5871296,5.871296000,,9187,64,7870,RPI5_Heterogeneous_XMSSMT_2026-09-18/09_joint_parameter_search/02_benchmark/H8-12_W4-4/RUN01/operations.csv
H8-12_W4-4,8,12,4,4,JOINT,verify,19,1664537,1.664537000,1,9187,64,7870,RPI5_Heterogeneous_XMSSMT_2026-09-18/09_joint_parameter_search/02_benchmark/H8-12_W4-4/RUN01/operations.csv
H8-12_W4-4,8,12,4,4,JOINT,sign,20,3232815,3.232815000,,9187,64,7870,RPI5_Heterogeneous_XMSSMT_2026-09-18/09_joint_parameter_search/02_benchmark/H8-12_W4-4/RUN01/operations.csv
H8-12_W4-4,8,12,4,4,JOINT,verify,20,1619926,1.619926000,1,9187,64,7870,RPI5_Heterogeneous_XMSSMT_2026-09-18/09_joint_parameter_search/02_benchmark/H8-12_W4-4/RUN01/operations.csv
H8-12_W4-4,8,12,4,4,JOINT,sign,21,3200518,3.200518000,,9187,64,7870,RPI5_Heterogeneous_XMSSMT_2026-09-18/09_joint_parameter_search/02_benchmark/H8-12_W4-4/RUN01/operations.csv
H8-12_W4-4,8,12,4,4,JOINT,verify,21,1651611,1.651611000,1,9187,64,7870,RPI5_Heterogeneous_XMSSMT_2026-09-18/09_joint_parameter_search/02_benchmark/H8-12_W4-4/RUN01/operations.csv
H8-12_W4-4,8,12,4,4,JOINT,sign,22,3198000,3.198000000,,9187,64,7870,RPI5_Heterogeneous_XMSSMT_2026-09-18/09_joint_parameter_search/02_benchmark/H8-12_W4-4/RUN01/operations.csv
H8-12_W4-4,8,12,4,4,JOINT,verify,22,1650278,1.650278000,1,9187,64,7870,RPI5_Heterogeneous_XMSSMT_2026-09-18/09_joint_parameter_search/02_benchmark/H8-12_W4-4/RUN01/operations.csv
H8-12_W4-4,8,12,4,4,JOINT,sign,23,7174556,7.174556000,,9187,64,7870,RPI5_Heterogeneous_XMSSMT_2026-09-18/09_joint_parameter_search/02_benchmark/H8-12_W4-4/RUN01/operations.csv
H8-12_W4-4,8,12,4,4,JOINT,verify,23,1701297,1.701297000,1,9187,64,7870,RPI5_Heterogeneous_XMSSMT_2026-09-18/09_joint_parameter_search/02_benchmark/H8-12_W4-4/RUN01/operations.csv
H8-12_W4-4,8,12,4,4,JOINT,sign,24,7295334,7.295334000,,9187,64,7870,RPI5_Heterogeneous_XMSSMT_2026-09-18/09_joint_parameter_search/02_benchmark/H8-12_W4-4/RUN01/operations.csv
H8-12_W4-4,8,12,4,4,JOINT,verify,24,1581371,1.581371000,1,9187,64,7870,RPI5_Heterogeneous_XMSSMT_2026-09-18/09_joint_parameter_search/02_benchmark/H8-12_W4-4/RUN01/operations.csv
H8-12_W4-4,8,12,4,4,JOINT,sign,25,3200334,3.200334000,,9187,64,7870,RPI5_Heterogeneous_XMSSMT_2026-09-18/09_joint_parameter_search/02_benchmark/H8-12_W4-4/RUN01/operations.csv
H8-12_W4-4,8,12,4,4,JOINT,verify,25,1658018,1.658018000,1,9187,64,7870,RPI5_Heterogeneous_XMSSMT_2026-09-18/09_joint_parameter_search/02_benchmark/H8-12_W4-4/RUN01/operations.csv
H8-12_W4-4,8,12,4,4,JOINT,sign,26,3172518,3.172518000,,9187,64,7870,RPI5_Heterogeneous_XMSSMT_2026-09-18/09_joint_parameter_search/02_benchmark/H8-12_W4-4/RUN01/operations.csv
H8-12_W4-4,8,12,4,4,JOINT,verify,26,1681407,1.681407000,1,9187,64,7870,RPI5_Heterogeneous_XMSSMT_2026-09-18/09_joint_parameter_search/02_benchmark/H8-12_W4-4/RUN01/operations.csv
H8-12_W4-4,8,12,4,4,JOINT,sign,27,5905241,5.905241000,,9187,64,7870,RPI5_Heterogeneous_XMSSMT_2026-09-18/09_joint_parameter_search/02_benchmark/H8-12_W4-4/RUN01/operations.csv
H8-12_W4-4,8,12,4,4,JOINT,verify,27,1628611,1.628611000,1,9187,64,7870,RPI5_Heterogeneous_XMSSMT_2026-09-18/09_joint_parameter_search/02_benchmark/H8-12_W4-4/RUN01/operations.csv
H8-12_W4-4,8,12,4,4,JOINT,sign,28,3215352,3.215352000,,9187,64,7870,RPI5_Heterogeneous_XMSSMT_2026-09-18/09_joint_parameter_search/02_benchmark/H8-12_W4-4/RUN01/operations.csv
H8-12_W4-4,8,12,4,4,JOINT,verify,28,1629130,1.629130000,1,9187,64,7870,RPI5_Heterogeneous_XMSSMT_2026-09-18/09_joint_parameter_search/02_benchmark/H8-12_W4-4/RUN01/operations.csv
H8-12_W4-4,8,12,4,4,JOINT,sign,29,3226945,3.226945000,,9187,64,7870,RPI5_Heterogeneous_XMSSMT_2026-09-18/09_joint_parameter_search/02_benchmark/H8-12_W4-4/RUN01/operations.csv
H8-12_W4-4,8,12,4,4,JOINT,verify,29,1622574,1.622574000,1,9187,64,7870,RPI5_Heterogeneous_XMSSMT_2026-09-18/09_joint_parameter_search/02_benchmark/H8-12_W4-4/RUN01/operations.csv
H8-12_W4-4,8,12,4,4,JOINT,sign,30,3154944,3.154944000,,9187,64,7870,RPI5_Heterogeneous_XMSSMT_2026-09-18/09_joint_parameter_search/02_benchmark/H8-12_W4-4/RUN01/operations.csv
H8-12_W4-4,8,12,4,4,JOINT,verify,30,1685333,1.685333000,1,9187,64,7870,RPI5_Heterogeneous_XMSSMT_2026-09-18/09_joint_parameter_search/02_benchmark/H8-12_W4-4/RUN01/operations.csv
H8-12_W4-4,8,12,4,4,JOINT,sign,31,7221963,7.221963000,,9187,64,7870,RPI5_Heterogeneous_XMSSMT_2026-09-18/09_joint_parameter_search/02_benchmark/H8-12_W4-4/RUN01/operations.csv
H8-12_W4-4,8,12,4,4,JOINT,verify,31,1656981,1.656981000,1,9187,64,7870,RPI5_Heterogeneous_XMSSMT_2026-09-18/09_joint_parameter_search/02_benchmark/H8-12_W4-4/RUN01/operations.csv
H8-12_W4-4,8,12,4,4,JOINT,sign,32,8540500,8.540500000,,9187,64,7870,RPI5_Heterogeneous_XMSSMT_2026-09-18/09_joint_parameter_search/02_benchmark/H8-12_W4-4/RUN01/operations.csv
H8-12_W4-4,8,12,4,4,JOINT,verify,32,1655278,1.655278000,1,9187,64,7870,RPI5_Heterogeneous_XMSSMT_2026-09-18/09_joint_parameter_search/02_benchmark/H8-12_W4-4/RUN01/operations.csv
H8-12_W4-4,8,12,4,4,JOINT,sign,33,7207685,7.207685000,,9187,64,7870,RPI5_Heterogeneous_XMSSMT_2026-09-18/09_joint_parameter_search/02_benchmark/H8-12_W4-4/RUN01/operations.csv
H8-12_W4-4,8,12,4,4,JOINT,verify,33,1651500,1.651500000,1,9187,64,7870,RPI5_Heterogeneous_XMSSMT_2026-09-18/09_joint_parameter_search/02_benchmark/H8-12_W4-4/RUN01/operations.csv
H8-12_W4-4,8,12,4,4,JOINT,sign,34,8519370,8.519370000,,9187,64,7870,RPI5_Heterogeneous_XMSSMT_2026-09-18/09_joint_parameter_search/02_benchmark/H8-12_W4-4/RUN01/operations.csv
H8-12_W4-4,8,12,4,4,JOINT,verify,34,1668166,1.668166000,1,9187,64,7870,RPI5_Heterogeneous_XMSSMT_2026-09-18/09_joint_parameter_search/02_benchmark/H8-12_W4-4/RUN01/operations.csv
H8-12_W4-4,8,12,4,4,JOINT,sign,35,7202296,7.202296000,,9187,64,7870,RPI5_Heterogeneous_XMSSMT_2026-09-18/09_joint_parameter_search/02_benchmark/H8-12_W4-4/RUN01/operations.csv
H8-12_W4-4,8,12,4,4,JOINT,verify,35,1653667,1.653667000,1,9187,64,7870,RPI5_Heterogeneous_XMSSMT_2026-09-18/09_joint_parameter_search/02_benchmark/H8-12_W4-4/RUN01/operations.csv
H8-12_W4-4,8,12,4,4,JOINT,sign,36,8577963,8.577963000,,9187,64,7870,RPI5_Heterogeneous_XMSSMT_2026-09-18/09_joint_parameter_search/02_benchmark/H8-12_W4-4/RUN01/operations.csv
H8-12_W4-4,8,12,4,4,JOINT,verify,36,1619945,1.619945000,1,9187,64,7870,RPI5_Heterogeneous_XMSSMT_2026-09-18/09_joint_parameter_search/02_benchmark/H8-12_W4-4/RUN01/operations.csv
H8-12_W4-4,8,12,4,4,JOINT,sign,37,7203592,7.203592000,,9187,64,7870,RPI5_Heterogeneous_XMSSMT_2026-09-18/09_joint_parameter_search/02_benchmark/H8-12_W4-4/RUN01/operations.csv
H8-12_W4-4,8,12,4,4,JOINT,verify,37,1653908,1.653908000,1,9187,64,7870,RPI5_Heterogeneous_XMSSMT_2026-09-18/09_joint_parameter_search/02_benchmark/H8-12_W4-4/RUN01/operations.csv
H8-12_W4-4,8,12,4,4,JOINT,sign,38,8559685,8.559685000,,9187,64,7870,RPI5_Heterogeneous_XMSSMT_2026-09-18/09_joint_parameter_search/02_benchmark/H8-12_W4-4/RUN01/operations.csv
H8-12_W4-4,8,12,4,4,JOINT,verify,38,1631296,1.631296000,1,9187,64,7870,RPI5_Heterogeneous_XMSSMT_2026-09-18/09_joint_parameter_search/02_benchmark/H8-12_W4-4/RUN01/operations.csv
H8-12_W4-4,8,12,4,4,JOINT,sign,39,7162908,7.162908000,,9187,64,7870,RPI5_Heterogeneous_XMSSMT_2026-09-18/09_joint_parameter_search/02_benchmark/H8-12_W4-4/RUN01/operations.csv
H8-12_W4-4,8,12,4,4,JOINT,verify,39,1694648,1.694648000,1,9187,64,7870,RPI5_Heterogeneous_XMSSMT_2026-09-18/09_joint_parameter_search/02_benchmark/H8-12_W4-4/RUN01/operations.csv
H8-12_W4-4,8,12,4,4,JOINT,sign,40,8561444,8.561444000,,9187,64,7870,RPI5_Heterogeneous_XMSSMT_2026-09-18/09_joint_parameter_search/02_benchmark/H8-12_W4-4/RUN01/operations.csv
H8-12_W4-4,8,12,4,4,JOINT,verify,40,1623000,1.623000000,1,9187,64,7870,RPI5_Heterogeneous_XMSSMT_2026-09-18/09_joint_parameter_search/02_benchmark/H8-12_W4-4/RUN01/operations.csv
H8-12_W4-4,8,12,4,4,JOINT,sign,41,7198630,7.198630000,,9187,64,7870,RPI5_Heterogeneous_XMSSMT_2026-09-18/09_joint_parameter_search/02_benchmark/H8-12_W4-4/RUN01/operations.csv
H8-12_W4-4,8,12,4,4,JOINT,verify,41,1666018,1.666018000,1,9187,64,7870,RPI5_Heterogeneous_XMSSMT_2026-09-18/09_joint_parameter_search/02_benchmark/H8-12_W4-4/RUN01/operations.csv
H8-12_W4-4,8,12,4,4,JOINT,sign,42,3186666,3.186666000,,9187,64,7870,RPI5_Heterogeneous_XMSSMT_2026-09-18/09_joint_parameter_search/02_benchmark/H8-12_W4-4/RUN01/operations.csv
H8-12_W4-4,8,12,4,4,JOINT,verify,42,1655981,1.655981000,1,9187,64,7870,RPI5_Heterogeneous_XMSSMT_2026-09-18/09_joint_parameter_search/02_benchmark/H8-12_W4-4/RUN01/operations.csv
H8-12_W4-4,8,12,4,4,JOINT,sign,43,5844148,5.844148000,,9187,64,7870,RPI5_Heterogeneous_XMSSMT_2026-09-18/09_joint_parameter_search/02_benchmark/H8-12_W4-4/RUN01/operations.csv
H8-12_W4-4,8,12,4,4,JOINT,verify,43,1666444,1.666444000,1,9187,64,7870,RPI5_Heterogeneous_XMSSMT_2026-09-18/09_joint_parameter_search/02_benchmark/H8-12_W4-4/RUN01/operations.csv
H8-12_W4-4,8,12,4,4,JOINT,sign,44,3148685,3.148685000,,9187,64,7870,RPI5_Heterogeneous_XMSSMT_2026-09-18/09_joint_parameter_search/02_benchmark/H8-12_W4-4/RUN01/operations.csv
H8-12_W4-4,8,12,4,4,JOINT,verify,44,1697574,1.697574000,1,9187,64,7870,RPI5_Heterogeneous_XMSSMT_2026-09-18/09_joint_parameter_search/02_benchmark/H8-12_W4-4/RUN01/operations.csv
H8-12_W4-4,8,12,4,4,JOINT,sign,45,3188963,3.188963000,,9187,64,7870,RPI5_Heterogeneous_XMSSMT_2026-09-18/09_joint_parameter_search/02_benchmark/H8-12_W4-4/RUN01/operations.csv
H8-12_W4-4,8,12,4,4,JOINT,verify,45,1657889,1.657889000,1,9187,64,7870,RPI5_Heterogeneous_XMSSMT_2026-09-18/09_joint_parameter_search/02_benchmark/H8-12_W4-4/RUN01/operations.csv
H8-12_W4-4,8,12,4,4,JOINT,sign,46,3208834,3.208834000,,9187,64,7870,RPI5_Heterogeneous_XMSSMT_2026-09-18/09_joint_parameter_search/02_benchmark/H8-12_W4-4/RUN01/operations.csv
H8-12_W4-4,8,12,4,4,JOINT,verify,46,1628722,1.628722000,1,9187,64,7870,RPI5_Heterogeneous_XMSSMT_2026-09-18/09_joint_parameter_search/02_benchmark/H8-12_W4-4/RUN01/operations.csv
H8-12_W4-4,8,12,4,4,JOINT,sign,47,7230166,7.230166000,,9187,64,7870,RPI5_Heterogeneous_XMSSMT_2026-09-18/09_joint_parameter_search/02_benchmark/H8-12_W4-4/RUN01/operations.csv
H8-12_W4-4,8,12,4,4,JOINT,verify,47,1628166,1.628166000,1,9187,64,7870,RPI5_Heterogeneous_XMSSMT_2026-09-18/09_joint_parameter_search/02_benchmark/H8-12_W4-4/RUN01/operations.csv
H8-12_W4-4,8,12,4,4,JOINT,sign,48,8545370,8.545370000,,9187,64,7870,RPI5_Heterogeneous_XMSSMT_2026-09-18/09_joint_parameter_search/02_benchmark/H8-12_W4-4/RUN01/operations.csv
H8-12_W4-4,8,12,4,4,JOINT,verify,48,1656185,1.656185000,1,9187,64,7870,RPI5_Heterogeneous_XMSSMT_2026-09-18/09_joint_parameter_search/02_benchmark/H8-12_W4-4/RUN01/operations.csv
H8-12_W4-4,8,12,4,4,JOINT,sign,49,7206426,7.206426000,,9187,64,7870,RPI5_Heterogeneous_XMSSMT_2026-09-18/09_joint_parameter_search/02_benchmark/H8-12_W4-4/RUN01/operations.csv
H8-12_W4-4,8,12,4,4,JOINT,verify,49,1661444,1.661444000,1,9187,64,7870,RPI5_Heterogeneous_XMSSMT_2026-09-18/09_joint_parameter_search/02_benchmark/H8-12_W4-4/RUN01/operations.csv
H8-12_W4-4,8,12,4,4,JOINT,sign,50,8581018,8.581018000,,9187,64,7870,RPI5_Heterogeneous_XMSSMT_2026-09-18/09_joint_parameter_search/02_benchmark/H8-12_W4-4/RUN01/operations.csv
H8-12_W4-4,8,12,4,4,JOINT,verify,50,1620000,1.620000000,1,9187,64,7870,RPI5_Heterogeneous_XMSSMT_2026-09-18/09_joint_parameter_search/02_benchmark/H8-12_W4-4/RUN01/operations.csv
H8-12_W4-4,8,12,4,4,JOINT,sign,51,5892833,5.892833000,,9187,64,7870,RPI5_Heterogeneous_XMSSMT_2026-09-18/09_joint_parameter_search/02_benchmark/H8-12_W4-4/RUN01/operations.csv
H8-12_W4-4,8,12,4,4,JOINT,verify,51,1631167,1.631167000,1,9187,64,7870,RPI5_Heterogeneous_XMSSMT_2026-09-18/09_joint_parameter_search/02_benchmark/H8-12_W4-4/RUN01/operations.csv
H8-12_W4-4,8,12,4,4,JOINT,sign,52,3223907,3.223907000,,9187,64,7870,RPI5_Heterogeneous_XMSSMT_2026-09-18/09_joint_parameter_search/02_benchmark/H8-12_W4-4/RUN01/operations.csv
H8-12_W4-4,8,12,4,4,JOINT,verify,52,1617222,1.617222000,1,9187,64,7870,RPI5_Heterogeneous_XMSSMT_2026-09-18/09_joint_parameter_search/02_benchmark/H8-12_W4-4/RUN01/operations.csv
H8-12_W4-4,8,12,4,4,JOINT,sign,53,3218481,3.218481000,,9187,64,7870,RPI5_Heterogeneous_XMSSMT_2026-09-18/09_joint_parameter_search/02_benchmark/H8-12_W4-4/RUN01/operations.csv
H8-12_W4-4,8,12,4,4,JOINT,verify,53,1629408,1.629408000,1,9187,64,7870,RPI5_Heterogeneous_XMSSMT_2026-09-18/09_joint_parameter_search/02_benchmark/H8-12_W4-4/RUN01/operations.csv
H8-12_W4-4,8,12,4,4,JOINT,sign,54,3233740,3.233740000,,9187,64,7870,RPI5_Heterogeneous_XMSSMT_2026-09-18/09_joint_parameter_search/02_benchmark/H8-12_W4-4/RUN01/operations.csv
H8-12_W4-4,8,12,4,4,JOINT,verify,54,1608870,1.608870000,1,9187,64,7870,RPI5_Heterogeneous_XMSSMT_2026-09-18/09_joint_parameter_search/02_benchmark/H8-12_W4-4/RUN01/operations.csv
H8-12_W4-4,8,12,4,4,JOINT,sign,55,7188982,7.188982000,,9187,64,7870,RPI5_Heterogeneous_XMSSMT_2026-09-18/09_joint_parameter_search/02_benchmark/H8-12_W4-4/RUN01/operations.csv
H8-12_W4-4,8,12,4,4,JOINT,verify,55,1668723,1.668723000,1,9187,64,7870,RPI5_Heterogeneous_XMSSMT_2026-09-18/09_joint_parameter_search/02_benchmark/H8-12_W4-4/RUN01/operations.csv
H8-12_W4-4,8,12,4,4,JOINT,sign,56,7194981,7.194981000,,9187,64,7870,RPI5_Heterogeneous_XMSSMT_2026-09-18/09_joint_parameter_search/02_benchmark/H8-12_W4-4/RUN01/operations.csv
H8-12_W4-4,8,12,4,4,JOINT,verify,56,1670278,1.670278000,1,9187,64,7870,RPI5_Heterogeneous_XMSSMT_2026-09-18/09_joint_parameter_search/02_benchmark/H8-12_W4-4/RUN01/operations.csv
H8-12_W4-4,8,12,4,4,JOINT,sign,57,3193129,3.193129000,,9187,64,7870,RPI5_Heterogeneous_XMSSMT_2026-09-18/09_joint_parameter_search/02_benchmark/H8-12_W4-4/RUN01/operations.csv
H8-12_W4-4,8,12,4,4,JOINT,verify,57,1658593,1.658593000,1,9187,64,7870,RPI5_Heterogeneous_XMSSMT_2026-09-18/09_joint_parameter_search/02_benchmark/H8-12_W4-4/RUN01/operations.csv
H8-12_W4-4,8,12,4,4,JOINT,sign,58,3196056,3.196056000,,9187,64,7870,RPI5_Heterogeneous_XMSSMT_2026-09-18/09_joint_parameter_search/02_benchmark/H8-12_W4-4/RUN01/operations.csv
H8-12_W4-4,8,12,4,4,JOINT,verify,58,1653889,1.653889000,1,9187,64,7870,RPI5_Heterogeneous_XMSSMT_2026-09-18/09_joint_parameter_search/02_benchmark/H8-12_W4-4/RUN01/operations.csv
H8-12_W4-4,8,12,4,4,JOINT,sign,59,5836000,5.836000000,,9187,64,7870,RPI5_Heterogeneous_XMSSMT_2026-09-18/09_joint_parameter_search/02_benchmark/H8-12_W4-4/RUN01/operations.csv
H8-12_W4-4,8,12,4,4,JOINT,verify,59,1691851,1.691851000,1,9187,64,7870,RPI5_Heterogeneous_XMSSMT_2026-09-18/09_joint_parameter_search/02_benchmark/H8-12_W4-4/RUN01/operations.csv
H8-12_W4-4,8,12,4,4,JOINT,sign,60,3192945,3.192945000,,9187,64,7870,RPI5_Heterogeneous_XMSSMT_2026-09-18/09_joint_parameter_search/02_benchmark/H8-12_W4-4/RUN01/operations.csv
H8-12_W4-4,8,12,4,4,JOINT,verify,60,1647000,1.647000000,1,9187,64,7870,RPI5_Heterogeneous_XMSSMT_2026-09-18/09_joint_parameter_search/02_benchmark/H8-12_W4-4/RUN01/operations.csv
H8-12_W4-4,8,12,4,4,JOINT,sign,61,3235778,3.235778000,,9187,64,7870,RPI5_Heterogeneous_XMSSMT_2026-09-18/09_joint_parameter_search/02_benchmark/H8-12_W4-4/RUN01/operations.csv
H8-12_W4-4,8,12,4,4,JOINT,verify,61,1609389,1.609389000,1,9187,64,7870,RPI5_Heterogeneous_XMSSMT_2026-09-18/09_joint_parameter_search/02_benchmark/H8-12_W4-4/RUN01/operations.csv
H8-12_W4-4,8,12,4,4,JOINT,sign,62,3182445,3.182445000,,9187,64,7870,RPI5_Heterogeneous_XMSSMT_2026-09-18/09_joint_parameter_search/02_benchmark/H8-12_W4-4/RUN01/operations.csv
H8-12_W4-4,8,12,4,4,JOINT,verify,62,1662575,1.662575000,1,9187,64,7870,RPI5_Heterogeneous_XMSSMT_2026-09-18/09_joint_parameter_search/02_benchmark/H8-12_W4-4/RUN01/operations.csv
H8-12_W4-4,8,12,4,4,JOINT,sign,63,7221481,7.221481000,,9187,64,7870,RPI5_Heterogeneous_XMSSMT_2026-09-18/09_joint_parameter_search/02_benchmark/H8-12_W4-4/RUN01/operations.csv
H8-12_W4-4,8,12,4,4,JOINT,verify,63,1649278,1.649278000,1,9187,64,7870,RPI5_Heterogeneous_XMSSMT_2026-09-18/09_joint_parameter_search/02_benchmark/H8-12_W4-4/RUN01/operations.csv
H8-12_W4-4,8,12,4,4,JOINT,sign,64,8541426,8.541426000,,9187,64,7870,RPI5_Heterogeneous_XMSSMT_2026-09-18/09_joint_parameter_search/02_benchmark/H8-12_W4-4/RUN01/operations.csv
H8-12_W4-4,8,12,4,4,JOINT,verify,64,1647667,1.647667000,1,9187,64,7870,RPI5_Heterogeneous_XMSSMT_2026-09-18/09_joint_parameter_search/02_benchmark/H8-12_W4-4/RUN01/operations.csv
H8-12_W4-4,8,12,4,4,JOINT,sign,65,7255722,7.255722000,,9187,64,7870,RPI5_Heterogeneous_XMSSMT_2026-09-18/09_joint_parameter_search/02_benchmark/H8-12_W4-4/RUN01/operations.csv
H8-12_W4-4,8,12,4,4,JOINT,verify,65,1636537,1.636537000,1,9187,64,7870,RPI5_Heterogeneous_XMSSMT_2026-09-18/09_joint_parameter_search/02_benchmark/H8-12_W4-4/RUN01/operations.csv
H8-12_W4-4,8,12,4,4,JOINT,sign,66,8506907,8.506907000,,9187,64,7870,RPI5_Heterogeneous_XMSSMT_2026-09-18/09_joint_parameter_search/02_benchmark/H8-12_W4-4/RUN01/operations.csv
H8-12_W4-4,8,12,4,4,JOINT,verify,66,1693574,1.693574000,1,9187,64,7870,RPI5_Heterogeneous_XMSSMT_2026-09-18/09_joint_parameter_search/02_benchmark/H8-12_W4-4/RUN01/operations.csv
H8-12_W4-4,8,12,4,4,JOINT,sign,67,7246389,7.246389000,,9187,64,7870,RPI5_Heterogeneous_XMSSMT_2026-09-18/09_joint_parameter_search/02_benchmark/H8-12_W4-4/RUN01/operations.csv
H8-12_W4-4,8,12,4,4,JOINT,verify,67,1623740,1.623740000,1,9187,64,7870,RPI5_Heterogeneous_XMSSMT_2026-09-18/09_joint_parameter_search/02_benchmark/H8-12_W4-4/RUN01/operations.csv
H8-12_W4-4,8,12,4,4,JOINT,sign,68,8539852,8.539852000,,9187,64,7870,RPI5_Heterogeneous_XMSSMT_2026-09-18/09_joint_parameter_search/02_benchmark/H8-12_W4-4/RUN01/operations.csv
H8-12_W4-4,8,12,4,4,JOINT,verify,68,1660722,1.660722000,1,9187,64,7870,RPI5_Heterogeneous_XMSSMT_2026-09-18/09_joint_parameter_search/02_benchmark/H8-12_W4-4/RUN01/operations.csv
H8-12_W4-4,8,12,4,4,JOINT,sign,69,7244444,7.244444000,,9187,64,7870,RPI5_Heterogeneous_XMSSMT_2026-09-18/09_joint_parameter_search/02_benchmark/H8-12_W4-4/RUN01/operations.csv
H8-12_W4-4,8,12,4,4,JOINT,verify,69,1630000,1.630000000,1,9187,64,7870,RPI5_Heterogeneous_XMSSMT_2026-09-18/09_joint_parameter_search/02_benchmark/H8-12_W4-4/RUN01/operations.csv
H8-12_W4-4,8,12,4,4,JOINT,sign,70,8616537,8.616537000,,9187,64,7870,RPI5_Heterogeneous_XMSSMT_2026-09-18/09_joint_parameter_search/02_benchmark/H8-12_W4-4/RUN01/operations.csv
H8-12_W4-4,8,12,4,4,JOINT,verify,70,1586260,1.586260000,1,9187,64,7870,RPI5_Heterogeneous_XMSSMT_2026-09-18/09_joint_parameter_search/02_benchmark/H8-12_W4-4/RUN01/operations.csv
H8-12_W4-4,8,12,4,4,JOINT,sign,71,7203686,7.203686000,,9187,64,7870,RPI5_Heterogeneous_XMSSMT_2026-09-18/09_joint_parameter_search/02_benchmark/H8-12_W4-4/RUN01/operations.csv
H8-12_W4-4,8,12,4,4,JOINT,verify,71,1667537,1.667537000,1,9187,64,7870,RPI5_Heterogeneous_XMSSMT_2026-09-18/09_joint_parameter_search/02_benchmark/H8-12_W4-4/RUN01/operations.csv
H8-12_W4-4,8,12,4,4,JOINT,sign,72,8578000,8.578000000,,9187,64,7870,RPI5_Heterogeneous_XMSSMT_2026-09-18/09_joint_parameter_search/02_benchmark/H8-12_W4-4/RUN01/operations.csv
H8-12_W4-4,8,12,4,4,JOINT,verify,72,1624241,1.624241000,1,9187,64,7870,RPI5_Heterogeneous_XMSSMT_2026-09-18/09_joint_parameter_search/02_benchmark/H8-12_W4-4/RUN01/operations.csv
H8-12_W4-4,8,12,4,4,JOINT,sign,73,7247667,7.247667000,,9187,64,7870,RPI5_Heterogeneous_XMSSMT_2026-09-18/09_joint_parameter_search/02_benchmark/H8-12_W4-4/RUN01/operations.csv
H8-12_W4-4,8,12,4,4,JOINT,verify,73,1630945,1.630945000,1,9187,64,7870,RPI5_Heterogeneous_XMSSMT_2026-09-18/09_joint_parameter_search/02_benchmark/H8-12_W4-4/RUN01/operations.csv
H8-12_W4-4,8,12,4,4,JOINT,sign,74,8573092,8.573092000,,9187,64,7870,RPI5_Heterogeneous_XMSSMT_2026-09-18/09_joint_parameter_search/02_benchmark/H8-12_W4-4/RUN01/operations.csv
H8-12_W4-4,8,12,4,4,JOINT,verify,74,1629445,1.629445000,1,9187,64,7870,RPI5_Heterogeneous_XMSSMT_2026-09-18/09_joint_parameter_search/02_benchmark/H8-12_W4-4/RUN01/operations.csv
H8-12_W4-4,8,12,4,4,JOINT,sign,75,7245537,7.245537000,,9187,64,7870,RPI5_Heterogeneous_XMSSMT_2026-09-18/09_joint_parameter_search/02_benchmark/H8-12_W4-4/RUN01/operations.csv
H8-12_W4-4,8,12,4,4,JOINT,verify,75,1616019,1.616019000,1,9187,64,7870,RPI5_Heterogeneous_XMSSMT_2026-09-18/09_joint_parameter_search/02_benchmark/H8-12_W4-4/RUN01/operations.csv
H8-12_W4-4,8,12,4,4,JOINT,sign,76,8583315,8.583315000,,9187,64,7870,RPI5_Heterogeneous_XMSSMT_2026-09-18/09_joint_parameter_search/02_benchmark/H8-12_W4-4/RUN01/operations.csv
H8-12_W4-4,8,12,4,4,JOINT,verify,76,1616574,1.616574000,1,9187,64,7870,RPI5_Heterogeneous_XMSSMT_2026-09-18/09_joint_parameter_search/02_benchmark/H8-12_W4-4/RUN01/operations.csv
H8-12_W4-4,8,12,4,4,JOINT,sign,77,7239000,7.239000000,,9187,64,7870,RPI5_Heterogeneous_XMSSMT_2026-09-18/09_joint_parameter_search/02_benchmark/H8-12_W4-4/RUN01/operations.csv
H8-12_W4-4,8,12,4,4,JOINT,verify,77,1628611,1.628611000,1,9187,64,7870,RPI5_Heterogeneous_XMSSMT_2026-09-18/09_joint_parameter_search/02_benchmark/H8-12_W4-4/RUN01/operations.csv
H8-12_W4-4,8,12,4,4,JOINT,sign,78,8589704,8.589704000,,9187,64,7870,RPI5_Heterogeneous_XMSSMT_2026-09-18/09_joint_parameter_search/02_benchmark/H8-12_W4-4/RUN01/operations.csv
H8-12_W4-4,8,12,4,4,JOINT,verify,78,1632092,1.632092000,1,9187,64,7870,RPI5_Heterogeneous_XMSSMT_2026-09-18/09_joint_parameter_search/02_benchmark/H8-12_W4-4/RUN01/operations.csv
H8-12_W4-4,8,12,4,4,JOINT,sign,79,7221740,7.221740000,,9187,64,7870,RPI5_Heterogeneous_XMSSMT_2026-09-18/09_joint_parameter_search/02_benchmark/H8-12_W4-4/RUN01/operations.csv
H8-12_W4-4,8,12,4,4,JOINT,verify,79,1656592,1.656592000,1,9187,64,7870,RPI5_Heterogeneous_XMSSMT_2026-09-18/09_joint_parameter_search/02_benchmark/H8-12_W4-4/RUN01/operations.csv
H8-12_W4-4,8,12,4,4,JOINT,sign,80,8586611,8.586611000,,9187,64,7870,RPI5_Heterogeneous_XMSSMT_2026-09-18/09_joint_parameter_search/02_benchmark/H8-12_W4-4/RUN01/operations.csv
H8-12_W4-4,8,12,4,4,JOINT,verify,80,1620056,1.620056000,1,9187,64,7870,RPI5_Heterogeneous_XMSSMT_2026-09-18/09_joint_parameter_search/02_benchmark/H8-12_W4-4/RUN01/operations.csv
H8-12_W4-4,8,12,4,4,JOINT,sign,81,7190777,7.190777000,,9187,64,7870,RPI5_Heterogeneous_XMSSMT_2026-09-18/09_joint_parameter_search/02_benchmark/H8-12_W4-4/RUN01/operations.csv
H8-12_W4-4,8,12,4,4,JOINT,verify,81,1687333,1.687333000,1,9187,64,7870,RPI5_Heterogeneous_XMSSMT_2026-09-18/09_joint_parameter_search/02_benchmark/H8-12_W4-4/RUN01/operations.csv
H8-12_W4-4,8,12,4,4,JOINT,sign,82,8587148,8.587148000,,9187,64,7870,RPI5_Heterogeneous_XMSSMT_2026-09-18/09_joint_parameter_search/02_benchmark/H8-12_W4-4/RUN01/operations.csv
H8-12_W4-4,8,12,4,4,JOINT,verify,82,1623926,1.623926000,1,9187,64,7870,RPI5_Heterogeneous_XMSSMT_2026-09-18/09_joint_parameter_search/02_benchmark/H8-12_W4-4/RUN01/operations.csv
H8-12_W4-4,8,12,4,4,JOINT,sign,83,7178019,7.178019000,,9187,64,7870,RPI5_Heterogeneous_XMSSMT_2026-09-18/09_joint_parameter_search/02_benchmark/H8-12_W4-4/RUN01/operations.csv
H8-12_W4-4,8,12,4,4,JOINT,verify,83,1696037,1.696037000,1,9187,64,7870,RPI5_Heterogeneous_XMSSMT_2026-09-18/09_joint_parameter_search/02_benchmark/H8-12_W4-4/RUN01/operations.csv
H8-12_W4-4,8,12,4,4,JOINT,sign,84,8499852,8.499852000,,9187,64,7870,RPI5_Heterogeneous_XMSSMT_2026-09-18/09_joint_parameter_search/02_benchmark/H8-12_W4-4/RUN01/operations.csv
H8-12_W4-4,8,12,4,4,JOINT,verify,84,1692685,1.692685000,1,9187,64,7870,RPI5_Heterogeneous_XMSSMT_2026-09-18/09_joint_parameter_search/02_benchmark/H8-12_W4-4/RUN01/operations.csv
H8-12_W4-4,8,12,4,4,JOINT,sign,85,7295222,7.295222000,,9187,64,7870,RPI5_Heterogeneous_XMSSMT_2026-09-18/09_joint_parameter_search/02_benchmark/H8-12_W4-4/RUN01/operations.csv
H8-12_W4-4,8,12,4,4,JOINT,verify,85,1629612,1.629612000,1,9187,64,7870,RPI5_Heterogeneous_XMSSMT_2026-09-18/09_joint_parameter_search/02_benchmark/H8-12_W4-4/RUN01/operations.csv
H8-12_W4-4,8,12,4,4,JOINT,sign,86,8514907,8.514907000,,9187,64,7870,RPI5_Heterogeneous_XMSSMT_2026-09-18/09_joint_parameter_search/02_benchmark/H8-12_W4-4/RUN01/operations.csv
H8-12_W4-4,8,12,4,4,JOINT,verify,86,1688685,1.688685000,1,9187,64,7870,RPI5_Heterogeneous_XMSSMT_2026-09-18/09_joint_parameter_search/02_benchmark/H8-12_W4-4/RUN01/operations.csv
H8-12_W4-4,8,12,4,4,JOINT,sign,87,7258741,7.258741000,,9187,64,7870,RPI5_Heterogeneous_XMSSMT_2026-09-18/09_joint_parameter_search/02_benchmark/H8-12_W4-4/RUN01/operations.csv
H8-12_W4-4,8,12,4,4,JOINT,verify,87,1617130,1.617130000,1,9187,64,7870,RPI5_Heterogeneous_XMSSMT_2026-09-18/09_joint_parameter_search/02_benchmark/H8-12_W4-4/RUN01/operations.csv
H8-12_W4-4,8,12,4,4,JOINT,sign,88,8547889,8.547889000,,9187,64,7870,RPI5_Heterogeneous_XMSSMT_2026-09-18/09_joint_parameter_search/02_benchmark/H8-12_W4-4/RUN01/operations.csv
H8-12_W4-4,8,12,4,4,JOINT,verify,88,1655314,1.655314000,1,9187,64,7870,RPI5_Heterogeneous_XMSSMT_2026-09-18/09_joint_parameter_search/02_benchmark/H8-12_W4-4/RUN01/operations.csv
H8-12_W4-4,8,12,4,4,JOINT,sign,89,7222074,7.222074000,,9187,64,7870,RPI5_Heterogeneous_XMSSMT_2026-09-18/09_joint_parameter_search/02_benchmark/H8-12_W4-4/RUN01/operations.csv
H8-12_W4-4,8,12,4,4,JOINT,verify,89,1655704,1.655704000,1,9187,64,7870,RPI5_Heterogeneous_XMSSMT_2026-09-18/09_joint_parameter_search/02_benchmark/H8-12_W4-4/RUN01/operations.csv
H8-12_W4-4,8,12,4,4,JOINT,sign,90,3160075,3.160075000,,9187,64,7870,RPI5_Heterogeneous_XMSSMT_2026-09-18/09_joint_parameter_search/02_benchmark/H8-12_W4-4/RUN01/operations.csv
H8-12_W4-4,8,12,4,4,JOINT,verify,90,1689148,1.689148000,1,9187,64,7870,RPI5_Heterogeneous_XMSSMT_2026-09-18/09_joint_parameter_search/02_benchmark/H8-12_W4-4/RUN01/operations.csv
H8-12_W4-4,8,12,4,4,JOINT,sign,91,5891574,5.891574000,,9187,64,7870,RPI5_Heterogeneous_XMSSMT_2026-09-18/09_joint_parameter_search/02_benchmark/H8-12_W4-4/RUN01/operations.csv
H8-12_W4-4,8,12,4,4,JOINT,verify,91,1647926,1.647926000,1,9187,64,7870,RPI5_Heterogeneous_XMSSMT_2026-09-18/09_joint_parameter_search/02_benchmark/H8-12_W4-4/RUN01/operations.csv
H8-12_W4-4,8,12,4,4,JOINT,sign,92,3155315,3.155315000,,9187,64,7870,RPI5_Heterogeneous_XMSSMT_2026-09-18/09_joint_parameter_search/02_benchmark/H8-12_W4-4/RUN01/operations.csv
H8-12_W4-4,8,12,4,4,JOINT,verify,92,1685296,1.685296000,1,9187,64,7870,RPI5_Heterogeneous_XMSSMT_2026-09-18/09_joint_parameter_search/02_benchmark/H8-12_W4-4/RUN01/operations.csv
H8-12_W4-4,8,12,4,4,JOINT,sign,93,3199500,3.199500000,,9187,64,7870,RPI5_Heterogeneous_XMSSMT_2026-09-18/09_joint_parameter_search/02_benchmark/H8-12_W4-4/RUN01/operations.csv
H8-12_W4-4,8,12,4,4,JOINT,verify,93,1651944,1.651944000,1,9187,64,7870,RPI5_Heterogeneous_XMSSMT_2026-09-18/09_joint_parameter_search/02_benchmark/H8-12_W4-4/RUN01/operations.csv
H8-12_W4-4,8,12,4,4,JOINT,sign,94,3263574,3.263574000,,9187,64,7870,RPI5_Heterogeneous_XMSSMT_2026-09-18/09_joint_parameter_search/02_benchmark/H8-12_W4-4/RUN01/operations.csv
H8-12_W4-4,8,12,4,4,JOINT,verify,94,1584426,1.584426000,1,9187,64,7870,RPI5_Heterogeneous_XMSSMT_2026-09-18/09_joint_parameter_search/02_benchmark/H8-12_W4-4/RUN01/operations.csv
H8-12_W4-4,8,12,4,4,JOINT,sign,95,7248388,7.248388000,,9187,64,7870,RPI5_Heterogeneous_XMSSMT_2026-09-18/09_joint_parameter_search/02_benchmark/H8-12_W4-4/RUN01/operations.csv
H8-12_W4-4,8,12,4,4,JOINT,verify,95,1608963,1.608963000,1,9187,64,7870,RPI5_Heterogeneous_XMSSMT_2026-09-18/09_joint_parameter_search/02_benchmark/H8-12_W4-4/RUN01/operations.csv
H8-12_W4-4,8,12,4,4,JOINT,sign,96,8561741,8.561741000,,9187,64,7870,RPI5_Heterogeneous_XMSSMT_2026-09-18/09_joint_parameter_search/02_benchmark/H8-12_W4-4/RUN01/operations.csv
H8-12_W4-4,8,12,4,4,JOINT,verify,96,1620667,1.620667000,1,9187,64,7870,RPI5_Heterogeneous_XMSSMT_2026-09-18/09_joint_parameter_search/02_benchmark/H8-12_W4-4/RUN01/operations.csv
H8-12_W4-4,8,12,4,4,JOINT,sign,97,7189907,7.189907000,,9187,64,7870,RPI5_Heterogeneous_XMSSMT_2026-09-18/09_joint_parameter_search/02_benchmark/H8-12_W4-4/RUN01/operations.csv
H8-12_W4-4,8,12,4,4,JOINT,verify,97,1662926,1.662926000,1,9187,64,7870,RPI5_Heterogeneous_XMSSMT_2026-09-18/09_joint_parameter_search/02_benchmark/H8-12_W4-4/RUN01/operations.csv
H8-12_W4-4,8,12,4,4,JOINT,sign,98,8541537,8.541537000,,9187,64,7870,RPI5_Heterogeneous_XMSSMT_2026-09-18/09_joint_parameter_search/02_benchmark/H8-12_W4-4/RUN01/operations.csv
H8-12_W4-4,8,12,4,4,JOINT,verify,98,1655963,1.655963000,1,9187,64,7870,RPI5_Heterogeneous_XMSSMT_2026-09-18/09_joint_parameter_search/02_benchmark/H8-12_W4-4/RUN01/operations.csv
H8-12_W4-4,8,12,4,4,JOINT,sign,99,7184925,7.184925000,,9187,64,7870,RPI5_Heterogeneous_XMSSMT_2026-09-18/09_joint_parameter_search/02_benchmark/H8-12_W4-4/RUN01/operations.csv
H8-12_W4-4,8,12,4,4,JOINT,verify,99,1666500,1.666500000,1,9187,64,7870,RPI5_Heterogeneous_XMSSMT_2026-09-18/09_joint_parameter_search/02_benchmark/H8-12_W4-4/RUN01/operations.csv
H12-8_W16-16,12,8,16,16,HEIGHT,keygen,0,10426235364,10426.235364000,,4963,64,6238,RPI5_Heterogeneous_XMSSMT_2026-09-18/08_height_heterogeneity/FINAL_BENCHMARK_FREEZE/H12-8/RUN01/operations.csv
H12-8_W16-16,12,8,16,16,HEIGHT,keygen,1,10409714067,10409.714067000,,4963,64,6238,RPI5_Heterogeneous_XMSSMT_2026-09-18/08_height_heterogeneity/FINAL_BENCHMARK_FREEZE/H12-8/RUN01/operations.csv
H12-8_W16-16,12,8,16,16,HEIGHT,keygen,2,10409657846,10409.657846000,,4963,64,6238,RPI5_Heterogeneous_XMSSMT_2026-09-18/08_height_heterogeneity/FINAL_BENCHMARK_FREEZE/H12-8/RUN01/operations.csv
H12-8_W16-16,12,8,16,16,HEIGHT,keygen,3,10409825123,10409.825123000,,4963,64,6238,RPI5_Heterogeneous_XMSSMT_2026-09-18/08_height_heterogeneity/FINAL_BENCHMARK_FREEZE/H12-8/RUN01/operations.csv
H12-8_W16-16,12,8,16,16,HEIGHT,keygen,4,10412173382,10412.173382000,,4963,64,6238,RPI5_Heterogeneous_XMSSMT_2026-09-18/08_height_heterogeneity/FINAL_BENCHMARK_FREEZE/H12-8/RUN01/operations.csv
H12-8_W16-16,12,8,16,16,HEIGHT,keygen,5,10408932438,10408.932438000,,4963,64,6238,RPI5_Heterogeneous_XMSSMT_2026-09-18/08_height_heterogeneity/FINAL_BENCHMARK_FREEZE/H12-8/RUN01/operations.csv
H12-8_W16-16,12,8,16,16,HEIGHT,keygen,6,10412223753,10412.223753000,,4963,64,6238,RPI5_Heterogeneous_XMSSMT_2026-09-18/08_height_heterogeneity/FINAL_BENCHMARK_FREEZE/H12-8/RUN01/operations.csv
H12-8_W16-16,12,8,16,16,HEIGHT,keygen,7,10411628938,10411.628938000,,4963,64,6238,RPI5_Heterogeneous_XMSSMT_2026-09-18/08_height_heterogeneity/FINAL_BENCHMARK_FREEZE/H12-8/RUN01/operations.csv
H12-8_W16-16,12,8,16,16,HEIGHT,keygen,8,10410132475,10410.132475000,,4963,64,6238,RPI5_Heterogeneous_XMSSMT_2026-09-18/08_height_heterogeneity/FINAL_BENCHMARK_FREEZE/H12-8/RUN01/operations.csv
H12-8_W16-16,12,8,16,16,HEIGHT,keygen,9,10408526530,10408.526530000,,4963,64,6238,RPI5_Heterogeneous_XMSSMT_2026-09-18/08_height_heterogeneity/FINAL_BENCHMARK_FREEZE/H12-8/RUN01/operations.csv
H12-8_W16-16,12,8,16,16,HEIGHT,sign,0,5764333,5.764333000,,4963,64,6238,RPI5_Heterogeneous_XMSSMT_2026-09-18/08_height_heterogeneity/FINAL_BENCHMARK_FREEZE/H12-8/RUN01/operations.csv
H12-8_W16-16,12,8,16,16,HEIGHT,verify,0,2724833,2.724833000,1,4963,64,6238,RPI5_Heterogeneous_XMSSMT_2026-09-18/08_height_heterogeneity/FINAL_BENCHMARK_FREEZE/H12-8/RUN01/operations.csv
H12-8_W16-16,12,8,16,16,HEIGHT,sign,1,5846111,5.846111000,,4963,64,6238,RPI5_Heterogeneous_XMSSMT_2026-09-18/08_height_heterogeneity/FINAL_BENCHMARK_FREEZE/H12-8/RUN01/operations.csv
H12-8_W16-16,12,8,16,16,HEIGHT,verify,1,2624481,2.624481000,1,4963,64,6238,RPI5_Heterogeneous_XMSSMT_2026-09-18/08_height_heterogeneity/FINAL_BENCHMARK_FREEZE/H12-8/RUN01/operations.csv
H12-8_W16-16,12,8,16,16,HEIGHT,sign,2,5885408,5.885408000,,4963,64,6238,RPI5_Heterogeneous_XMSSMT_2026-09-18/08_height_heterogeneity/FINAL_BENCHMARK_FREEZE/H12-8/RUN01/operations.csv
H12-8_W16-16,12,8,16,16,HEIGHT,verify,2,2592740,2.592740000,1,4963,64,6238,RPI5_Heterogeneous_XMSSMT_2026-09-18/08_height_heterogeneity/FINAL_BENCHMARK_FREEZE/H12-8/RUN01/operations.csv
H12-8_W16-16,12,8,16,16,HEIGHT,sign,3,10785352,10.785352000,,4963,64,6238,RPI5_Heterogeneous_XMSSMT_2026-09-18/08_height_heterogeneity/FINAL_BENCHMARK_FREEZE/H12-8/RUN01/operations.csv
H12-8_W16-16,12,8,16,16,HEIGHT,verify,3,2462259,2.462259000,1,4963,64,6238,RPI5_Heterogeneous_XMSSMT_2026-09-18/08_height_heterogeneity/FINAL_BENCHMARK_FREEZE/H12-8/RUN01/operations.csv
H12-8_W16-16,12,8,16,16,HEIGHT,sign,4,5960315,5.960315000,,4963,64,6238,RPI5_Heterogeneous_XMSSMT_2026-09-18/08_height_heterogeneity/FINAL_BENCHMARK_FREEZE/H12-8/RUN01/operations.csv
H12-8_W16-16,12,8,16,16,HEIGHT,verify,4,2527759,2.527759000,1,4963,64,6238,RPI5_Heterogeneous_XMSSMT_2026-09-18/08_height_heterogeneity/FINAL_BENCHMARK_FREEZE/H12-8/RUN01/operations.csv
H12-8_W16-16,12,8,16,16,HEIGHT,sign,5,5930852,5.930852000,,4963,64,6238,RPI5_Heterogeneous_XMSSMT_2026-09-18/08_height_heterogeneity/FINAL_BENCHMARK_FREEZE/H12-8/RUN01/operations.csv
H12-8_W16-16,12,8,16,16,HEIGHT,verify,5,2560981,2.560981000,1,4963,64,6238,RPI5_Heterogeneous_XMSSMT_2026-09-18/08_height_heterogeneity/FINAL_BENCHMARK_FREEZE/H12-8/RUN01/operations.csv
H12-8_W16-16,12,8,16,16,HEIGHT,sign,6,5911944,5.911944000,,4963,64,6238,RPI5_Heterogeneous_XMSSMT_2026-09-18/08_height_heterogeneity/FINAL_BENCHMARK_FREEZE/H12-8/RUN01/operations.csv
H12-8_W16-16,12,8,16,16,HEIGHT,verify,6,2559426,2.559426000,1,4963,64,6238,RPI5_Heterogeneous_XMSSMT_2026-09-18/08_height_heterogeneity/FINAL_BENCHMARK_FREEZE/H12-8/RUN01/operations.csv
H12-8_W16-16,12,8,16,16,HEIGHT,sign,7,17742704,17.742704000,,4963,64,6238,RPI5_Heterogeneous_XMSSMT_2026-09-18/08_height_heterogeneity/FINAL_BENCHMARK_FREEZE/H12-8/RUN01/operations.csv
H12-8_W16-16,12,8,16,16,HEIGHT,verify,7,2690074,2.690074000,1,4963,64,6238,RPI5_Heterogeneous_XMSSMT_2026-09-18/08_height_heterogeneity/FINAL_BENCHMARK_FREEZE/H12-8/RUN01/operations.csv
H12-8_W16-16,12,8,16,16,HEIGHT,sign,8,8279852,8.279852000,,4963,64,6238,RPI5_Heterogeneous_XMSSMT_2026-09-18/08_height_heterogeneity/FINAL_BENCHMARK_FREEZE/H12-8/RUN01/operations.csv
H12-8_W16-16,12,8,16,16,HEIGHT,verify,8,2594796,2.594796000,1,4963,64,6238,RPI5_Heterogeneous_XMSSMT_2026-09-18/08_height_heterogeneity/FINAL_BENCHMARK_FREEZE/H12-8/RUN01/operations.csv
H12-8_W16-16,12,8,16,16,HEIGHT,sign,9,5959889,5.959889000,,4963,64,6238,RPI5_Heterogeneous_XMSSMT_2026-09-18/08_height_heterogeneity/FINAL_BENCHMARK_FREEZE/H12-8/RUN01/operations.csv
H12-8_W16-16,12,8,16,16,HEIGHT,verify,9,2527944,2.527944000,1,4963,64,6238,RPI5_Heterogeneous_XMSSMT_2026-09-18/08_height_heterogeneity/FINAL_BENCHMARK_FREEZE/H12-8/RUN01/operations.csv
H12-8_W16-16,12,8,16,16,HEIGHT,sign,10,5887944,5.887944000,,4963,64,6238,RPI5_Heterogeneous_XMSSMT_2026-09-18/08_height_heterogeneity/FINAL_BENCHMARK_FREEZE/H12-8/RUN01/operations.csv
H12-8_W16-16,12,8,16,16,HEIGHT,verify,10,2593982,2.593982000,1,4963,64,6238,RPI5_Heterogeneous_XMSSMT_2026-09-18/08_height_heterogeneity/FINAL_BENCHMARK_FREEZE/H12-8/RUN01/operations.csv
H12-8_W16-16,12,8,16,16,HEIGHT,sign,11,10720389,10.720389000,,4963,64,6238,RPI5_Heterogeneous_XMSSMT_2026-09-18/08_height_heterogeneity/FINAL_BENCHMARK_FREEZE/H12-8/RUN01/operations.csv
H12-8_W16-16,12,8,16,16,HEIGHT,verify,11,2529000,2.529000000,1,4963,64,6238,RPI5_Heterogeneous_XMSSMT_2026-09-18/08_height_heterogeneity/FINAL_BENCHMARK_FREEZE/H12-8/RUN01/operations.csv
H12-8_W16-16,12,8,16,16,HEIGHT,sign,12,5848740,5.848740000,,4963,64,6238,RPI5_Heterogeneous_XMSSMT_2026-09-18/08_height_heterogeneity/FINAL_BENCHMARK_FREEZE/H12-8/RUN01/operations.csv
H12-8_W16-16,12,8,16,16,HEIGHT,verify,12,2626092,2.626092000,1,4963,64,6238,RPI5_Heterogeneous_XMSSMT_2026-09-18/08_height_heterogeneity/FINAL_BENCHMARK_FREEZE/H12-8/RUN01/operations.csv
H12-8_W16-16,12,8,16,16,HEIGHT,sign,13,5949426,5.949426000,,4963,64,6238,RPI5_Heterogeneous_XMSSMT_2026-09-18/08_height_heterogeneity/FINAL_BENCHMARK_FREEZE/H12-8/RUN01/operations.csv
H12-8_W16-16,12,8,16,16,HEIGHT,verify,13,2527648,2.527648000,1,4963,64,6238,RPI5_Heterogeneous_XMSSMT_2026-09-18/08_height_heterogeneity/FINAL_BENCHMARK_FREEZE/H12-8/RUN01/operations.csv
H12-8_W16-16,12,8,16,16,HEIGHT,sign,14,5686574,5.686574000,,4963,64,6238,RPI5_Heterogeneous_XMSSMT_2026-09-18/08_height_heterogeneity/FINAL_BENCHMARK_FREEZE/H12-8/RUN01/operations.csv
H12-8_W16-16,12,8,16,16,HEIGHT,verify,14,2783648,2.783648000,1,4963,64,6238,RPI5_Heterogeneous_XMSSMT_2026-09-18/08_height_heterogeneity/FINAL_BENCHMARK_FREEZE/H12-8/RUN01/operations.csv
H12-8_W16-16,12,8,16,16,HEIGHT,sign,15,17682852,17.682852000,,4963,64,6238,RPI5_Heterogeneous_XMSSMT_2026-09-18/08_height_heterogeneity/FINAL_BENCHMARK_FREEZE/H12-8/RUN01/operations.csv
H12-8_W16-16,12,8,16,16,HEIGHT,verify,15,2718741,2.718741000,1,4963,64,6238,RPI5_Heterogeneous_XMSSMT_2026-09-18/08_height_heterogeneity/FINAL_BENCHMARK_FREEZE/H12-8/RUN01/operations.csv
H12-8_W16-16,12,8,16,16,HEIGHT,sign,16,20094760,20.094760000,,4963,64,6238,RPI5_Heterogeneous_XMSSMT_2026-09-18/08_height_heterogeneity/FINAL_BENCHMARK_FREEZE/H12-8/RUN01/operations.csv
H12-8_W16-16,12,8,16,16,HEIGHT,verify,16,2689074,2.689074000,1,4963,64,6238,RPI5_Heterogeneous_XMSSMT_2026-09-18/08_height_heterogeneity/FINAL_BENCHMARK_FREEZE/H12-8/RUN01/operations.csv
H12-8_W16-16,12,8,16,16,HEIGHT,sign,17,13083278,13.083278000,,4963,64,6238,RPI5_Heterogeneous_XMSSMT_2026-09-18/08_height_heterogeneity/FINAL_BENCHMARK_FREEZE/H12-8/RUN01/operations.csv
H12-8_W16-16,12,8,16,16,HEIGHT,verify,17,2562222,2.562222000,1,4963,64,6238,RPI5_Heterogeneous_XMSSMT_2026-09-18/08_height_heterogeneity/FINAL_BENCHMARK_FREEZE/H12-8/RUN01/operations.csv
H12-8_W16-16,12,8,16,16,HEIGHT,sign,18,5843018,5.843018000,,4963,64,6238,RPI5_Heterogeneous_XMSSMT_2026-09-18/08_height_heterogeneity/FINAL_BENCHMARK_FREEZE/H12-8/RUN01/operations.csv
H12-8_W16-16,12,8,16,16,HEIGHT,verify,18,2624297,2.624297000,1,4963,64,6238,RPI5_Heterogeneous_XMSSMT_2026-09-18/08_height_heterogeneity/FINAL_BENCHMARK_FREEZE/H12-8/RUN01/operations.csv
H12-8_W16-16,12,8,16,16,HEIGHT,sign,19,10532704,10.532704000,,4963,64,6238,RPI5_Heterogeneous_XMSSMT_2026-09-18/08_height_heterogeneity/FINAL_BENCHMARK_FREEZE/H12-8/RUN01/operations.csv
H12-8_W16-16,12,8,16,16,HEIGHT,verify,19,2718130,2.718130000,1,4963,64,6238,RPI5_Heterogeneous_XMSSMT_2026-09-18/08_height_heterogeneity/FINAL_BENCHMARK_FREEZE/H12-8/RUN01/operations.csv
H12-8_W16-16,12,8,16,16,HEIGHT,sign,20,5916111,5.916111000,,4963,64,6238,RPI5_Heterogeneous_XMSSMT_2026-09-18/08_height_heterogeneity/FINAL_BENCHMARK_FREEZE/H12-8/RUN01/operations.csv
H12-8_W16-16,12,8,16,16,HEIGHT,verify,20,2559333,2.559333000,1,4963,64,6238,RPI5_Heterogeneous_XMSSMT_2026-09-18/08_height_heterogeneity/FINAL_BENCHMARK_FREEZE/H12-8/RUN01/operations.csv
H12-8_W16-16,12,8,16,16,HEIGHT,sign,21,5983167,5.983167000,,4963,64,6238,RPI5_Heterogeneous_XMSSMT_2026-09-18/08_height_heterogeneity/FINAL_BENCHMARK_FREEZE/H12-8/RUN01/operations.csv
H12-8_W16-16,12,8,16,16,HEIGHT,verify,21,2497815,2.497815000,1,4963,64,6238,RPI5_Heterogeneous_XMSSMT_2026-09-18/08_height_heterogeneity/FINAL_BENCHMARK_FREEZE/H12-8/RUN01/operations.csv
H12-8_W16-16,12,8,16,16,HEIGHT,sign,22,5983074,5.983074000,,4963,64,6238,RPI5_Heterogeneous_XMSSMT_2026-09-18/08_height_heterogeneity/FINAL_BENCHMARK_FREEZE/H12-8/RUN01/operations.csv
H12-8_W16-16,12,8,16,16,HEIGHT,verify,22,2497056,2.497056000,1,4963,64,6238,RPI5_Heterogeneous_XMSSMT_2026-09-18/08_height_heterogeneity/FINAL_BENCHMARK_FREEZE/H12-8/RUN01/operations.csv
H12-8_W16-16,12,8,16,16,HEIGHT,sign,23,17648037,17.648037000,,4963,64,6238,RPI5_Heterogeneous_XMSSMT_2026-09-18/08_height_heterogeneity/FINAL_BENCHMARK_FREEZE/H12-8/RUN01/operations.csv
H12-8_W16-16,12,8,16,16,HEIGHT,verify,23,2753111,2.753111000,1,4963,64,6238,RPI5_Heterogeneous_XMSSMT_2026-09-18/08_height_heterogeneity/FINAL_BENCHMARK_FREEZE/H12-8/RUN01/operations.csv
H12-8_W16-16,12,8,16,16,HEIGHT,sign,24,8141760,8.141760000,,4963,64,6238,RPI5_Heterogeneous_XMSSMT_2026-09-18/08_height_heterogeneity/FINAL_BENCHMARK_FREEZE/H12-8/RUN01/operations.csv
H12-8_W16-16,12,8,16,16,HEIGHT,verify,24,2719537,2.719537000,1,4963,64,6238,RPI5_Heterogeneous_XMSSMT_2026-09-18/08_height_heterogeneity/FINAL_BENCHMARK_FREEZE/H12-8/RUN01/operations.csv
H12-8_W16-16,12,8,16,16,HEIGHT,sign,25,5756074,5.756074000,,4963,64,6238,RPI5_Heterogeneous_XMSSMT_2026-09-18/08_height_heterogeneity/FINAL_BENCHMARK_FREEZE/H12-8/RUN01/operations.csv
H12-8_W16-16,12,8,16,16,HEIGHT,verify,25,2719445,2.719445000,1,4963,64,6238,RPI5_Heterogeneous_XMSSMT_2026-09-18/08_height_heterogeneity/FINAL_BENCHMARK_FREEZE/H12-8/RUN01/operations.csv
H12-8_W16-16,12,8,16,16,HEIGHT,sign,26,5956945,5.956945000,,4963,64,6238,RPI5_Heterogeneous_XMSSMT_2026-09-18/08_height_heterogeneity/FINAL_BENCHMARK_FREEZE/H12-8/RUN01/operations.csv
H12-8_W16-16,12,8,16,16,HEIGHT,verify,26,2532666,2.532666000,1,4963,64,6238,RPI5_Heterogeneous_XMSSMT_2026-09-18/08_height_heterogeneity/FINAL_BENCHMARK_FREEZE/H12-8/RUN01/operations.csv
H12-8_W16-16,12,8,16,16,HEIGHT,sign,27,10567074,10.567074000,,4963,64,6238,RPI5_Heterogeneous_XMSSMT_2026-09-18/08_height_heterogeneity/FINAL_BENCHMARK_FREEZE/H12-8/RUN01/operations.csv
H12-8_W16-16,12,8,16,16,HEIGHT,verify,27,2695852,2.695852000,1,4963,64,6238,RPI5_Heterogeneous_XMSSMT_2026-09-18/08_height_heterogeneity/FINAL_BENCHMARK_FREEZE/H12-8/RUN01/operations.csv
H12-8_W16-16,12,8,16,16,HEIGHT,sign,28,5921167,5.921167000,,4963,64,6238,RPI5_Heterogeneous_XMSSMT_2026-09-18/08_height_heterogeneity/FINAL_BENCHMARK_FREEZE/H12-8/RUN01/operations.csv
H12-8_W16-16,12,8,16,16,HEIGHT,verify,28,2559833,2.559833000,1,4963,64,6238,RPI5_Heterogeneous_XMSSMT_2026-09-18/08_height_heterogeneity/FINAL_BENCHMARK_FREEZE/H12-8/RUN01/operations.csv
H12-8_W16-16,12,8,16,16,HEIGHT,sign,29,5925111,5.925111000,,4963,64,6238,RPI5_Heterogeneous_XMSSMT_2026-09-18/08_height_heterogeneity/FINAL_BENCHMARK_FREEZE/H12-8/RUN01/operations.csv
H12-8_W16-16,12,8,16,16,HEIGHT,verify,29,2563426,2.563426000,1,4963,64,6238,RPI5_Heterogeneous_XMSSMT_2026-09-18/08_height_heterogeneity/FINAL_BENCHMARK_FREEZE/H12-8/RUN01/operations.csv
H12-8_W16-16,12,8,16,16,HEIGHT,sign,30,5925333,5.925333000,,4963,64,6238,RPI5_Heterogeneous_XMSSMT_2026-09-18/08_height_heterogeneity/FINAL_BENCHMARK_FREEZE/H12-8/RUN01/operations.csv
H12-8_W16-16,12,8,16,16,HEIGHT,verify,30,2561204,2.561204000,1,4963,64,6238,RPI5_Heterogeneous_XMSSMT_2026-09-18/08_height_heterogeneity/FINAL_BENCHMARK_FREEZE/H12-8/RUN01/operations.csv
H12-8_W16-16,12,8,16,16,HEIGHT,sign,31,18007408,18.007408000,,4963,64,6238,RPI5_Heterogeneous_XMSSMT_2026-09-18/08_height_heterogeneity/FINAL_BENCHMARK_FREEZE/H12-8/RUN01/operations.csv
H12-8_W16-16,12,8,16,16,HEIGHT,verify,31,2437204,2.437204000,1,4963,64,6238,RPI5_Heterogeneous_XMSSMT_2026-09-18/08_height_heterogeneity/FINAL_BENCHMARK_FREEZE/H12-8/RUN01/operations.csv
H12-8_W16-16,12,8,16,16,HEIGHT,sign,32,20133519,20.133519000,,4963,64,6238,RPI5_Heterogeneous_XMSSMT_2026-09-18/08_height_heterogeneity/FINAL_BENCHMARK_FREEZE/H12-8/RUN01/operations.csv
H12-8_W16-16,12,8,16,16,HEIGHT,verify,32,2691796,2.691796000,1,4963,64,6238,RPI5_Heterogeneous_XMSSMT_2026-09-18/08_height_heterogeneity/FINAL_BENCHMARK_FREEZE/H12-8/RUN01/operations.csv
H12-8_W16-16,12,8,16,16,HEIGHT,sign,33,17891185,17.891185000,,4963,64,6238,RPI5_Heterogeneous_XMSSMT_2026-09-18/08_height_heterogeneity/FINAL_BENCHMARK_FREEZE/H12-8/RUN01/operations.csv
H12-8_W16-16,12,8,16,16,HEIGHT,verify,33,2525334,2.525334000,1,4963,64,6238,RPI5_Heterogeneous_XMSSMT_2026-09-18/08_height_heterogeneity/FINAL_BENCHMARK_FREEZE/H12-8/RUN01/operations.csv
H12-8_W16-16,12,8,16,16,HEIGHT,sign,34,20160814,20.160814000,,4963,64,6238,RPI5_Heterogeneous_XMSSMT_2026-09-18/08_height_heterogeneity/FINAL_BENCHMARK_FREEZE/H12-8/RUN01/operations.csv
H12-8_W16-16,12,8,16,16,HEIGHT,verify,34,2629204,2.629204000,1,4963,64,6238,RPI5_Heterogeneous_XMSSMT_2026-09-18/08_height_heterogeneity/FINAL_BENCHMARK_FREEZE/H12-8/RUN01/operations.csv
H12-8_W16-16,12,8,16,16,HEIGHT,sign,35,17922389,17.922389000,,4963,64,6238,RPI5_Heterogeneous_XMSSMT_2026-09-18/08_height_heterogeneity/FINAL_BENCHMARK_FREEZE/H12-8/RUN01/operations.csv
H12-8_W16-16,12,8,16,16,HEIGHT,verify,35,2495352,2.495352000,1,4963,64,6238,RPI5_Heterogeneous_XMSSMT_2026-09-18/08_height_heterogeneity/FINAL_BENCHMARK_FREEZE/H12-8/RUN01/operations.csv
H12-8_W16-16,12,8,16,16,HEIGHT,sign,36,17870574,17.870574000,,4963,64,6238,RPI5_Heterogeneous_XMSSMT_2026-09-18/08_height_heterogeneity/FINAL_BENCHMARK_FREEZE/H12-8/RUN01/operations.csv
H12-8_W16-16,12,8,16,16,HEIGHT,verify,36,2558648,2.558648000,1,4963,64,6238,RPI5_Heterogeneous_XMSSMT_2026-09-18/08_height_heterogeneity/FINAL_BENCHMARK_FREEZE/H12-8/RUN01/operations.csv
H12-8_W16-16,12,8,16,16,HEIGHT,sign,37,5954130,5.954130000,,4963,64,6238,RPI5_Heterogeneous_XMSSMT_2026-09-18/08_height_heterogeneity/FINAL_BENCHMARK_FREEZE/H12-8/RUN01/operations.csv
H12-8_W16-16,12,8,16,16,HEIGHT,verify,37,2526463,2.526463000,1,4963,64,6238,RPI5_Heterogeneous_XMSSMT_2026-09-18/08_height_heterogeneity/FINAL_BENCHMARK_FREEZE/H12-8/RUN01/operations.csv
H12-8_W16-16,12,8,16,16,HEIGHT,sign,38,5946760,5.946760000,,4963,64,6238,RPI5_Heterogeneous_XMSSMT_2026-09-18/08_height_heterogeneity/FINAL_BENCHMARK_FREEZE/H12-8/RUN01/operations.csv
H12-8_W16-16,12,8,16,16,HEIGHT,verify,38,2530963,2.530963000,1,4963,64,6238,RPI5_Heterogeneous_XMSSMT_2026-09-18/08_height_heterogeneity/FINAL_BENCHMARK_FREEZE/H12-8/RUN01/operations.csv
H12-8_W16-16,12,8,16,16,HEIGHT,sign,39,17929297,17.929297000,,4963,64,6238,RPI5_Heterogeneous_XMSSMT_2026-09-18/08_height_heterogeneity/FINAL_BENCHMARK_FREEZE/H12-8/RUN01/operations.csv
H12-8_W16-16,12,8,16,16,HEIGHT,verify,39,2496722,2.496722000,1,4963,64,6238,RPI5_Heterogeneous_XMSSMT_2026-09-18/08_height_heterogeneity/FINAL_BENCHMARK_FREEZE/H12-8/RUN01/operations.csv
H12-8_W16-16,12,8,16,16,HEIGHT,sign,40,8306203,8.306203000,,4963,64,6238,RPI5_Heterogeneous_XMSSMT_2026-09-18/08_height_heterogeneity/FINAL_BENCHMARK_FREEZE/H12-8/RUN01/operations.csv
H12-8_W16-16,12,8,16,16,HEIGHT,verify,40,2562055,2.562055000,1,4963,64,6238,RPI5_Heterogeneous_XMSSMT_2026-09-18/08_height_heterogeneity/FINAL_BENCHMARK_FREEZE/H12-8/RUN01/operations.csv
H12-8_W16-16,12,8,16,16,HEIGHT,sign,41,5755148,5.755148000,,4963,64,6238,RPI5_Heterogeneous_XMSSMT_2026-09-18/08_height_heterogeneity/FINAL_BENCHMARK_FREEZE/H12-8/RUN01/operations.csv
H12-8_W16-16,12,8,16,16,HEIGHT,verify,41,2720000,2.720000000,1,4963,64,6238,RPI5_Heterogeneous_XMSSMT_2026-09-18/08_height_heterogeneity/FINAL_BENCHMARK_FREEZE/H12-8/RUN01/operations.csv
H12-8_W16-16,12,8,16,16,HEIGHT,sign,42,5939945,5.939945000,,4963,64,6238,RPI5_Heterogeneous_XMSSMT_2026-09-18/08_height_heterogeneity/FINAL_BENCHMARK_FREEZE/H12-8/RUN01/operations.csv
H12-8_W16-16,12,8,16,16,HEIGHT,verify,42,2539111,2.539111000,1,4963,64,6238,RPI5_Heterogeneous_XMSSMT_2026-09-18/08_height_heterogeneity/FINAL_BENCHMARK_FREEZE/H12-8/RUN01/operations.csv
H12-8_W16-16,12,8,16,16,HEIGHT,sign,43,10569352,10.569352000,,4963,64,6238,RPI5_Heterogeneous_XMSSMT_2026-09-18/08_height_heterogeneity/FINAL_BENCHMARK_FREEZE/H12-8/RUN01/operations.csv
H12-8_W16-16,12,8,16,16,HEIGHT,verify,43,2691186,2.691186000,1,4963,64,6238,RPI5_Heterogeneous_XMSSMT_2026-09-18/08_height_heterogeneity/FINAL_BENCHMARK_FREEZE/H12-8/RUN01/operations.csv
H12-8_W16-16,12,8,16,16,HEIGHT,sign,44,5755926,5.755926000,,4963,64,6238,RPI5_Heterogeneous_XMSSMT_2026-09-18/08_height_heterogeneity/FINAL_BENCHMARK_FREEZE/H12-8/RUN01/operations.csv
H12-8_W16-16,12,8,16,16,HEIGHT,verify,44,2749648,2.749648000,1,4963,64,6238,RPI5_Heterogeneous_XMSSMT_2026-09-18/08_height_heterogeneity/FINAL_BENCHMARK_FREEZE/H12-8/RUN01/operations.csv
H12-8_W16-16,12,8,16,16,HEIGHT,sign,45,5895351,5.895351000,,4963,64,6238,RPI5_Heterogeneous_XMSSMT_2026-09-18/08_height_heterogeneity/FINAL_BENCHMARK_FREEZE/H12-8/RUN01/operations.csv
H12-8_W16-16,12,8,16,16,HEIGHT,verify,45,2590500,2.590500000,1,4963,64,6238,RPI5_Heterogeneous_XMSSMT_2026-09-18/08_height_heterogeneity/FINAL_BENCHMARK_FREEZE/H12-8/RUN01/operations.csv
H12-8_W16-16,12,8,16,16,HEIGHT,sign,46,5890259,5.890259000,,4963,64,6238,RPI5_Heterogeneous_XMSSMT_2026-09-18/08_height_heterogeneity/FINAL_BENCHMARK_FREEZE/H12-8/RUN01/operations.csv
H12-8_W16-16,12,8,16,16,HEIGHT,verify,46,2589649,2.589649000,1,4963,64,6238,RPI5_Heterogeneous_XMSSMT_2026-09-18/08_height_heterogeneity/FINAL_BENCHMARK_FREEZE/H12-8/RUN01/operations.csv
H12-8_W16-16,12,8,16,16,HEIGHT,sign,47,17924203,17.924203000,,4963,64,6238,RPI5_Heterogeneous_XMSSMT_2026-09-18/08_height_heterogeneity/FINAL_BENCHMARK_FREEZE/H12-8/RUN01/operations.csv
H12-8_W16-16,12,8,16,16,HEIGHT,verify,47,2495444,2.495444000,1,4963,64,6238,RPI5_Heterogeneous_XMSSMT_2026-09-18/08_height_heterogeneity/FINAL_BENCHMARK_FREEZE/H12-8/RUN01/operations.csv
H12-8_W16-16,12,8,16,16,HEIGHT,sign,48,20237019,20.237019000,,4963,64,6238,RPI5_Heterogeneous_XMSSMT_2026-09-18/08_height_heterogeneity/FINAL_BENCHMARK_FREEZE/H12-8/RUN01/operations.csv
H12-8_W16-16,12,8,16,16,HEIGHT,verify,48,2561648,2.561648000,1,4963,64,6238,RPI5_Heterogeneous_XMSSMT_2026-09-18/08_height_heterogeneity/FINAL_BENCHMARK_FREEZE/H12-8/RUN01/operations.csv
H12-8_W16-16,12,8,16,16,HEIGHT,sign,49,13089593,13.089593000,,4963,64,6238,RPI5_Heterogeneous_XMSSMT_2026-09-18/08_height_heterogeneity/FINAL_BENCHMARK_FREEZE/H12-8/RUN01/operations.csv
H12-8_W16-16,12,8,16,16,HEIGHT,verify,49,2560907,2.560907000,1,4963,64,6238,RPI5_Heterogeneous_XMSSMT_2026-09-18/08_height_heterogeneity/FINAL_BENCHMARK_FREEZE/H12-8/RUN01/operations.csv
H12-8_W16-16,12,8,16,16,HEIGHT,sign,50,5952352,5.952352000,,4963,64,6238,RPI5_Heterogeneous_XMSSMT_2026-09-18/08_height_heterogeneity/FINAL_BENCHMARK_FREEZE/H12-8/RUN01/operations.csv
H12-8_W16-16,12,8,16,16,HEIGHT,verify,50,2529278,2.529278000,1,4963,64,6238,RPI5_Heterogeneous_XMSSMT_2026-09-18/08_height_heterogeneity/FINAL_BENCHMARK_FREEZE/H12-8/RUN01/operations.csv
H12-8_W16-16,12,8,16,16,HEIGHT,sign,51,10729574,10.729574000,,4963,64,6238,RPI5_Heterogeneous_XMSSMT_2026-09-18/08_height_heterogeneity/FINAL_BENCHMARK_FREEZE/H12-8/RUN01/operations.csv
H12-8_W16-16,12,8,16,16,HEIGHT,verify,51,2526444,2.526444000,1,4963,64,6238,RPI5_Heterogeneous_XMSSMT_2026-09-18/08_height_heterogeneity/FINAL_BENCHMARK_FREEZE/H12-8/RUN01/operations.csv
H12-8_W16-16,12,8,16,16,HEIGHT,sign,52,5790259,5.790259000,,4963,64,6238,RPI5_Heterogeneous_XMSSMT_2026-09-18/08_height_heterogeneity/FINAL_BENCHMARK_FREEZE/H12-8/RUN01/operations.csv
H12-8_W16-16,12,8,16,16,HEIGHT,verify,52,2689297,2.689297000,1,4963,64,6238,RPI5_Heterogeneous_XMSSMT_2026-09-18/08_height_heterogeneity/FINAL_BENCHMARK_FREEZE/H12-8/RUN01/operations.csv
H12-8_W16-16,12,8,16,16,HEIGHT,sign,53,5918611,5.918611000,,4963,64,6238,RPI5_Heterogeneous_XMSSMT_2026-09-18/08_height_heterogeneity/FINAL_BENCHMARK_FREEZE/H12-8/RUN01/operations.csv
H12-8_W16-16,12,8,16,16,HEIGHT,verify,53,2561741,2.561741000,1,4963,64,6238,RPI5_Heterogeneous_XMSSMT_2026-09-18/08_height_heterogeneity/FINAL_BENCHMARK_FREEZE/H12-8/RUN01/operations.csv
H12-8_W16-16,12,8,16,16,HEIGHT,sign,54,6013038,6.013038000,,4963,64,6238,RPI5_Heterogeneous_XMSSMT_2026-09-18/08_height_heterogeneity/FINAL_BENCHMARK_FREEZE/H12-8/RUN01/operations.csv
H12-8_W16-16,12,8,16,16,HEIGHT,verify,54,2466407,2.466407000,1,4963,64,6238,RPI5_Heterogeneous_XMSSMT_2026-09-18/08_height_heterogeneity/FINAL_BENCHMARK_FREEZE/H12-8/RUN01/operations.csv
H12-8_W16-16,12,8,16,16,HEIGHT,sign,55,17884945,17.884945000,,4963,64,6238,RPI5_Heterogeneous_XMSSMT_2026-09-18/08_height_heterogeneity/FINAL_BENCHMARK_FREEZE/H12-8/RUN01/operations.csv
H12-8_W16-16,12,8,16,16,HEIGHT,verify,55,2528648,2.528648000,1,4963,64,6238,RPI5_Heterogeneous_XMSSMT_2026-09-18/08_height_heterogeneity/FINAL_BENCHMARK_FREEZE/H12-8/RUN01/operations.csv
H12-8_W16-16,12,8,16,16,HEIGHT,sign,56,8342259,8.342259000,,4963,64,6238,RPI5_Heterogeneous_XMSSMT_2026-09-18/08_height_heterogeneity/FINAL_BENCHMARK_FREEZE/H12-8/RUN01/operations.csv
H12-8_W16-16,12,8,16,16,HEIGHT,verify,56,2530592,2.530592000,1,4963,64,6238,RPI5_Heterogeneous_XMSSMT_2026-09-18/08_height_heterogeneity/FINAL_BENCHMARK_FREEZE/H12-8/RUN01/operations.csv
H12-8_W16-16,12,8,16,16,HEIGHT,sign,57,5949963,5.949963000,,4963,64,6238,RPI5_Heterogeneous_XMSSMT_2026-09-18/08_height_heterogeneity/FINAL_BENCHMARK_FREEZE/H12-8/RUN01/operations.csv
H12-8_W16-16,12,8,16,16,HEIGHT,verify,57,2528815,2.528815000,1,4963,64,6238,RPI5_Heterogeneous_XMSSMT_2026-09-18/08_height_heterogeneity/FINAL_BENCHMARK_FREEZE/H12-8/RUN01/operations.csv
H12-8_W16-16,12,8,16,16,HEIGHT,sign,58,5852333,5.852333000,,4963,64,6238,RPI5_Heterogeneous_XMSSMT_2026-09-18/08_height_heterogeneity/FINAL_BENCHMARK_FREEZE/H12-8/RUN01/operations.csv
H12-8_W16-16,12,8,16,16,HEIGHT,verify,58,2630204,2.630204000,1,4963,64,6238,RPI5_Heterogeneous_XMSSMT_2026-09-18/08_height_heterogeneity/FINAL_BENCHMARK_FREEZE/H12-8/RUN01/operations.csv
H12-8_W16-16,12,8,16,16,HEIGHT,sign,59,10702223,10.702223000,,4963,64,6238,RPI5_Heterogeneous_XMSSMT_2026-09-18/08_height_heterogeneity/FINAL_BENCHMARK_FREEZE/H12-8/RUN01/operations.csv
H12-8_W16-16,12,8,16,16,HEIGHT,verify,59,2560352,2.560352000,1,4963,64,6238,RPI5_Heterogeneous_XMSSMT_2026-09-18/08_height_heterogeneity/FINAL_BENCHMARK_FREEZE/H12-8/RUN01/operations.csv
H12-8_W16-16,12,8,16,16,HEIGHT,sign,60,5974148,5.974148000,,4963,64,6238,RPI5_Heterogeneous_XMSSMT_2026-09-18/08_height_heterogeneity/FINAL_BENCHMARK_FREEZE/H12-8/RUN01/operations.csv
H12-8_W16-16,12,8,16,16,HEIGHT,verify,60,2561074,2.561074000,1,4963,64,6238,RPI5_Heterogeneous_XMSSMT_2026-09-18/08_height_heterogeneity/FINAL_BENCHMARK_FREEZE/H12-8/RUN01/operations.csv
H12-8_W16-16,12,8,16,16,HEIGHT,sign,61,5825463,5.825463000,,4963,64,6238,RPI5_Heterogeneous_XMSSMT_2026-09-18/08_height_heterogeneity/FINAL_BENCHMARK_FREEZE/H12-8/RUN01/operations.csv
H12-8_W16-16,12,8,16,16,HEIGHT,verify,61,2730777,2.730777000,1,4963,64,6238,RPI5_Heterogeneous_XMSSMT_2026-09-18/08_height_heterogeneity/FINAL_BENCHMARK_FREEZE/H12-8/RUN01/operations.csv
H12-8_W16-16,12,8,16,16,HEIGHT,sign,62,5809241,5.809241000,,4963,64,6238,RPI5_Heterogeneous_XMSSMT_2026-09-18/08_height_heterogeneity/FINAL_BENCHMARK_FREEZE/H12-8/RUN01/operations.csv
H12-8_W16-16,12,8,16,16,HEIGHT,verify,62,2694055,2.694055000,1,4963,64,6238,RPI5_Heterogeneous_XMSSMT_2026-09-18/08_height_heterogeneity/FINAL_BENCHMARK_FREEZE/H12-8/RUN01/operations.csv
H12-8_W16-16,12,8,16,16,HEIGHT,sign,63,17985129,17.985129000,,4963,64,6238,RPI5_Heterogeneous_XMSSMT_2026-09-18/08_height_heterogeneity/FINAL_BENCHMARK_FREEZE/H12-8/RUN01/operations.csv
H12-8_W16-16,12,8,16,16,HEIGHT,verify,63,2570722,2.570722000,1,4963,64,6238,RPI5_Heterogeneous_XMSSMT_2026-09-18/08_height_heterogeneity/FINAL_BENCHMARK_FREEZE/H12-8/RUN01/operations.csv
H12-8_W16-16,12,8,16,16,HEIGHT,sign,64,20307518,20.307518000,,4963,64,6238,RPI5_Heterogeneous_XMSSMT_2026-09-18/08_height_heterogeneity/FINAL_BENCHMARK_FREEZE/H12-8/RUN01/operations.csv
H12-8_W16-16,12,8,16,16,HEIGHT,verify,64,2563833,2.563833000,1,4963,64,6238,RPI5_Heterogeneous_XMSSMT_2026-09-18/08_height_heterogeneity/FINAL_BENCHMARK_FREEZE/H12-8/RUN01/operations.csv
H12-8_W16-16,12,8,16,16,HEIGHT,sign,65,17839370,17.839370000,,4963,64,6238,RPI5_Heterogeneous_XMSSMT_2026-09-18/08_height_heterogeneity/FINAL_BENCHMARK_FREEZE/H12-8/RUN01/operations.csv
H12-8_W16-16,12,8,16,16,HEIGHT,verify,65,2595370,2.595370000,1,4963,64,6238,RPI5_Heterogeneous_XMSSMT_2026-09-18/08_height_heterogeneity/FINAL_BENCHMARK_FREEZE/H12-8/RUN01/operations.csv
H12-8_W16-16,12,8,16,16,HEIGHT,sign,66,20260871,20.260871000,,4963,64,6238,RPI5_Heterogeneous_XMSSMT_2026-09-18/08_height_heterogeneity/FINAL_BENCHMARK_FREEZE/H12-8/RUN01/operations.csv
H12-8_W16-16,12,8,16,16,HEIGHT,verify,66,2559371,2.559371000,1,4963,64,6238,RPI5_Heterogeneous_XMSSMT_2026-09-18/08_height_heterogeneity/FINAL_BENCHMARK_FREEZE/H12-8/RUN01/operations.csv
H12-8_W16-16,12,8,16,16,HEIGHT,sign,67,17814833,17.814833000,,4963,64,6238,RPI5_Heterogeneous_XMSSMT_2026-09-18/08_height_heterogeneity/FINAL_BENCHMARK_FREEZE/H12-8/RUN01/operations.csv
H12-8_W16-16,12,8,16,16,HEIGHT,verify,67,2623482,2.623482000,1,4963,64,6238,RPI5_Heterogeneous_XMSSMT_2026-09-18/08_height_heterogeneity/FINAL_BENCHMARK_FREEZE/H12-8/RUN01/operations.csv
H12-8_W16-16,12,8,16,16,HEIGHT,sign,68,20320222,20.320222000,,4963,64,6238,RPI5_Heterogeneous_XMSSMT_2026-09-18/08_height_heterogeneity/FINAL_BENCHMARK_FREEZE/H12-8/RUN01/operations.csv
H12-8_W16-16,12,8,16,16,HEIGHT,verify,68,2534130,2.534130000,1,4963,64,6238,RPI5_Heterogeneous_XMSSMT_2026-09-18/08_height_heterogeneity/FINAL_BENCHMARK_FREEZE/H12-8/RUN01/operations.csv
H12-8_W16-16,12,8,16,16,HEIGHT,sign,69,17953185,17.953185000,,4963,64,6238,RPI5_Heterogeneous_XMSSMT_2026-09-18/08_height_heterogeneity/FINAL_BENCHMARK_FREEZE/H12-8/RUN01/operations.csv
H12-8_W16-16,12,8,16,16,HEIGHT,verify,69,2500055,2.500055000,1,4963,64,6238,RPI5_Heterogeneous_XMSSMT_2026-09-18/08_height_heterogeneity/FINAL_BENCHMARK_FREEZE/H12-8/RUN01/operations.csv
H12-8_W16-16,12,8,16,16,HEIGHT,sign,70,20132130,20.132130000,,4963,64,6238,RPI5_Heterogeneous_XMSSMT_2026-09-18/08_height_heterogeneity/FINAL_BENCHMARK_FREEZE/H12-8/RUN01/operations.csv
H12-8_W16-16,12,8,16,16,HEIGHT,verify,70,2691888,2.691888000,1,4963,64,6238,RPI5_Heterogeneous_XMSSMT_2026-09-18/08_height_heterogeneity/FINAL_BENCHMARK_FREEZE/H12-8/RUN01/operations.csv
H12-8_W16-16,12,8,16,16,HEIGHT,sign,71,17711370,17.711370000,,4963,64,6238,RPI5_Heterogeneous_XMSSMT_2026-09-18/08_height_heterogeneity/FINAL_BENCHMARK_FREEZE/H12-8/RUN01/operations.csv
H12-8_W16-16,12,8,16,16,HEIGHT,verify,71,2724093,2.724093000,1,4963,64,6238,RPI5_Heterogeneous_XMSSMT_2026-09-18/08_height_heterogeneity/FINAL_BENCHMARK_FREEZE/H12-8/RUN01/operations.csv
H12-8_W16-16,12,8,16,16,HEIGHT,sign,72,20249537,20.249537000,,4963,64,6238,RPI5_Heterogeneous_XMSSMT_2026-09-18/08_height_heterogeneity/FINAL_BENCHMARK_FREEZE/H12-8/RUN01/operations.csv
H12-8_W16-16,12,8,16,16,HEIGHT,verify,72,2597371,2.597371000,1,4963,64,6238,RPI5_Heterogeneous_XMSSMT_2026-09-18/08_height_heterogeneity/FINAL_BENCHMARK_FREEZE/H12-8/RUN01/operations.csv
H12-8_W16-16,12,8,16,16,HEIGHT,sign,73,17858352,17.858352000,,4963,64,6238,RPI5_Heterogeneous_XMSSMT_2026-09-18/08_height_heterogeneity/FINAL_BENCHMARK_FREEZE/H12-8/RUN01/operations.csv
H12-8_W16-16,12,8,16,16,HEIGHT,verify,73,2596389,2.596389000,1,4963,64,6238,RPI5_Heterogeneous_XMSSMT_2026-09-18/08_height_heterogeneity/FINAL_BENCHMARK_FREEZE/H12-8/RUN01/operations.csv
H12-8_W16-16,12,8,16,16,HEIGHT,sign,74,20302315,20.302315000,,4963,64,6238,RPI5_Heterogeneous_XMSSMT_2026-09-18/08_height_heterogeneity/FINAL_BENCHMARK_FREEZE/H12-8/RUN01/operations.csv
H12-8_W16-16,12,8,16,16,HEIGHT,verify,74,2532092,2.532092000,1,4963,64,6238,RPI5_Heterogeneous_XMSSMT_2026-09-18/08_height_heterogeneity/FINAL_BENCHMARK_FREEZE/H12-8/RUN01/operations.csv
H12-8_W16-16,12,8,16,16,HEIGHT,sign,75,17835982,17.835982000,,4963,64,6238,RPI5_Heterogeneous_XMSSMT_2026-09-18/08_height_heterogeneity/FINAL_BENCHMARK_FREEZE/H12-8/RUN01/operations.csv
H12-8_W16-16,12,8,16,16,HEIGHT,verify,75,2595815,2.595815000,1,4963,64,6238,RPI5_Heterogeneous_XMSSMT_2026-09-18/08_height_heterogeneity/FINAL_BENCHMARK_FREEZE/H12-8/RUN01/operations.csv
H12-8_W16-16,12,8,16,16,HEIGHT,sign,76,8324334,8.324334000,,4963,64,6238,RPI5_Heterogeneous_XMSSMT_2026-09-18/08_height_heterogeneity/FINAL_BENCHMARK_FREEZE/H12-8/RUN01/operations.csv
H12-8_W16-16,12,8,16,16,HEIGHT,verify,76,2563592,2.563592000,1,4963,64,6238,RPI5_Heterogeneous_XMSSMT_2026-09-18/08_height_heterogeneity/FINAL_BENCHMARK_FREEZE/H12-8/RUN01/operations.csv
H12-8_W16-16,12,8,16,16,HEIGHT,sign,77,5896019,5.896019000,,4963,64,6238,RPI5_Heterogeneous_XMSSMT_2026-09-18/08_height_heterogeneity/FINAL_BENCHMARK_FREEZE/H12-8/RUN01/operations.csv
H12-8_W16-16,12,8,16,16,HEIGHT,verify,77,2614407,2.614407000,1,4963,64,6238,RPI5_Heterogeneous_XMSSMT_2026-09-18/08_height_heterogeneity/FINAL_BENCHMARK_FREEZE/H12-8/RUN01/operations.csv
H12-8_W16-16,12,8,16,16,HEIGHT,sign,78,5889852,5.889852000,,4963,64,6238,RPI5_Heterogeneous_XMSSMT_2026-09-18/08_height_heterogeneity/FINAL_BENCHMARK_FREEZE/H12-8/RUN01/operations.csv
H12-8_W16-16,12,8,16,16,HEIGHT,verify,78,2594945,2.594945000,1,4963,64,6238,RPI5_Heterogeneous_XMSSMT_2026-09-18/08_height_heterogeneity/FINAL_BENCHMARK_FREEZE/H12-8/RUN01/operations.csv
H12-8_W16-16,12,8,16,16,HEIGHT,sign,79,17704074,17.704074000,,4963,64,6238,RPI5_Heterogeneous_XMSSMT_2026-09-18/08_height_heterogeneity/FINAL_BENCHMARK_FREEZE/H12-8/RUN01/operations.csv
H12-8_W16-16,12,8,16,16,HEIGHT,verify,79,2722241,2.722241000,1,4963,64,6238,RPI5_Heterogeneous_XMSSMT_2026-09-18/08_height_heterogeneity/FINAL_BENCHMARK_FREEZE/H12-8/RUN01/operations.csv
H12-8_W16-16,12,8,16,16,HEIGHT,sign,80,20086055,20.086055000,,4963,64,6238,RPI5_Heterogeneous_XMSSMT_2026-09-18/08_height_heterogeneity/FINAL_BENCHMARK_FREEZE/H12-8/RUN01/operations.csv
H12-8_W16-16,12,8,16,16,HEIGHT,verify,80,2724889,2.724889000,1,4963,64,6238,RPI5_Heterogeneous_XMSSMT_2026-09-18/08_height_heterogeneity/FINAL_BENCHMARK_FREEZE/H12-8/RUN01/operations.csv
H12-8_W16-16,12,8,16,16,HEIGHT,sign,81,12944796,12.944796000,,4963,64,6238,RPI5_Heterogeneous_XMSSMT_2026-09-18/08_height_heterogeneity/FINAL_BENCHMARK_FREEZE/H12-8/RUN01/operations.csv
H12-8_W16-16,12,8,16,16,HEIGHT,verify,81,2720981,2.720981000,1,4963,64,6238,RPI5_Heterogeneous_XMSSMT_2026-09-18/08_height_heterogeneity/FINAL_BENCHMARK_FREEZE/H12-8/RUN01/operations.csv
H12-8_W16-16,12,8,16,16,HEIGHT,sign,82,5925500,5.925500000,,4963,64,6238,RPI5_Heterogeneous_XMSSMT_2026-09-18/08_height_heterogeneity/FINAL_BENCHMARK_FREEZE/H12-8/RUN01/operations.csv
H12-8_W16-16,12,8,16,16,HEIGHT,verify,82,2563593,2.563593000,1,4963,64,6238,RPI5_Heterogeneous_XMSSMT_2026-09-18/08_height_heterogeneity/FINAL_BENCHMARK_FREEZE/H12-8/RUN01/operations.csv
H12-8_W16-16,12,8,16,16,HEIGHT,sign,83,10573518,10.573518000,,4963,64,6238,RPI5_Heterogeneous_XMSSMT_2026-09-18/08_height_heterogeneity/FINAL_BENCHMARK_FREEZE/H12-8/RUN01/operations.csv
H12-8_W16-16,12,8,16,16,HEIGHT,verify,83,2690407,2.690407000,1,4963,64,6238,RPI5_Heterogeneous_XMSSMT_2026-09-18/08_height_heterogeneity/FINAL_BENCHMARK_FREEZE/H12-8/RUN01/operations.csv
H12-8_W16-16,12,8,16,16,HEIGHT,sign,84,5886722,5.886722000,,4963,64,6238,RPI5_Heterogeneous_XMSSMT_2026-09-18/08_height_heterogeneity/FINAL_BENCHMARK_FREEZE/H12-8/RUN01/operations.csv
H12-8_W16-16,12,8,16,16,HEIGHT,verify,84,2595407,2.595407000,1,4963,64,6238,RPI5_Heterogeneous_XMSSMT_2026-09-18/08_height_heterogeneity/FINAL_BENCHMARK_FREEZE/H12-8/RUN01/operations.csv
H12-8_W16-16,12,8,16,16,HEIGHT,sign,85,5797186,5.797186000,,4963,64,6238,RPI5_Heterogeneous_XMSSMT_2026-09-18/08_height_heterogeneity/FINAL_BENCHMARK_FREEZE/H12-8/RUN01/operations.csv
H12-8_W16-16,12,8,16,16,HEIGHT,verify,85,2688852,2.688852000,1,4963,64,6238,RPI5_Heterogeneous_XMSSMT_2026-09-18/08_height_heterogeneity/FINAL_BENCHMARK_FREEZE/H12-8/RUN01/operations.csv
H12-8_W16-16,12,8,16,16,HEIGHT,sign,86,5951278,5.951278000,,4963,64,6238,RPI5_Heterogeneous_XMSSMT_2026-09-18/08_height_heterogeneity/FINAL_BENCHMARK_FREEZE/H12-8/RUN01/operations.csv
H12-8_W16-16,12,8,16,16,HEIGHT,verify,86,2522648,2.522648000,1,4963,64,6238,RPI5_Heterogeneous_XMSSMT_2026-09-18/08_height_heterogeneity/FINAL_BENCHMARK_FREEZE/H12-8/RUN01/operations.csv
H12-8_W16-16,12,8,16,16,HEIGHT,sign,87,17887148,17.887148000,,4963,64,6238,RPI5_Heterogeneous_XMSSMT_2026-09-18/08_height_heterogeneity/FINAL_BENCHMARK_FREEZE/H12-8/RUN01/operations.csv
H12-8_W16-16,12,8,16,16,HEIGHT,verify,87,2530222,2.530222000,1,4963,64,6238,RPI5_Heterogeneous_XMSSMT_2026-09-18/08_height_heterogeneity/FINAL_BENCHMARK_FREEZE/H12-8/RUN01/operations.csv
H12-8_W16-16,12,8,16,16,HEIGHT,sign,88,8382722,8.382722000,,4963,64,6238,RPI5_Heterogeneous_XMSSMT_2026-09-18/08_height_heterogeneity/FINAL_BENCHMARK_FREEZE/H12-8/RUN01/operations.csv
H12-8_W16-16,12,8,16,16,HEIGHT,verify,88,2494963,2.494963000,1,4963,64,6238,RPI5_Heterogeneous_XMSSMT_2026-09-18/08_height_heterogeneity/FINAL_BENCHMARK_FREEZE/H12-8/RUN01/operations.csv
H12-8_W16-16,12,8,16,16,HEIGHT,sign,89,5913945,5.913945000,,4963,64,6238,RPI5_Heterogeneous_XMSSMT_2026-09-18/08_height_heterogeneity/FINAL_BENCHMARK_FREEZE/H12-8/RUN01/operations.csv
H12-8_W16-16,12,8,16,16,HEIGHT,verify,89,2565407,2.565407000,1,4963,64,6238,RPI5_Heterogeneous_XMSSMT_2026-09-18/08_height_heterogeneity/FINAL_BENCHMARK_FREEZE/H12-8/RUN01/operations.csv
H12-8_W16-16,12,8,16,16,HEIGHT,sign,90,5789963,5.789963000,,4963,64,6238,RPI5_Heterogeneous_XMSSMT_2026-09-18/08_height_heterogeneity/FINAL_BENCHMARK_FREEZE/H12-8/RUN01/operations.csv
H12-8_W16-16,12,8,16,16,HEIGHT,verify,90,2687315,2.687315000,1,4963,64,6238,RPI5_Heterogeneous_XMSSMT_2026-09-18/08_height_heterogeneity/FINAL_BENCHMARK_FREEZE/H12-8/RUN01/operations.csv
H12-8_W16-16,12,8,16,16,HEIGHT,sign,91,10486871,10.486871000,,4963,64,6238,RPI5_Heterogeneous_XMSSMT_2026-09-18/08_height_heterogeneity/FINAL_BENCHMARK_FREEZE/H12-8/RUN01/operations.csv
H12-8_W16-16,12,8,16,16,HEIGHT,verify,91,2792574,2.792574000,1,4963,64,6238,RPI5_Heterogeneous_XMSSMT_2026-09-18/08_height_heterogeneity/FINAL_BENCHMARK_FREEZE/H12-8/RUN01/operations.csv
H12-8_W16-16,12,8,16,16,HEIGHT,sign,92,5792574,5.792574000,,4963,64,6238,RPI5_Heterogeneous_XMSSMT_2026-09-18/08_height_heterogeneity/FINAL_BENCHMARK_FREEZE/H12-8/RUN01/operations.csv
H12-8_W16-16,12,8,16,16,HEIGHT,verify,92,2695500,2.695500000,1,4963,64,6238,RPI5_Heterogeneous_XMSSMT_2026-09-18/08_height_heterogeneity/FINAL_BENCHMARK_FREEZE/H12-8/RUN01/operations.csv
H12-8_W16-16,12,8,16,16,HEIGHT,sign,93,5860870,5.860870000,,4963,64,6238,RPI5_Heterogeneous_XMSSMT_2026-09-18/08_height_heterogeneity/FINAL_BENCHMARK_FREEZE/H12-8/RUN01/operations.csv
H12-8_W16-16,12,8,16,16,HEIGHT,verify,93,2625759,2.625759000,1,4963,64,6238,RPI5_Heterogeneous_XMSSMT_2026-09-18/08_height_heterogeneity/FINAL_BENCHMARK_FREEZE/H12-8/RUN01/operations.csv
H12-8_W16-16,12,8,16,16,HEIGHT,sign,94,5851370,5.851370000,,4963,64,6238,RPI5_Heterogeneous_XMSSMT_2026-09-18/08_height_heterogeneity/FINAL_BENCHMARK_FREEZE/H12-8/RUN01/operations.csv
H12-8_W16-16,12,8,16,16,HEIGHT,verify,94,2631129,2.631129000,1,4963,64,6238,RPI5_Heterogeneous_XMSSMT_2026-09-18/08_height_heterogeneity/FINAL_BENCHMARK_FREEZE/H12-8/RUN01/operations.csv
H12-8_W16-16,12,8,16,16,HEIGHT,sign,95,17817945,17.817945000,,4963,64,6238,RPI5_Heterogeneous_XMSSMT_2026-09-18/08_height_heterogeneity/FINAL_BENCHMARK_FREEZE/H12-8/RUN01/operations.csv
H12-8_W16-16,12,8,16,16,HEIGHT,verify,95,2592370,2.592370000,1,4963,64,6238,RPI5_Heterogeneous_XMSSMT_2026-09-18/08_height_heterogeneity/FINAL_BENCHMARK_FREEZE/H12-8/RUN01/operations.csv
H12-8_W16-16,12,8,16,16,HEIGHT,sign,96,20200740,20.200740000,,4963,64,6238,RPI5_Heterogeneous_XMSSMT_2026-09-18/08_height_heterogeneity/FINAL_BENCHMARK_FREEZE/H12-8/RUN01/operations.csv
H12-8_W16-16,12,8,16,16,HEIGHT,verify,96,2592593,2.592593000,1,4963,64,6238,RPI5_Heterogeneous_XMSSMT_2026-09-18/08_height_heterogeneity/FINAL_BENCHMARK_FREEZE/H12-8/RUN01/operations.csv
H12-8_W16-16,12,8,16,16,HEIGHT,sign,97,17925463,17.925463000,,4963,64,6238,RPI5_Heterogeneous_XMSSMT_2026-09-18/08_height_heterogeneity/FINAL_BENCHMARK_FREEZE/H12-8/RUN01/operations.csv
H12-8_W16-16,12,8,16,16,HEIGHT,verify,97,2496260,2.496260000,1,4963,64,6238,RPI5_Heterogeneous_XMSSMT_2026-09-18/08_height_heterogeneity/FINAL_BENCHMARK_FREEZE/H12-8/RUN01/operations.csv
H12-8_W16-16,12,8,16,16,HEIGHT,sign,98,20288685,20.288685000,,4963,64,6238,RPI5_Heterogeneous_XMSSMT_2026-09-18/08_height_heterogeneity/FINAL_BENCHMARK_FREEZE/H12-8/RUN01/operations.csv
H12-8_W16-16,12,8,16,16,HEIGHT,verify,98,2533852,2.533852000,1,4963,64,6238,RPI5_Heterogeneous_XMSSMT_2026-09-18/08_height_heterogeneity/FINAL_BENCHMARK_FREEZE/H12-8/RUN01/operations.csv
H12-8_W16-16,12,8,16,16,HEIGHT,sign,99,17734222,17.734222000,,4963,64,6238,RPI5_Heterogeneous_XMSSMT_2026-09-18/08_height_heterogeneity/FINAL_BENCHMARK_FREEZE/H12-8/RUN01/operations.csv
H12-8_W16-16,12,8,16,16,HEIGHT,verify,99,2689278,2.689278000,1,4963,64,6238,RPI5_Heterogeneous_XMSSMT_2026-09-18/08_height_heterogeneity/FINAL_BENCHMARK_FREEZE/H12-8/RUN01/operations.csv
H12-8_W4-16,12,8,4,16,JOINT,keygen,0,6233918496,6233.918496000,,7075,64,6238,RPI5_Heterogeneous_XMSSMT_2026-09-18/09_joint_parameter_search/02_benchmark/H12-8_W4-16/RUN01/operations.csv
H12-8_W4-16,12,8,4,16,JOINT,keygen,1,6225730645,6225.730645000,,7075,64,6238,RPI5_Heterogeneous_XMSSMT_2026-09-18/09_joint_parameter_search/02_benchmark/H12-8_W4-16/RUN01/operations.csv
H12-8_W4-16,12,8,4,16,JOINT,keygen,2,6223206255,6223.206255000,,7075,64,6238,RPI5_Heterogeneous_XMSSMT_2026-09-18/09_joint_parameter_search/02_benchmark/H12-8_W4-16/RUN01/operations.csv
H12-8_W4-16,12,8,4,16,JOINT,keygen,3,6227459107,6227.459107000,,7075,64,6238,RPI5_Heterogeneous_XMSSMT_2026-09-18/09_joint_parameter_search/02_benchmark/H12-8_W4-16/RUN01/operations.csv
H12-8_W4-16,12,8,4,16,JOINT,keygen,4,6216725737,6216.725737000,,7075,64,6238,RPI5_Heterogeneous_XMSSMT_2026-09-18/09_joint_parameter_search/02_benchmark/H12-8_W4-16/RUN01/operations.csv
H12-8_W4-16,12,8,4,16,JOINT,keygen,5,6218376737,6218.376737000,,7075,64,6238,RPI5_Heterogeneous_XMSSMT_2026-09-18/09_joint_parameter_search/02_benchmark/H12-8_W4-16/RUN01/operations.csv
H12-8_W4-16,12,8,4,16,JOINT,keygen,6,6219955848,6219.955848000,,7075,64,6238,RPI5_Heterogeneous_XMSSMT_2026-09-18/09_joint_parameter_search/02_benchmark/H12-8_W4-16/RUN01/operations.csv
H12-8_W4-16,12,8,4,16,JOINT,keygen,7,6221652033,6221.652033000,,7075,64,6238,RPI5_Heterogeneous_XMSSMT_2026-09-18/09_joint_parameter_search/02_benchmark/H12-8_W4-16/RUN01/operations.csv
H12-8_W4-16,12,8,4,16,JOINT,keygen,8,6220199496,6220.199496000,,7075,64,6238,RPI5_Heterogeneous_XMSSMT_2026-09-18/09_joint_parameter_search/02_benchmark/H12-8_W4-16/RUN01/operations.csv
H12-8_W4-16,12,8,4,16,JOINT,keygen,9,6220667681,6220.667681000,,7075,64,6238,RPI5_Heterogeneous_XMSSMT_2026-09-18/09_joint_parameter_search/02_benchmark/H12-8_W4-16/RUN01/operations.csv
H12-8_W4-16,12,8,4,16,JOINT,sign,0,3375500,3.375500000,,7075,64,6238,RPI5_Heterogeneous_XMSSMT_2026-09-18/09_joint_parameter_search/02_benchmark/H12-8_W4-16/RUN01/operations.csv
H12-8_W4-16,12,8,4,16,JOINT,verify,0,2154981,2.154981000,1,7075,64,6238,RPI5_Heterogeneous_XMSSMT_2026-09-18/09_joint_parameter_search/02_benchmark/H12-8_W4-16/RUN01/operations.csv
H12-8_W4-16,12,8,4,16,JOINT,sign,1,3242926,3.242926000,,7075,64,6238,RPI5_Heterogeneous_XMSSMT_2026-09-18/09_joint_parameter_search/02_benchmark/H12-8_W4-16/RUN01/operations.csv
H12-8_W4-16,12,8,4,16,JOINT,verify,1,2165963,2.165963000,1,7075,64,6238,RPI5_Heterogeneous_XMSSMT_2026-09-18/09_joint_parameter_search/02_benchmark/H12-8_W4-16/RUN01/operations.csv
H12-8_W4-16,12,8,4,16,JOINT,sign,2,3271445,3.271445000,,7075,64,6238,RPI5_Heterogeneous_XMSSMT_2026-09-18/09_joint_parameter_search/02_benchmark/H12-8_W4-16/RUN01/operations.csv
H12-8_W4-16,12,8,4,16,JOINT,verify,2,2134982,2.134982000,1,7075,64,6238,RPI5_Heterogeneous_XMSSMT_2026-09-18/09_joint_parameter_search/02_benchmark/H12-8_W4-16/RUN01/operations.csv
H12-8_W4-16,12,8,4,16,JOINT,sign,3,5957722,5.957722000,,7075,64,6238,RPI5_Heterogeneous_XMSSMT_2026-09-18/09_joint_parameter_search/02_benchmark/H12-8_W4-16/RUN01/operations.csv
H12-8_W4-16,12,8,4,16,JOINT,verify,3,2166259,2.166259000,1,7075,64,6238,RPI5_Heterogeneous_XMSSMT_2026-09-18/09_joint_parameter_search/02_benchmark/H12-8_W4-16/RUN01/operations.csv
H12-8_W4-16,12,8,4,16,JOINT,sign,4,3265315,3.265315000,,7075,64,6238,RPI5_Heterogeneous_XMSSMT_2026-09-18/09_joint_parameter_search/02_benchmark/H12-8_W4-16/RUN01/operations.csv
H12-8_W4-16,12,8,4,16,JOINT,verify,4,2142260,2.142260000,1,7075,64,6238,RPI5_Heterogeneous_XMSSMT_2026-09-18/09_joint_parameter_search/02_benchmark/H12-8_W4-16/RUN01/operations.csv
H12-8_W4-16,12,8,4,16,JOINT,sign,5,3227241,3.227241000,,7075,64,6238,RPI5_Heterogeneous_XMSSMT_2026-09-18/09_joint_parameter_search/02_benchmark/H12-8_W4-16/RUN01/operations.csv
H12-8_W4-16,12,8,4,16,JOINT,verify,5,2180593,2.180593000,1,7075,64,6238,RPI5_Heterogeneous_XMSSMT_2026-09-18/09_joint_parameter_search/02_benchmark/H12-8_W4-16/RUN01/operations.csv
H12-8_W4-16,12,8,4,16,JOINT,sign,6,3233037,3.233037000,,7075,64,6238,RPI5_Heterogeneous_XMSSMT_2026-09-18/09_joint_parameter_search/02_benchmark/H12-8_W4-16/RUN01/operations.csv
H12-8_W4-16,12,8,4,16,JOINT,verify,6,2173407,2.173407000,1,7075,64,6238,RPI5_Heterogeneous_XMSSMT_2026-09-18/09_joint_parameter_search/02_benchmark/H12-8_W4-16/RUN01/operations.csv
H12-8_W4-16,12,8,4,16,JOINT,sign,7,10041704,10.041704000,,7075,64,6238,RPI5_Heterogeneous_XMSSMT_2026-09-18/09_joint_parameter_search/02_benchmark/H12-8_W4-16/RUN01/operations.csv
H12-8_W4-16,12,8,4,16,JOINT,verify,7,2164056,2.164056000,1,7075,64,6238,RPI5_Heterogeneous_XMSSMT_2026-09-18/09_joint_parameter_search/02_benchmark/H12-8_W4-16/RUN01/operations.csv
H12-8_W4-16,12,8,4,16,JOINT,sign,8,4580815,4.580815000,,7075,64,6238,RPI5_Heterogeneous_XMSSMT_2026-09-18/09_joint_parameter_search/02_benchmark/H12-8_W4-16/RUN01/operations.csv
H12-8_W4-16,12,8,4,16,JOINT,verify,8,2203686,2.203686000,1,7075,64,6238,RPI5_Heterogeneous_XMSSMT_2026-09-18/09_joint_parameter_search/02_benchmark/H12-8_W4-16/RUN01/operations.csv
H12-8_W4-16,12,8,4,16,JOINT,sign,9,3237815,3.237815000,,7075,64,6238,RPI5_Heterogeneous_XMSSMT_2026-09-18/09_joint_parameter_search/02_benchmark/H12-8_W4-16/RUN01/operations.csv
H12-8_W4-16,12,8,4,16,JOINT,verify,9,2174444,2.174444000,1,7075,64,6238,RPI5_Heterogeneous_XMSSMT_2026-09-18/09_joint_parameter_search/02_benchmark/H12-8_W4-16/RUN01/operations.csv
H12-8_W4-16,12,8,4,16,JOINT,sign,10,3267759,3.267759000,,7075,64,6238,RPI5_Heterogeneous_XMSSMT_2026-09-18/09_joint_parameter_search/02_benchmark/H12-8_W4-16/RUN01/operations.csv
H12-8_W4-16,12,8,4,16,JOINT,verify,10,2135815,2.135815000,1,7075,64,6238,RPI5_Heterogeneous_XMSSMT_2026-09-18/09_joint_parameter_search/02_benchmark/H12-8_W4-16/RUN01/operations.csv
H12-8_W4-16,12,8,4,16,JOINT,sign,11,5970519,5.970519000,,7075,64,6238,RPI5_Heterogeneous_XMSSMT_2026-09-18/09_joint_parameter_search/02_benchmark/H12-8_W4-16/RUN01/operations.csv
H12-8_W4-16,12,8,4,16,JOINT,verify,11,2159241,2.159241000,1,7075,64,6238,RPI5_Heterogeneous_XMSSMT_2026-09-18/09_joint_parameter_search/02_benchmark/H12-8_W4-16/RUN01/operations.csv
H12-8_W4-16,12,8,4,16,JOINT,sign,12,3196592,3.196592000,,7075,64,6238,RPI5_Heterogeneous_XMSSMT_2026-09-18/09_joint_parameter_search/02_benchmark/H12-8_W4-16/RUN01/operations.csv
H12-8_W4-16,12,8,4,16,JOINT,verify,12,2206408,2.206408000,1,7075,64,6238,RPI5_Heterogeneous_XMSSMT_2026-09-18/09_joint_parameter_search/02_benchmark/H12-8_W4-16/RUN01/operations.csv
H12-8_W4-16,12,8,4,16,JOINT,sign,13,3287704,3.287704000,,7075,64,6238,RPI5_Heterogeneous_XMSSMT_2026-09-18/09_joint_parameter_search/02_benchmark/H12-8_W4-16/RUN01/operations.csv
H12-8_W4-16,12,8,4,16,JOINT,verify,13,2122963,2.122963000,1,7075,64,6238,RPI5_Heterogeneous_XMSSMT_2026-09-18/09_joint_parameter_search/02_benchmark/H12-8_W4-16/RUN01/operations.csv
H12-8_W4-16,12,8,4,16,JOINT,sign,14,3262204,3.262204000,,7075,64,6238,RPI5_Heterogeneous_XMSSMT_2026-09-18/09_joint_parameter_search/02_benchmark/H12-8_W4-16/RUN01/operations.csv
H12-8_W4-16,12,8,4,16,JOINT,verify,14,2140871,2.140871000,1,7075,64,6238,RPI5_Heterogeneous_XMSSMT_2026-09-18/09_joint_parameter_search/02_benchmark/H12-8_W4-16/RUN01/operations.csv
H12-8_W4-16,12,8,4,16,JOINT,sign,15,10120833,10.120833000,,7075,64,6238,RPI5_Heterogeneous_XMSSMT_2026-09-18/09_joint_parameter_search/02_benchmark/H12-8_W4-16/RUN01/operations.csv
H12-8_W4-16,12,8,4,16,JOINT,verify,15,2206148,2.206148000,1,7075,64,6238,RPI5_Heterogeneous_XMSSMT_2026-09-18/09_joint_parameter_search/02_benchmark/H12-8_W4-16/RUN01/operations.csv
H12-8_W4-16,12,8,4,16,JOINT,sign,16,11421278,11.421278000,,7075,64,6238,RPI5_Heterogeneous_XMSSMT_2026-09-18/09_joint_parameter_search/02_benchmark/H12-8_W4-16/RUN01/operations.csv
H12-8_W4-16,12,8,4,16,JOINT,verify,16,2136315,2.136315000,1,7075,64,6238,RPI5_Heterogeneous_XMSSMT_2026-09-18/09_joint_parameter_search/02_benchmark/H12-8_W4-16/RUN01/operations.csv
H12-8_W4-16,12,8,4,16,JOINT,sign,17,7309463,7.309463000,,7075,64,6238,RPI5_Heterogeneous_XMSSMT_2026-09-18/09_joint_parameter_search/02_benchmark/H12-8_W4-16/RUN01/operations.csv
H12-8_W4-16,12,8,4,16,JOINT,verify,17,2181222,2.181222000,1,7075,64,6238,RPI5_Heterogeneous_XMSSMT_2026-09-18/09_joint_parameter_search/02_benchmark/H12-8_W4-16/RUN01/operations.csv
H12-8_W4-16,12,8,4,16,JOINT,sign,18,3262112,3.262112000,,7075,64,6238,RPI5_Heterogeneous_XMSSMT_2026-09-18/09_joint_parameter_search/02_benchmark/H12-8_W4-16/RUN01/operations.csv
H12-8_W4-16,12,8,4,16,JOINT,verify,18,2140963,2.140963000,1,7075,64,6238,RPI5_Heterogeneous_XMSSMT_2026-09-18/09_joint_parameter_search/02_benchmark/H12-8_W4-16/RUN01/operations.csv
H12-8_W4-16,12,8,4,16,JOINT,sign,19,5957482,5.957482000,,7075,64,6238,RPI5_Heterogeneous_XMSSMT_2026-09-18/09_joint_parameter_search/02_benchmark/H12-8_W4-16/RUN01/operations.csv
H12-8_W4-16,12,8,4,16,JOINT,verify,19,2174296,2.174296000,1,7075,64,6238,RPI5_Heterogeneous_XMSSMT_2026-09-18/09_joint_parameter_search/02_benchmark/H12-8_W4-16/RUN01/operations.csv
H12-8_W4-16,12,8,4,16,JOINT,sign,20,3243130,3.243130000,,7075,64,6238,RPI5_Heterogeneous_XMSSMT_2026-09-18/09_joint_parameter_search/02_benchmark/H12-8_W4-16/RUN01/operations.csv
H12-8_W4-16,12,8,4,16,JOINT,verify,20,2160093,2.160093000,1,7075,64,6238,RPI5_Heterogeneous_XMSSMT_2026-09-18/09_joint_parameter_search/02_benchmark/H12-8_W4-16/RUN01/operations.csv
H12-8_W4-16,12,8,4,16,JOINT,sign,21,3240629,3.240629000,,7075,64,6238,RPI5_Heterogeneous_XMSSMT_2026-09-18/09_joint_parameter_search/02_benchmark/H12-8_W4-16/RUN01/operations.csv
H12-8_W4-16,12,8,4,16,JOINT,verify,21,2167648,2.167648000,1,7075,64,6238,RPI5_Heterogeneous_XMSSMT_2026-09-18/09_joint_parameter_search/02_benchmark/H12-8_W4-16/RUN01/operations.csv
H12-8_W4-16,12,8,4,16,JOINT,sign,22,3296574,3.296574000,,7075,64,6238,RPI5_Heterogeneous_XMSSMT_2026-09-18/09_joint_parameter_search/02_benchmark/H12-8_W4-16/RUN01/operations.csv
H12-8_W4-16,12,8,4,16,JOINT,verify,22,2107056,2.107056000,1,7075,64,6238,RPI5_Heterogeneous_XMSSMT_2026-09-18/09_joint_parameter_search/02_benchmark/H12-8_W4-16/RUN01/operations.csv
H12-8_W4-16,12,8,4,16,JOINT,sign,23,10048778,10.048778000,,7075,64,6238,RPI5_Heterogeneous_XMSSMT_2026-09-18/09_joint_parameter_search/02_benchmark/H12-8_W4-16/RUN01/operations.csv
H12-8_W4-16,12,8,4,16,JOINT,verify,23,2174185,2.174185000,1,7075,64,6238,RPI5_Heterogeneous_XMSSMT_2026-09-18/09_joint_parameter_search/02_benchmark/H12-8_W4-16/RUN01/operations.csv
H12-8_W4-16,12,8,4,16,JOINT,sign,24,4631482,4.631482000,,7075,64,6238,RPI5_Heterogeneous_XMSSMT_2026-09-18/09_joint_parameter_search/02_benchmark/H12-8_W4-16/RUN01/operations.csv
H12-8_W4-16,12,8,4,16,JOINT,verify,24,2141852,2.141852000,1,7075,64,6238,RPI5_Heterogeneous_XMSSMT_2026-09-18/09_joint_parameter_search/02_benchmark/H12-8_W4-16/RUN01/operations.csv
H12-8_W4-16,12,8,4,16,JOINT,sign,25,3282759,3.282759000,,7075,64,6238,RPI5_Heterogeneous_XMSSMT_2026-09-18/09_joint_parameter_search/02_benchmark/H12-8_W4-16/RUN01/operations.csv
H12-8_W4-16,12,8,4,16,JOINT,verify,25,2134593,2.134593000,1,7075,64,6238,RPI5_Heterogeneous_XMSSMT_2026-09-18/09_joint_parameter_search/02_benchmark/H12-8_W4-16/RUN01/operations.csv
H12-8_W4-16,12,8,4,16,JOINT,sign,26,3278592,3.278592000,,7075,64,6238,RPI5_Heterogeneous_XMSSMT_2026-09-18/09_joint_parameter_search/02_benchmark/H12-8_W4-16/RUN01/operations.csv
H12-8_W4-16,12,8,4,16,JOINT,verify,26,2129130,2.129130000,1,7075,64,6238,RPI5_Heterogeneous_XMSSMT_2026-09-18/09_joint_parameter_search/02_benchmark/H12-8_W4-16/RUN01/operations.csv
H12-8_W4-16,12,8,4,16,JOINT,sign,27,5952111,5.952111000,,7075,64,6238,RPI5_Heterogeneous_XMSSMT_2026-09-18/09_joint_parameter_search/02_benchmark/H12-8_W4-16/RUN01/operations.csv
H12-8_W4-16,12,8,4,16,JOINT,verify,27,2174166,2.174166000,1,7075,64,6238,RPI5_Heterogeneous_XMSSMT_2026-09-18/09_joint_parameter_search/02_benchmark/H12-8_W4-16/RUN01/operations.csv
H12-8_W4-16,12,8,4,16,JOINT,sign,28,3288555,3.288555000,,7075,64,6238,RPI5_Heterogeneous_XMSSMT_2026-09-18/09_joint_parameter_search/02_benchmark/H12-8_W4-16/RUN01/operations.csv
H12-8_W4-16,12,8,4,16,JOINT,verify,28,2199759,2.199759000,1,7075,64,6238,RPI5_Heterogeneous_XMSSMT_2026-09-18/09_joint_parameter_search/02_benchmark/H12-8_W4-16/RUN01/operations.csv
H12-8_W4-16,12,8,4,16,JOINT,sign,29,3297555,3.297555000,,7075,64,6238,RPI5_Heterogeneous_XMSSMT_2026-09-18/09_joint_parameter_search/02_benchmark/H12-8_W4-16/RUN01/operations.csv
H12-8_W4-16,12,8,4,16,JOINT,verify,29,2137074,2.137074000,1,7075,64,6238,RPI5_Heterogeneous_XMSSMT_2026-09-18/09_joint_parameter_search/02_benchmark/H12-8_W4-16/RUN01/operations.csv
H12-8_W4-16,12,8,4,16,JOINT,sign,30,3259778,3.259778000,,7075,64,6238,RPI5_Heterogeneous_XMSSMT_2026-09-18/09_joint_parameter_search/02_benchmark/H12-8_W4-16/RUN01/operations.csv
H12-8_W4-16,12,8,4,16,JOINT,verify,30,2142796,2.142796000,1,7075,64,6238,RPI5_Heterogeneous_XMSSMT_2026-09-18/09_joint_parameter_search/02_benchmark/H12-8_W4-16/RUN01/operations.csv
H12-8_W4-16,12,8,4,16,JOINT,sign,31,10081185,10.081185000,,7075,64,6238,RPI5_Heterogeneous_XMSSMT_2026-09-18/09_joint_parameter_search/02_benchmark/H12-8_W4-16/RUN01/operations.csv
H12-8_W4-16,12,8,4,16,JOINT,verify,31,2120259,2.120259000,1,7075,64,6238,RPI5_Heterogeneous_XMSSMT_2026-09-18/09_joint_parameter_search/02_benchmark/H12-8_W4-16/RUN01/operations.csv
H12-8_W4-16,12,8,4,16,JOINT,sign,32,11418241,11.418241000,,7075,64,6238,RPI5_Heterogeneous_XMSSMT_2026-09-18/09_joint_parameter_search/02_benchmark/H12-8_W4-16/RUN01/operations.csv
H12-8_W4-16,12,8,4,16,JOINT,verify,32,2168204,2.168204000,1,7075,64,6238,RPI5_Heterogeneous_XMSSMT_2026-09-18/09_joint_parameter_search/02_benchmark/H12-8_W4-16/RUN01/operations.csv
H12-8_W4-16,12,8,4,16,JOINT,sign,33,10075259,10.075259000,,7075,64,6238,RPI5_Heterogeneous_XMSSMT_2026-09-18/09_joint_parameter_search/02_benchmark/H12-8_W4-16/RUN01/operations.csv
H12-8_W4-16,12,8,4,16,JOINT,verify,33,2167388,2.167388000,1,7075,64,6238,RPI5_Heterogeneous_XMSSMT_2026-09-18/09_joint_parameter_search/02_benchmark/H12-8_W4-16/RUN01/operations.csv
H12-8_W4-16,12,8,4,16,JOINT,sign,34,11478148,11.478148000,,7075,64,6238,RPI5_Heterogeneous_XMSSMT_2026-09-18/09_joint_parameter_search/02_benchmark/H12-8_W4-16/RUN01/operations.csv
H12-8_W4-16,12,8,4,16,JOINT,verify,34,2142519,2.142519000,1,7075,64,6238,RPI5_Heterogeneous_XMSSMT_2026-09-18/09_joint_parameter_search/02_benchmark/H12-8_W4-16/RUN01/operations.csv
H12-8_W4-16,12,8,4,16,JOINT,sign,35,10080907,10.080907000,,7075,64,6238,RPI5_Heterogeneous_XMSSMT_2026-09-18/09_joint_parameter_search/02_benchmark/H12-8_W4-16/RUN01/operations.csv
H12-8_W4-16,12,8,4,16,JOINT,verify,35,2147148,2.147148000,1,7075,64,6238,RPI5_Heterogeneous_XMSSMT_2026-09-18/09_joint_parameter_search/02_benchmark/H12-8_W4-16/RUN01/operations.csv
H12-8_W4-16,12,8,4,16,JOINT,sign,36,10092185,10.092185000,,7075,64,6238,RPI5_Heterogeneous_XMSSMT_2026-09-18/09_joint_parameter_search/02_benchmark/H12-8_W4-16/RUN01/operations.csv
H12-8_W4-16,12,8,4,16,JOINT,verify,36,2138611,2.138611000,1,7075,64,6238,RPI5_Heterogeneous_XMSSMT_2026-09-18/09_joint_parameter_search/02_benchmark/H12-8_W4-16/RUN01/operations.csv
H12-8_W4-16,12,8,4,16,JOINT,sign,37,3285722,3.285722000,,7075,64,6238,RPI5_Heterogeneous_XMSSMT_2026-09-18/09_joint_parameter_search/02_benchmark/H12-8_W4-16/RUN01/operations.csv
H12-8_W4-16,12,8,4,16,JOINT,verify,37,2143518,2.143518000,1,7075,64,6238,RPI5_Heterogeneous_XMSSMT_2026-09-18/09_joint_parameter_search/02_benchmark/H12-8_W4-16/RUN01/operations.csv
H12-8_W4-16,12,8,4,16,JOINT,sign,38,3273000,3.273000000,,7075,64,6238,RPI5_Heterogeneous_XMSSMT_2026-09-18/09_joint_parameter_search/02_benchmark/H12-8_W4-16/RUN01/operations.csv
H12-8_W4-16,12,8,4,16,JOINT,verify,38,2147055,2.147055000,1,7075,64,6238,RPI5_Heterogeneous_XMSSMT_2026-09-18/09_joint_parameter_search/02_benchmark/H12-8_W4-16/RUN01/operations.csv
H12-8_W4-16,12,8,4,16,JOINT,sign,39,10121518,10.121518000,,7075,64,6238,RPI5_Heterogeneous_XMSSMT_2026-09-18/09_joint_parameter_search/02_benchmark/H12-8_W4-16/RUN01/operations.csv
H12-8_W4-16,12,8,4,16,JOINT,verify,39,2122926,2.122926000,1,7075,64,6238,RPI5_Heterogeneous_XMSSMT_2026-09-18/09_joint_parameter_search/02_benchmark/H12-8_W4-16/RUN01/operations.csv
H12-8_W4-16,12,8,4,16,JOINT,sign,40,4641204,4.641204000,,7075,64,6238,RPI5_Heterogeneous_XMSSMT_2026-09-18/09_joint_parameter_search/02_benchmark/H12-8_W4-16/RUN01/operations.csv
H12-8_W4-16,12,8,4,16,JOINT,verify,40,2145630,2.145630000,1,7075,64,6238,RPI5_Heterogeneous_XMSSMT_2026-09-18/09_joint_parameter_search/02_benchmark/H12-8_W4-16/RUN01/operations.csv
H12-8_W4-16,12,8,4,16,JOINT,sign,41,3218315,3.218315000,,7075,64,6238,RPI5_Heterogeneous_XMSSMT_2026-09-18/09_joint_parameter_search/02_benchmark/H12-8_W4-16/RUN01/operations.csv
H12-8_W4-16,12,8,4,16,JOINT,verify,41,2210222,2.210222000,1,7075,64,6238,RPI5_Heterogeneous_XMSSMT_2026-09-18/09_joint_parameter_search/02_benchmark/H12-8_W4-16/RUN01/operations.csv
H12-8_W4-16,12,8,4,16,JOINT,sign,42,3293315,3.293315000,,7075,64,6238,RPI5_Heterogeneous_XMSSMT_2026-09-18/09_joint_parameter_search/02_benchmark/H12-8_W4-16/RUN01/operations.csv
H12-8_W4-16,12,8,4,16,JOINT,verify,42,2130092,2.130092000,1,7075,64,6238,RPI5_Heterogeneous_XMSSMT_2026-09-18/09_joint_parameter_search/02_benchmark/H12-8_W4-16/RUN01/operations.csv
H12-8_W4-16,12,8,4,16,JOINT,sign,43,6025259,6.025259000,,7075,64,6238,RPI5_Heterogeneous_XMSSMT_2026-09-18/09_joint_parameter_search/02_benchmark/H12-8_W4-16/RUN01/operations.csv
H12-8_W4-16,12,8,4,16,JOINT,verify,43,2125185,2.125185000,1,7075,64,6238,RPI5_Heterogeneous_XMSSMT_2026-09-18/09_joint_parameter_search/02_benchmark/H12-8_W4-16/RUN01/operations.csv
H12-8_W4-16,12,8,4,16,JOINT,sign,44,3237888,3.237888000,,7075,64,6238,RPI5_Heterogeneous_XMSSMT_2026-09-18/09_joint_parameter_search/02_benchmark/H12-8_W4-16/RUN01/operations.csv
H12-8_W4-16,12,8,4,16,JOINT,verify,44,2197648,2.197648000,1,7075,64,6238,RPI5_Heterogeneous_XMSSMT_2026-09-18/09_joint_parameter_search/02_benchmark/H12-8_W4-16/RUN01/operations.csv
H12-8_W4-16,12,8,4,16,JOINT,sign,45,3276203,3.276203000,,7075,64,6238,RPI5_Heterogeneous_XMSSMT_2026-09-18/09_joint_parameter_search/02_benchmark/H12-8_W4-16/RUN01/operations.csv
H12-8_W4-16,12,8,4,16,JOINT,verify,45,2145685,2.145685000,1,7075,64,6238,RPI5_Heterogeneous_XMSSMT_2026-09-18/09_joint_parameter_search/02_benchmark/H12-8_W4-16/RUN01/operations.csv
H12-8_W4-16,12,8,4,16,JOINT,sign,46,3232630,3.232630000,,7075,64,6238,RPI5_Heterogeneous_XMSSMT_2026-09-18/09_joint_parameter_search/02_benchmark/H12-8_W4-16/RUN01/operations.csv
H12-8_W4-16,12,8,4,16,JOINT,verify,46,2179278,2.179278000,1,7075,64,6238,RPI5_Heterogeneous_XMSSMT_2026-09-18/09_joint_parameter_search/02_benchmark/H12-8_W4-16/RUN01/operations.csv
H12-8_W4-16,12,8,4,16,JOINT,sign,47,10094240,10.094240000,,7075,64,6238,RPI5_Heterogeneous_XMSSMT_2026-09-18/09_joint_parameter_search/02_benchmark/H12-8_W4-16/RUN01/operations.csv
H12-8_W4-16,12,8,4,16,JOINT,verify,47,2139185,2.139185000,1,7075,64,6238,RPI5_Heterogeneous_XMSSMT_2026-09-18/09_joint_parameter_search/02_benchmark/H12-8_W4-16/RUN01/operations.csv
H12-8_W4-16,12,8,4,16,JOINT,sign,48,11406648,11.406648000,,7075,64,6238,RPI5_Heterogeneous_XMSSMT_2026-09-18/09_joint_parameter_search/02_benchmark/H12-8_W4-16/RUN01/operations.csv
H12-8_W4-16,12,8,4,16,JOINT,verify,48,2163519,2.163519000,1,7075,64,6238,RPI5_Heterogeneous_XMSSMT_2026-09-18/09_joint_parameter_search/02_benchmark/H12-8_W4-16/RUN01/operations.csv
H12-8_W4-16,12,8,4,16,JOINT,sign,49,7315167,7.315167000,,7075,64,6238,RPI5_Heterogeneous_XMSSMT_2026-09-18/09_joint_parameter_search/02_benchmark/H12-8_W4-16/RUN01/operations.csv
H12-8_W4-16,12,8,4,16,JOINT,verify,49,2179704,2.179704000,1,7075,64,6238,RPI5_Heterogeneous_XMSSMT_2026-09-18/09_joint_parameter_search/02_benchmark/H12-8_W4-16/RUN01/operations.csv
H12-8_W4-16,12,8,4,16,JOINT,sign,50,3273685,3.273685000,,7075,64,6238,RPI5_Heterogeneous_XMSSMT_2026-09-18/09_joint_parameter_search/02_benchmark/H12-8_W4-16/RUN01/operations.csv
H12-8_W4-16,12,8,4,16,JOINT,verify,50,2135112,2.135112000,1,7075,64,6238,RPI5_Heterogeneous_XMSSMT_2026-09-18/09_joint_parameter_search/02_benchmark/H12-8_W4-16/RUN01/operations.csv
H12-8_W4-16,12,8,4,16,JOINT,sign,51,6083019,6.083019000,,7075,64,6238,RPI5_Heterogeneous_XMSSMT_2026-09-18/09_joint_parameter_search/02_benchmark/H12-8_W4-16/RUN01/operations.csv
H12-8_W4-16,12,8,4,16,JOINT,verify,51,2168148,2.168148000,1,7075,64,6238,RPI5_Heterogeneous_XMSSMT_2026-09-18/09_joint_parameter_search/02_benchmark/H12-8_W4-16/RUN01/operations.csv
H12-8_W4-16,12,8,4,16,JOINT,sign,52,3228815,3.228815000,,7075,64,6238,RPI5_Heterogeneous_XMSSMT_2026-09-18/09_joint_parameter_search/02_benchmark/H12-8_W4-16/RUN01/operations.csv
H12-8_W4-16,12,8,4,16,JOINT,verify,52,2176203,2.176203000,1,7075,64,6238,RPI5_Heterogeneous_XMSSMT_2026-09-18/09_joint_parameter_search/02_benchmark/H12-8_W4-16/RUN01/operations.csv
H12-8_W4-16,12,8,4,16,JOINT,sign,53,3241111,3.241111000,,7075,64,6238,RPI5_Heterogeneous_XMSSMT_2026-09-18/09_joint_parameter_search/02_benchmark/H12-8_W4-16/RUN01/operations.csv
H12-8_W4-16,12,8,4,16,JOINT,verify,53,2173092,2.173092000,1,7075,64,6238,RPI5_Heterogeneous_XMSSMT_2026-09-18/09_joint_parameter_search/02_benchmark/H12-8_W4-16/RUN01/operations.csv
H12-8_W4-16,12,8,4,16,JOINT,sign,54,3273593,3.273593000,,7075,64,6238,RPI5_Heterogeneous_XMSSMT_2026-09-18/09_joint_parameter_search/02_benchmark/H12-8_W4-16/RUN01/operations.csv
H12-8_W4-16,12,8,4,16,JOINT,verify,54,2139407,2.139407000,1,7075,64,6238,RPI5_Heterogeneous_XMSSMT_2026-09-18/09_joint_parameter_search/02_benchmark/H12-8_W4-16/RUN01/operations.csv
H12-8_W4-16,12,8,4,16,JOINT,sign,55,10020852,10.020852000,,7075,64,6238,RPI5_Heterogeneous_XMSSMT_2026-09-18/09_joint_parameter_search/02_benchmark/H12-8_W4-16/RUN01/operations.csv
H12-8_W4-16,12,8,4,16,JOINT,verify,55,2205370,2.205370000,1,7075,64,6238,RPI5_Heterogeneous_XMSSMT_2026-09-18/09_joint_parameter_search/02_benchmark/H12-8_W4-16/RUN01/operations.csv
H12-8_W4-16,12,8,4,16,JOINT,sign,56,4633815,4.633815000,,7075,64,6238,RPI5_Heterogeneous_XMSSMT_2026-09-18/09_joint_parameter_search/02_benchmark/H12-8_W4-16/RUN01/operations.csv
H12-8_W4-16,12,8,4,16,JOINT,verify,56,2146963,2.146963000,1,7075,64,6238,RPI5_Heterogeneous_XMSSMT_2026-09-18/09_joint_parameter_search/02_benchmark/H12-8_W4-16/RUN01/operations.csv
H12-8_W4-16,12,8,4,16,JOINT,sign,57,3255130,3.255130000,,7075,64,6238,RPI5_Heterogeneous_XMSSMT_2026-09-18/09_joint_parameter_search/02_benchmark/H12-8_W4-16/RUN01/operations.csv
H12-8_W4-16,12,8,4,16,JOINT,verify,57,2168926,2.168926000,1,7075,64,6238,RPI5_Heterogeneous_XMSSMT_2026-09-18/09_joint_parameter_search/02_benchmark/H12-8_W4-16/RUN01/operations.csv
H12-8_W4-16,12,8,4,16,JOINT,sign,58,3216889,3.216889000,,7075,64,6238,RPI5_Heterogeneous_XMSSMT_2026-09-18/09_joint_parameter_search/02_benchmark/H12-8_W4-16/RUN01/operations.csv
H12-8_W4-16,12,8,4,16,JOINT,verify,58,2193926,2.193926000,1,7075,64,6238,RPI5_Heterogeneous_XMSSMT_2026-09-18/09_joint_parameter_search/02_benchmark/H12-8_W4-16/RUN01/operations.csv
H12-8_W4-16,12,8,4,16,JOINT,sign,59,5960908,5.960908000,,7075,64,6238,RPI5_Heterogeneous_XMSSMT_2026-09-18/09_joint_parameter_search/02_benchmark/H12-8_W4-16/RUN01/operations.csv
H12-8_W4-16,12,8,4,16,JOINT,verify,59,2177056,2.177056000,1,7075,64,6238,RPI5_Heterogeneous_XMSSMT_2026-09-18/09_joint_parameter_search/02_benchmark/H12-8_W4-16/RUN01/operations.csv
H12-8_W4-16,12,8,4,16,JOINT,sign,60,3277241,3.277241000,,7075,64,6238,RPI5_Heterogeneous_XMSSMT_2026-09-18/09_joint_parameter_search/02_benchmark/H12-8_W4-16/RUN01/operations.csv
H12-8_W4-16,12,8,4,16,JOINT,verify,60,2139259,2.139259000,1,7075,64,6238,RPI5_Heterogeneous_XMSSMT_2026-09-18/09_joint_parameter_search/02_benchmark/H12-8_W4-16/RUN01/operations.csv
H12-8_W4-16,12,8,4,16,JOINT,sign,61,3284019,3.284019000,,7075,64,6238,RPI5_Heterogeneous_XMSSMT_2026-09-18/09_joint_parameter_search/02_benchmark/H12-8_W4-16/RUN01/operations.csv
H12-8_W4-16,12,8,4,16,JOINT,verify,61,2134223,2.134223000,1,7075,64,6238,RPI5_Heterogeneous_XMSSMT_2026-09-18/09_joint_parameter_search/02_benchmark/H12-8_W4-16/RUN01/operations.csv
H12-8_W4-16,12,8,4,16,JOINT,sign,62,3315649,3.315649000,,7075,64,6238,RPI5_Heterogeneous_XMSSMT_2026-09-18/09_joint_parameter_search/02_benchmark/H12-8_W4-16/RUN01/operations.csv
H12-8_W4-16,12,8,4,16,JOINT,verify,62,2102444,2.102444000,1,7075,64,6238,RPI5_Heterogeneous_XMSSMT_2026-09-18/09_joint_parameter_search/02_benchmark/H12-8_W4-16/RUN01/operations.csv
H12-8_W4-16,12,8,4,16,JOINT,sign,63,10099944,10.099944000,,7075,64,6238,RPI5_Heterogeneous_XMSSMT_2026-09-18/09_joint_parameter_search/02_benchmark/H12-8_W4-16/RUN01/operations.csv
H12-8_W4-16,12,8,4,16,JOINT,verify,63,2136500,2.136500000,1,7075,64,6238,RPI5_Heterogeneous_XMSSMT_2026-09-18/09_joint_parameter_search/02_benchmark/H12-8_W4-16/RUN01/operations.csv
H12-8_W4-16,12,8,4,16,JOINT,sign,64,11422778,11.422778000,,7075,64,6238,RPI5_Heterogeneous_XMSSMT_2026-09-18/09_joint_parameter_search/02_benchmark/H12-8_W4-16/RUN01/operations.csv
H12-8_W4-16,12,8,4,16,JOINT,verify,64,2189130,2.189130000,1,7075,64,6238,RPI5_Heterogeneous_XMSSMT_2026-09-18/09_joint_parameter_search/02_benchmark/H12-8_W4-16/RUN01/operations.csv
H12-8_W4-16,12,8,4,16,JOINT,sign,65,10158759,10.158759000,,7075,64,6238,RPI5_Heterogeneous_XMSSMT_2026-09-18/09_joint_parameter_search/02_benchmark/H12-8_W4-16/RUN01/operations.csv
H12-8_W4-16,12,8,4,16,JOINT,verify,65,2174167,2.174167000,1,7075,64,6238,RPI5_Heterogeneous_XMSSMT_2026-09-18/09_joint_parameter_search/02_benchmark/H12-8_W4-16/RUN01/operations.csv
H12-8_W4-16,12,8,4,16,JOINT,sign,66,11448352,11.448352000,,7075,64,6238,RPI5_Heterogeneous_XMSSMT_2026-09-18/09_joint_parameter_search/02_benchmark/H12-8_W4-16/RUN01/operations.csv
H12-8_W4-16,12,8,4,16,JOINT,verify,66,2146981,2.146981000,1,7075,64,6238,RPI5_Heterogeneous_XMSSMT_2026-09-18/09_joint_parameter_search/02_benchmark/H12-8_W4-16/RUN01/operations.csv
H12-8_W4-16,12,8,4,16,JOINT,sign,67,10131167,10.131167000,,7075,64,6238,RPI5_Heterogeneous_XMSSMT_2026-09-18/09_joint_parameter_search/02_benchmark/H12-8_W4-16/RUN01/operations.csv
H12-8_W4-16,12,8,4,16,JOINT,verify,67,2098185,2.098185000,1,7075,64,6238,RPI5_Heterogeneous_XMSSMT_2026-09-18/09_joint_parameter_search/02_benchmark/H12-8_W4-16/RUN01/operations.csv
H12-8_W4-16,12,8,4,16,JOINT,sign,68,11418445,11.418445000,,7075,64,6238,RPI5_Heterogeneous_XMSSMT_2026-09-18/09_joint_parameter_search/02_benchmark/H12-8_W4-16/RUN01/operations.csv
H12-8_W4-16,12,8,4,16,JOINT,verify,68,2176723,2.176723000,1,7075,64,6238,RPI5_Heterogeneous_XMSSMT_2026-09-18/09_joint_parameter_search/02_benchmark/H12-8_W4-16/RUN01/operations.csv
H12-8_W4-16,12,8,4,16,JOINT,sign,69,10025759,10.025759000,,7075,64,6238,RPI5_Heterogeneous_XMSSMT_2026-09-18/09_joint_parameter_search/02_benchmark/H12-8_W4-16/RUN01/operations.csv
H12-8_W4-16,12,8,4,16,JOINT,verify,69,2204314,2.204314000,1,7075,64,6238,RPI5_Heterogeneous_XMSSMT_2026-09-18/09_joint_parameter_search/02_benchmark/H12-8_W4-16/RUN01/operations.csv
H12-8_W4-16,12,8,4,16,JOINT,sign,70,11475926,11.475926000,,7075,64,6238,RPI5_Heterogeneous_XMSSMT_2026-09-18/09_joint_parameter_search/02_benchmark/H12-8_W4-16/RUN01/operations.csv
H12-8_W4-16,12,8,4,16,JOINT,verify,70,2133852,2.133852000,1,7075,64,6238,RPI5_Heterogeneous_XMSSMT_2026-09-18/09_joint_parameter_search/02_benchmark/H12-8_W4-16/RUN01/operations.csv
H12-8_W4-16,12,8,4,16,JOINT,sign,71,10104852,10.104852000,,7075,64,6238,RPI5_Heterogeneous_XMSSMT_2026-09-18/09_joint_parameter_search/02_benchmark/H12-8_W4-16/RUN01/operations.csv
H12-8_W4-16,12,8,4,16,JOINT,verify,71,2132500,2.132500000,1,7075,64,6238,RPI5_Heterogeneous_XMSSMT_2026-09-18/09_joint_parameter_search/02_benchmark/H12-8_W4-16/RUN01/operations.csv
H12-8_W4-16,12,8,4,16,JOINT,sign,72,11546259,11.546259000,,7075,64,6238,RPI5_Heterogeneous_XMSSMT_2026-09-18/09_joint_parameter_search/02_benchmark/H12-8_W4-16/RUN01/operations.csv
H12-8_W4-16,12,8,4,16,JOINT,verify,72,2170000,2.170000000,1,7075,64,6238,RPI5_Heterogeneous_XMSSMT_2026-09-18/09_joint_parameter_search/02_benchmark/H12-8_W4-16/RUN01/operations.csv
H12-8_W4-16,12,8,4,16,JOINT,sign,73,10071278,10.071278000,,7075,64,6238,RPI5_Heterogeneous_XMSSMT_2026-09-18/09_joint_parameter_search/02_benchmark/H12-8_W4-16/RUN01/operations.csv
H12-8_W4-16,12,8,4,16,JOINT,verify,73,2144463,2.144463000,1,7075,64,6238,RPI5_Heterogeneous_XMSSMT_2026-09-18/09_joint_parameter_search/02_benchmark/H12-8_W4-16/RUN01/operations.csv
H12-8_W4-16,12,8,4,16,JOINT,sign,74,11432667,11.432667000,,7075,64,6238,RPI5_Heterogeneous_XMSSMT_2026-09-18/09_joint_parameter_search/02_benchmark/H12-8_W4-16/RUN01/operations.csv
H12-8_W4-16,12,8,4,16,JOINT,verify,74,2140185,2.140185000,1,7075,64,6238,RPI5_Heterogeneous_XMSSMT_2026-09-18/09_joint_parameter_search/02_benchmark/H12-8_W4-16/RUN01/operations.csv
H12-8_W4-16,12,8,4,16,JOINT,sign,75,10041037,10.041037000,,7075,64,6238,RPI5_Heterogeneous_XMSSMT_2026-09-18/09_joint_parameter_search/02_benchmark/H12-8_W4-16/RUN01/operations.csv
H12-8_W4-16,12,8,4,16,JOINT,verify,75,2170315,2.170315000,1,7075,64,6238,RPI5_Heterogeneous_XMSSMT_2026-09-18/09_joint_parameter_search/02_benchmark/H12-8_W4-16/RUN01/operations.csv
H12-8_W4-16,12,8,4,16,JOINT,sign,76,4600463,4.600463000,,7075,64,6238,RPI5_Heterogeneous_XMSSMT_2026-09-18/09_joint_parameter_search/02_benchmark/H12-8_W4-16/RUN01/operations.csv
H12-8_W4-16,12,8,4,16,JOINT,verify,76,2182796,2.182796000,1,7075,64,6238,RPI5_Heterogeneous_XMSSMT_2026-09-18/09_joint_parameter_search/02_benchmark/H12-8_W4-16/RUN01/operations.csv
H12-8_W4-16,12,8,4,16,JOINT,sign,77,3199259,3.199259000,,7075,64,6238,RPI5_Heterogeneous_XMSSMT_2026-09-18/09_joint_parameter_search/02_benchmark/H12-8_W4-16/RUN01/operations.csv
H12-8_W4-16,12,8,4,16,JOINT,verify,77,2211815,2.211815000,1,7075,64,6238,RPI5_Heterogeneous_XMSSMT_2026-09-18/09_joint_parameter_search/02_benchmark/H12-8_W4-16/RUN01/operations.csv
H12-8_W4-16,12,8,4,16,JOINT,sign,78,3266222,3.266222000,,7075,64,6238,RPI5_Heterogeneous_XMSSMT_2026-09-18/09_joint_parameter_search/02_benchmark/H12-8_W4-16/RUN01/operations.csv
H12-8_W4-16,12,8,4,16,JOINT,verify,78,2142148,2.142148000,1,7075,64,6238,RPI5_Heterogeneous_XMSSMT_2026-09-18/09_joint_parameter_search/02_benchmark/H12-8_W4-16/RUN01/operations.csv
H12-8_W4-16,12,8,4,16,JOINT,sign,79,10051593,10.051593000,,7075,64,6238,RPI5_Heterogeneous_XMSSMT_2026-09-18/09_joint_parameter_search/02_benchmark/H12-8_W4-16/RUN01/operations.csv
H12-8_W4-16,12,8,4,16,JOINT,verify,79,2161963,2.161963000,1,7075,64,6238,RPI5_Heterogeneous_XMSSMT_2026-09-18/09_joint_parameter_search/02_benchmark/H12-8_W4-16/RUN01/operations.csv
H12-8_W4-16,12,8,4,16,JOINT,sign,80,11399760,11.399760000,,7075,64,6238,RPI5_Heterogeneous_XMSSMT_2026-09-18/09_joint_parameter_search/02_benchmark/H12-8_W4-16/RUN01/operations.csv
H12-8_W4-16,12,8,4,16,JOINT,verify,80,2176481,2.176481000,1,7075,64,6238,RPI5_Heterogeneous_XMSSMT_2026-09-18/09_joint_parameter_search/02_benchmark/H12-8_W4-16/RUN01/operations.csv
H12-8_W4-16,12,8,4,16,JOINT,sign,81,7361685,7.361685000,,7075,64,6238,RPI5_Heterogeneous_XMSSMT_2026-09-18/09_joint_parameter_search/02_benchmark/H12-8_W4-16/RUN01/operations.csv
H12-8_W4-16,12,8,4,16,JOINT,verify,81,2136019,2.136019000,1,7075,64,6238,RPI5_Heterogeneous_XMSSMT_2026-09-18/09_joint_parameter_search/02_benchmark/H12-8_W4-16/RUN01/operations.csv
H12-8_W4-16,12,8,4,16,JOINT,sign,82,3276240,3.276240000,,7075,64,6238,RPI5_Heterogeneous_XMSSMT_2026-09-18/09_joint_parameter_search/02_benchmark/H12-8_W4-16/RUN01/operations.csv
H12-8_W4-16,12,8,4,16,JOINT,verify,82,2154130,2.154130000,1,7075,64,6238,RPI5_Heterogeneous_XMSSMT_2026-09-18/09_joint_parameter_search/02_benchmark/H12-8_W4-16/RUN01/operations.csv
H12-8_W4-16,12,8,4,16,JOINT,sign,83,6065204,6.065204000,,7075,64,6238,RPI5_Heterogeneous_XMSSMT_2026-09-18/09_joint_parameter_search/02_benchmark/H12-8_W4-16/RUN01/operations.csv
H12-8_W4-16,12,8,4,16,JOINT,verify,83,2174351,2.174351000,1,7075,64,6238,RPI5_Heterogeneous_XMSSMT_2026-09-18/09_joint_parameter_search/02_benchmark/H12-8_W4-16/RUN01/operations.csv
H12-8_W4-16,12,8,4,16,JOINT,sign,84,3209592,3.209592000,,7075,64,6238,RPI5_Heterogeneous_XMSSMT_2026-09-18/09_joint_parameter_search/02_benchmark/H12-8_W4-16/RUN01/operations.csv
H12-8_W4-16,12,8,4,16,JOINT,verify,84,2210703,2.210703000,1,7075,64,6238,RPI5_Heterogeneous_XMSSMT_2026-09-18/09_joint_parameter_search/02_benchmark/H12-8_W4-16/RUN01/operations.csv
H12-8_W4-16,12,8,4,16,JOINT,sign,85,3313371,3.313371000,,7075,64,6238,RPI5_Heterogeneous_XMSSMT_2026-09-18/09_joint_parameter_search/02_benchmark/H12-8_W4-16/RUN01/operations.csv
H12-8_W4-16,12,8,4,16,JOINT,verify,85,2107056,2.107056000,1,7075,64,6238,RPI5_Heterogeneous_XMSSMT_2026-09-18/09_joint_parameter_search/02_benchmark/H12-8_W4-16/RUN01/operations.csv
H12-8_W4-16,12,8,4,16,JOINT,sign,86,3268852,3.268852000,,7075,64,6238,RPI5_Heterogeneous_XMSSMT_2026-09-18/09_joint_parameter_search/02_benchmark/H12-8_W4-16/RUN01/operations.csv
H12-8_W4-16,12,8,4,16,JOINT,verify,86,2148629,2.148629000,1,7075,64,6238,RPI5_Heterogeneous_XMSSMT_2026-09-18/09_joint_parameter_search/02_benchmark/H12-8_W4-16/RUN01/operations.csv
H12-8_W4-16,12,8,4,16,JOINT,sign,87,10044741,10.044741000,,7075,64,6238,RPI5_Heterogeneous_XMSSMT_2026-09-18/09_joint_parameter_search/02_benchmark/H12-8_W4-16/RUN01/operations.csv
H12-8_W4-16,12,8,4,16,JOINT,verify,87,2200759,2.200759000,1,7075,64,6238,RPI5_Heterogeneous_XMSSMT_2026-09-18/09_joint_parameter_search/02_benchmark/H12-8_W4-16/RUN01/operations.csv
H12-8_W4-16,12,8,4,16,JOINT,sign,88,4606000,4.606000000,,7075,64,6238,RPI5_Heterogeneous_XMSSMT_2026-09-18/09_joint_parameter_search/02_benchmark/H12-8_W4-16/RUN01/operations.csv
H12-8_W4-16,12,8,4,16,JOINT,verify,88,2180074,2.180074000,1,7075,64,6238,RPI5_Heterogeneous_XMSSMT_2026-09-18/09_joint_parameter_search/02_benchmark/H12-8_W4-16/RUN01/operations.csv
H12-8_W4-16,12,8,4,16,JOINT,sign,89,3287833,3.287833000,,7075,64,6238,RPI5_Heterogeneous_XMSSMT_2026-09-18/09_joint_parameter_search/02_benchmark/H12-8_W4-16/RUN01/operations.csv
H12-8_W4-16,12,8,4,16,JOINT,verify,89,2135185,2.135185000,1,7075,64,6238,RPI5_Heterogeneous_XMSSMT_2026-09-18/09_joint_parameter_search/02_benchmark/H12-8_W4-16/RUN01/operations.csv
H12-8_W4-16,12,8,4,16,JOINT,sign,90,3249833,3.249833000,,7075,64,6238,RPI5_Heterogeneous_XMSSMT_2026-09-18/09_joint_parameter_search/02_benchmark/H12-8_W4-16/RUN01/operations.csv
H12-8_W4-16,12,8,4,16,JOINT,verify,90,2164037,2.164037000,1,7075,64,6238,RPI5_Heterogeneous_XMSSMT_2026-09-18/09_joint_parameter_search/02_benchmark/H12-8_W4-16/RUN01/operations.csv
H12-8_W4-16,12,8,4,16,JOINT,sign,91,6012129,6.012129000,,7075,64,6238,RPI5_Heterogeneous_XMSSMT_2026-09-18/09_joint_parameter_search/02_benchmark/H12-8_W4-16/RUN01/operations.csv
H12-8_W4-16,12,8,4,16,JOINT,verify,91,2139908,2.139908000,1,7075,64,6238,RPI5_Heterogeneous_XMSSMT_2026-09-18/09_joint_parameter_search/02_benchmark/H12-8_W4-16/RUN01/operations.csv
H12-8_W4-16,12,8,4,16,JOINT,sign,92,3316297,3.316297000,,7075,64,6238,RPI5_Heterogeneous_XMSSMT_2026-09-18/09_joint_parameter_search/02_benchmark/H12-8_W4-16/RUN01/operations.csv
H12-8_W4-16,12,8,4,16,JOINT,verify,92,2101556,2.101556000,1,7075,64,6238,RPI5_Heterogeneous_XMSSMT_2026-09-18/09_joint_parameter_search/02_benchmark/H12-8_W4-16/RUN01/operations.csv
H12-8_W4-16,12,8,4,16,JOINT,sign,93,3234056,3.234056000,,7075,64,6238,RPI5_Heterogeneous_XMSSMT_2026-09-18/09_joint_parameter_search/02_benchmark/H12-8_W4-16/RUN01/operations.csv
H12-8_W4-16,12,8,4,16,JOINT,verify,93,2186092,2.186092000,1,7075,64,6238,RPI5_Heterogeneous_XMSSMT_2026-09-18/09_joint_parameter_search/02_benchmark/H12-8_W4-16/RUN01/operations.csv
H12-8_W4-16,12,8,4,16,JOINT,sign,94,3277352,3.277352000,,7075,64,6238,RPI5_Heterogeneous_XMSSMT_2026-09-18/09_joint_parameter_search/02_benchmark/H12-8_W4-16/RUN01/operations.csv
H12-8_W4-16,12,8,4,16,JOINT,verify,94,2140481,2.140481000,1,7075,64,6238,RPI5_Heterogeneous_XMSSMT_2026-09-18/09_joint_parameter_search/02_benchmark/H12-8_W4-16/RUN01/operations.csv
H12-8_W4-16,12,8,4,16,JOINT,sign,95,10067537,10.067537000,,7075,64,6238,RPI5_Heterogeneous_XMSSMT_2026-09-18/09_joint_parameter_search/02_benchmark/H12-8_W4-16/RUN01/operations.csv
H12-8_W4-16,12,8,4,16,JOINT,verify,95,2167277,2.167277000,1,7075,64,6238,RPI5_Heterogeneous_XMSSMT_2026-09-18/09_joint_parameter_search/02_benchmark/H12-8_W4-16/RUN01/operations.csv
H12-8_W4-16,12,8,4,16,JOINT,sign,96,11467833,11.467833000,,7075,64,6238,RPI5_Heterogeneous_XMSSMT_2026-09-18/09_joint_parameter_search/02_benchmark/H12-8_W4-16/RUN01/operations.csv
H12-8_W4-16,12,8,4,16,JOINT,verify,96,2243408,2.243408000,1,7075,64,6238,RPI5_Heterogeneous_XMSSMT_2026-09-18/09_joint_parameter_search/02_benchmark/H12-8_W4-16/RUN01/operations.csv
H12-8_W4-16,12,8,4,16,JOINT,sign,97,10093852,10.093852000,,7075,64,6238,RPI5_Heterogeneous_XMSSMT_2026-09-18/09_joint_parameter_search/02_benchmark/H12-8_W4-16/RUN01/operations.csv
H12-8_W4-16,12,8,4,16,JOINT,verify,97,2143185,2.143185000,1,7075,64,6238,RPI5_Heterogeneous_XMSSMT_2026-09-18/09_joint_parameter_search/02_benchmark/H12-8_W4-16/RUN01/operations.csv
H12-8_W4-16,12,8,4,16,JOINT,sign,98,11493870,11.493870000,,7075,64,6238,RPI5_Heterogeneous_XMSSMT_2026-09-18/09_joint_parameter_search/02_benchmark/H12-8_W4-16/RUN01/operations.csv
H12-8_W4-16,12,8,4,16,JOINT,verify,98,2169778,2.169778000,1,7075,64,6238,RPI5_Heterogeneous_XMSSMT_2026-09-18/09_joint_parameter_search/02_benchmark/H12-8_W4-16/RUN01/operations.csv
H12-8_W4-16,12,8,4,16,JOINT,sign,99,10045148,10.045148000,,7075,64,6238,RPI5_Heterogeneous_XMSSMT_2026-09-18/09_joint_parameter_search/02_benchmark/H12-8_W4-16/RUN01/operations.csv
H12-8_W4-16,12,8,4,16,JOINT,verify,99,2175852,2.175852000,1,7075,64,6238,RPI5_Heterogeneous_XMSSMT_2026-09-18/09_joint_parameter_search/02_benchmark/H12-8_W4-16/RUN01/operations.csv
H12-8_W16-4,12,8,16,4,JOINT,keygen,0,10093957327,10093.957327000,,7075,64,8350,RPI5_Heterogeneous_XMSSMT_2026-09-18/09_joint_parameter_search/02_benchmark/H12-8_W16-4/RUN01/operations.csv
H12-8_W16-4,12,8,16,4,JOINT,keygen,1,10095128753,10095.128753000,,7075,64,8350,RPI5_Heterogeneous_XMSSMT_2026-09-18/09_joint_parameter_search/02_benchmark/H12-8_W16-4/RUN01/operations.csv
H12-8_W16-4,12,8,16,4,JOINT,keygen,2,10096223494,10096.223494000,,7075,64,8350,RPI5_Heterogeneous_XMSSMT_2026-09-18/09_joint_parameter_search/02_benchmark/H12-8_W16-4/RUN01/operations.csv
H12-8_W16-4,12,8,16,4,JOINT,keygen,3,10102989457,10102.989457000,,7075,64,8350,RPI5_Heterogeneous_XMSSMT_2026-09-18/09_joint_parameter_search/02_benchmark/H12-8_W16-4/RUN01/operations.csv
H12-8_W16-4,12,8,16,4,JOINT,keygen,4,10100741068,10100.741068000,,7075,64,8350,RPI5_Heterogeneous_XMSSMT_2026-09-18/09_joint_parameter_search/02_benchmark/H12-8_W16-4/RUN01/operations.csv
H12-8_W16-4,12,8,16,4,JOINT,keygen,5,10102330679,10102.330679000,,7075,64,8350,RPI5_Heterogeneous_XMSSMT_2026-09-18/09_joint_parameter_search/02_benchmark/H12-8_W16-4/RUN01/operations.csv
H12-8_W16-4,12,8,16,4,JOINT,keygen,6,10103292160,10103.292160000,,7075,64,8350,RPI5_Heterogeneous_XMSSMT_2026-09-18/09_joint_parameter_search/02_benchmark/H12-8_W16-4/RUN01/operations.csv
H12-8_W16-4,12,8,16,4,JOINT,keygen,7,10102437438,10102.437438000,,7075,64,8350,RPI5_Heterogeneous_XMSSMT_2026-09-18/09_joint_parameter_search/02_benchmark/H12-8_W16-4/RUN01/operations.csv
H12-8_W16-4,12,8,16,4,JOINT,keygen,8,10102533753,10102.533753000,,7075,64,8350,RPI5_Heterogeneous_XMSSMT_2026-09-18/09_joint_parameter_search/02_benchmark/H12-8_W16-4/RUN01/operations.csv
H12-8_W16-4,12,8,16,4,JOINT,keygen,9,10102270438,10102.270438000,,7075,64,8350,RPI5_Heterogeneous_XMSSMT_2026-09-18/09_joint_parameter_search/02_benchmark/H12-8_W16-4/RUN01/operations.csv
H12-8_W16-4,12,8,16,4,JOINT,sign,0,5859685,5.859685000,,7075,64,8350,RPI5_Heterogeneous_XMSSMT_2026-09-18/09_joint_parameter_search/02_benchmark/H12-8_W16-4/RUN01/operations.csv
H12-8_W16-4,12,8,16,4,JOINT,verify,0,2196500,2.196500000,1,7075,64,8350,RPI5_Heterogeneous_XMSSMT_2026-09-18/09_joint_parameter_search/02_benchmark/H12-8_W16-4/RUN01/operations.csv
H12-8_W16-4,12,8,16,4,JOINT,sign,1,5956537,5.956537000,,7075,64,8350,RPI5_Heterogeneous_XMSSMT_2026-09-18/09_joint_parameter_search/02_benchmark/H12-8_W16-4/RUN01/operations.csv
H12-8_W16-4,12,8,16,4,JOINT,verify,1,2097129,2.097129000,1,7075,64,8350,RPI5_Heterogeneous_XMSSMT_2026-09-18/09_joint_parameter_search/02_benchmark/H12-8_W16-4/RUN01/operations.csv
H12-8_W16-4,12,8,16,4,JOINT,sign,2,5880148,5.880148000,,7075,64,8350,RPI5_Heterogeneous_XMSSMT_2026-09-18/09_joint_parameter_search/02_benchmark/H12-8_W16-4/RUN01/operations.csv
H12-8_W16-4,12,8,16,4,JOINT,verify,2,2158815,2.158815000,1,7075,64,8350,RPI5_Heterogeneous_XMSSMT_2026-09-18/09_joint_parameter_search/02_benchmark/H12-8_W16-4/RUN01/operations.csv
H12-8_W16-4,12,8,16,4,JOINT,sign,3,10699018,10.699018000,,7075,64,8350,RPI5_Heterogeneous_XMSSMT_2026-09-18/09_joint_parameter_search/02_benchmark/H12-8_W16-4/RUN01/operations.csv
H12-8_W16-4,12,8,16,4,JOINT,verify,3,2128667,2.128667000,1,7075,64,8350,RPI5_Heterogeneous_XMSSMT_2026-09-18/09_joint_parameter_search/02_benchmark/H12-8_W16-4/RUN01/operations.csv
H12-8_W16-4,12,8,16,4,JOINT,sign,4,5849852,5.849852000,,7075,64,8350,RPI5_Heterogeneous_XMSSMT_2026-09-18/09_joint_parameter_search/02_benchmark/H12-8_W16-4/RUN01/operations.csv
H12-8_W16-4,12,8,16,4,JOINT,verify,4,2190389,2.190389000,1,7075,64,8350,RPI5_Heterogeneous_XMSSMT_2026-09-18/09_joint_parameter_search/02_benchmark/H12-8_W16-4/RUN01/operations.csv
H12-8_W16-4,12,8,16,4,JOINT,sign,5,5951407,5.951407000,,7075,64,8350,RPI5_Heterogeneous_XMSSMT_2026-09-18/09_joint_parameter_search/02_benchmark/H12-8_W16-4/RUN01/operations.csv
H12-8_W16-4,12,8,16,4,JOINT,verify,5,2095889,2.095889000,1,7075,64,8350,RPI5_Heterogeneous_XMSSMT_2026-09-18/09_joint_parameter_search/02_benchmark/H12-8_W16-4/RUN01/operations.csv
H12-8_W16-4,12,8,16,4,JOINT,sign,6,5881055,5.881055000,,7075,64,8350,RPI5_Heterogeneous_XMSSMT_2026-09-18/09_joint_parameter_search/02_benchmark/H12-8_W16-4/RUN01/operations.csv
H12-8_W16-4,12,8,16,4,JOINT,verify,6,2159574,2.159574000,1,7075,64,8350,RPI5_Heterogeneous_XMSSMT_2026-09-18/09_joint_parameter_search/02_benchmark/H12-8_W16-4/RUN01/operations.csv
H12-8_W16-4,12,8,16,4,JOINT,sign,7,17867759,17.867759000,,7075,64,8350,RPI5_Heterogeneous_XMSSMT_2026-09-18/09_joint_parameter_search/02_benchmark/H12-8_W16-4/RUN01/operations.csv
H12-8_W16-4,12,8,16,4,JOINT,verify,7,2130445,2.130445000,1,7075,64,8350,RPI5_Heterogeneous_XMSSMT_2026-09-18/09_joint_parameter_search/02_benchmark/H12-8_W16-4/RUN01/operations.csv
H12-8_W16-4,12,8,16,4,JOINT,sign,8,8307296,8.307296000,,7075,64,8350,RPI5_Heterogeneous_XMSSMT_2026-09-18/09_joint_parameter_search/02_benchmark/H12-8_W16-4/RUN01/operations.csv
H12-8_W16-4,12,8,16,4,JOINT,verify,8,2127260,2.127260000,1,7075,64,8350,RPI5_Heterogeneous_XMSSMT_2026-09-18/09_joint_parameter_search/02_benchmark/H12-8_W16-4/RUN01/operations.csv
H12-8_W16-4,12,8,16,4,JOINT,sign,9,5861574,5.861574000,,7075,64,8350,RPI5_Heterogeneous_XMSSMT_2026-09-18/09_joint_parameter_search/02_benchmark/H12-8_W16-4/RUN01/operations.csv
H12-8_W16-4,12,8,16,4,JOINT,verify,9,2190629,2.190629000,1,7075,64,8350,RPI5_Heterogeneous_XMSSMT_2026-09-18/09_joint_parameter_search/02_benchmark/H12-8_W16-4/RUN01/operations.csv
H12-8_W16-4,12,8,16,4,JOINT,sign,10,5883426,5.883426000,,7075,64,8350,RPI5_Heterogeneous_XMSSMT_2026-09-18/09_joint_parameter_search/02_benchmark/H12-8_W16-4/RUN01/operations.csv
H12-8_W16-4,12,8,16,4,JOINT,verify,10,2155648,2.155648000,1,7075,64,8350,RPI5_Heterogeneous_XMSSMT_2026-09-18/09_joint_parameter_search/02_benchmark/H12-8_W16-4/RUN01/operations.csv
H12-8_W16-4,12,8,16,4,JOINT,sign,11,10713777,10.713777000,,7075,64,8350,RPI5_Heterogeneous_XMSSMT_2026-09-18/09_joint_parameter_search/02_benchmark/H12-8_W16-4/RUN01/operations.csv
H12-8_W16-4,12,8,16,4,JOINT,verify,11,2127055,2.127055000,1,7075,64,8350,RPI5_Heterogeneous_XMSSMT_2026-09-18/09_joint_parameter_search/02_benchmark/H12-8_W16-4/RUN01/operations.csv
H12-8_W16-4,12,8,16,4,JOINT,sign,12,5851204,5.851204000,,7075,64,8350,RPI5_Heterogeneous_XMSSMT_2026-09-18/09_joint_parameter_search/02_benchmark/H12-8_W16-4/RUN01/operations.csv
H12-8_W16-4,12,8,16,4,JOINT,verify,12,2197926,2.197926000,1,7075,64,8350,RPI5_Heterogeneous_XMSSMT_2026-09-18/09_joint_parameter_search/02_benchmark/H12-8_W16-4/RUN01/operations.csv
H12-8_W16-4,12,8,16,4,JOINT,sign,13,6017148,6.017148000,,7075,64,8350,RPI5_Heterogeneous_XMSSMT_2026-09-18/09_joint_parameter_search/02_benchmark/H12-8_W16-4/RUN01/operations.csv
H12-8_W16-4,12,8,16,4,JOINT,verify,13,2033259,2.033259000,1,7075,64,8350,RPI5_Heterogeneous_XMSSMT_2026-09-18/09_joint_parameter_search/02_benchmark/H12-8_W16-4/RUN01/operations.csv
H12-8_W16-4,12,8,16,4,JOINT,sign,14,5787870,5.787870000,,7075,64,8350,RPI5_Heterogeneous_XMSSMT_2026-09-18/09_joint_parameter_search/02_benchmark/H12-8_W16-4/RUN01/operations.csv
H12-8_W16-4,12,8,16,4,JOINT,verify,14,2258500,2.258500000,1,7075,64,8350,RPI5_Heterogeneous_XMSSMT_2026-09-18/09_joint_parameter_search/02_benchmark/H12-8_W16-4/RUN01/operations.csv
H12-8_W16-4,12,8,16,4,JOINT,sign,15,18058407,18.058407000,,7075,64,8350,RPI5_Heterogeneous_XMSSMT_2026-09-18/09_joint_parameter_search/02_benchmark/H12-8_W16-4/RUN01/operations.csv
H12-8_W16-4,12,8,16,4,JOINT,verify,15,1970371,1.970371000,1,7075,64,8350,RPI5_Heterogeneous_XMSSMT_2026-09-18/09_joint_parameter_search/02_benchmark/H12-8_W16-4/RUN01/operations.csv
H12-8_W16-4,12,8,16,4,JOINT,sign,16,20134982,20.134982000,,7075,64,8350,RPI5_Heterogeneous_XMSSMT_2026-09-18/09_joint_parameter_search/02_benchmark/H12-8_W16-4/RUN01/operations.csv
H12-8_W16-4,12,8,16,4,JOINT,verify,16,2256389,2.256389000,1,7075,64,8350,RPI5_Heterogeneous_XMSSMT_2026-09-18/09_joint_parameter_search/02_benchmark/H12-8_W16-4/RUN01/operations.csv
H12-8_W16-4,12,8,16,4,JOINT,sign,17,13234982,13.234982000,,7075,64,8350,RPI5_Heterogeneous_XMSSMT_2026-09-18/09_joint_parameter_search/02_benchmark/H12-8_W16-4/RUN01/operations.csv
H12-8_W16-4,12,8,16,4,JOINT,verify,17,2001352,2.001352000,1,7075,64,8350,RPI5_Heterogeneous_XMSSMT_2026-09-18/09_joint_parameter_search/02_benchmark/H12-8_W16-4/RUN01/operations.csv
H12-8_W16-4,12,8,16,4,JOINT,sign,18,6084018,6.084018000,,7075,64,8350,RPI5_Heterogeneous_XMSSMT_2026-09-18/09_joint_parameter_search/02_benchmark/H12-8_W16-4/RUN01/operations.csv
H12-8_W16-4,12,8,16,4,JOINT,verify,18,1968018,1.968018000,1,7075,64,8350,RPI5_Heterogeneous_XMSSMT_2026-09-18/09_joint_parameter_search/02_benchmark/H12-8_W16-4/RUN01/operations.csv
H12-8_W16-4,12,8,16,4,JOINT,sign,19,10746444,10.746444000,,7075,64,8350,RPI5_Heterogeneous_XMSSMT_2026-09-18/09_joint_parameter_search/02_benchmark/H12-8_W16-4/RUN01/operations.csv
H12-8_W16-4,12,8,16,4,JOINT,verify,19,2093741,2.093741000,1,7075,64,8350,RPI5_Heterogeneous_XMSSMT_2026-09-18/09_joint_parameter_search/02_benchmark/H12-8_W16-4/RUN01/operations.csv
H12-8_W16-4,12,8,16,4,JOINT,sign,20,5954519,5.954519000,,7075,64,8350,RPI5_Heterogeneous_XMSSMT_2026-09-18/09_joint_parameter_search/02_benchmark/H12-8_W16-4/RUN01/operations.csv
H12-8_W16-4,12,8,16,4,JOINT,verify,20,2094389,2.094389000,1,7075,64,8350,RPI5_Heterogeneous_XMSSMT_2026-09-18/09_joint_parameter_search/02_benchmark/H12-8_W16-4/RUN01/operations.csv
H12-8_W16-4,12,8,16,4,JOINT,sign,21,5865463,5.865463000,,7075,64,8350,RPI5_Heterogeneous_XMSSMT_2026-09-18/09_joint_parameter_search/02_benchmark/H12-8_W16-4/RUN01/operations.csv
H12-8_W16-4,12,8,16,4,JOINT,verify,21,2189741,2.189741000,1,7075,64,8350,RPI5_Heterogeneous_XMSSMT_2026-09-18/09_joint_parameter_search/02_benchmark/H12-8_W16-4/RUN01/operations.csv
H12-8_W16-4,12,8,16,4,JOINT,sign,22,5892815,5.892815000,,7075,64,8350,RPI5_Heterogeneous_XMSSMT_2026-09-18/09_joint_parameter_search/02_benchmark/H12-8_W16-4/RUN01/operations.csv
H12-8_W16-4,12,8,16,4,JOINT,verify,22,2157555,2.157555000,1,7075,64,8350,RPI5_Heterogeneous_XMSSMT_2026-09-18/09_joint_parameter_search/02_benchmark/H12-8_W16-4/RUN01/operations.csv
H12-8_W16-4,12,8,16,4,JOINT,sign,23,17820462,17.820462000,,7075,64,8350,RPI5_Heterogeneous_XMSSMT_2026-09-18/09_joint_parameter_search/02_benchmark/H12-8_W16-4/RUN01/operations.csv
H12-8_W16-4,12,8,16,4,JOINT,verify,23,2190241,2.190241000,1,7075,64,8350,RPI5_Heterogeneous_XMSSMT_2026-09-18/09_joint_parameter_search/02_benchmark/H12-8_W16-4/RUN01/operations.csv
H12-8_W16-4,12,8,16,4,JOINT,sign,24,8355648,8.355648000,,7075,64,8350,RPI5_Heterogeneous_XMSSMT_2026-09-18/09_joint_parameter_search/02_benchmark/H12-8_W16-4/RUN01/operations.csv
H12-8_W16-4,12,8,16,4,JOINT,verify,24,2095778,2.095778000,1,7075,64,8350,RPI5_Heterogeneous_XMSSMT_2026-09-18/09_joint_parameter_search/02_benchmark/H12-8_W16-4/RUN01/operations.csv
H12-8_W16-4,12,8,16,4,JOINT,sign,25,5867778,5.867778000,,7075,64,8350,RPI5_Heterogeneous_XMSSMT_2026-09-18/09_joint_parameter_search/02_benchmark/H12-8_W16-4/RUN01/operations.csv
H12-8_W16-4,12,8,16,4,JOINT,verify,25,2185796,2.185796000,1,7075,64,8350,RPI5_Heterogeneous_XMSSMT_2026-09-18/09_joint_parameter_search/02_benchmark/H12-8_W16-4/RUN01/operations.csv
H12-8_W16-4,12,8,16,4,JOINT,sign,26,5879704,5.879704000,,7075,64,8350,RPI5_Heterogeneous_XMSSMT_2026-09-18/09_joint_parameter_search/02_benchmark/H12-8_W16-4/RUN01/operations.csv
H12-8_W16-4,12,8,16,4,JOINT,verify,26,2158796,2.158796000,1,7075,64,8350,RPI5_Heterogeneous_XMSSMT_2026-09-18/09_joint_parameter_search/02_benchmark/H12-8_W16-4/RUN01/operations.csv
H12-8_W16-4,12,8,16,4,JOINT,sign,27,10564278,10.564278000,,7075,64,8350,RPI5_Heterogeneous_XMSSMT_2026-09-18/09_joint_parameter_search/02_benchmark/H12-8_W16-4/RUN01/operations.csv
H12-8_W16-4,12,8,16,4,JOINT,verify,27,2249130,2.249130000,1,7075,64,8350,RPI5_Heterogeneous_XMSSMT_2026-09-18/09_joint_parameter_search/02_benchmark/H12-8_W16-4/RUN01/operations.csv
H12-8_W16-4,12,8,16,4,JOINT,sign,28,5878000,5.878000000,,7075,64,8350,RPI5_Heterogeneous_XMSSMT_2026-09-18/09_joint_parameter_search/02_benchmark/H12-8_W16-4/RUN01/operations.csv
H12-8_W16-4,12,8,16,4,JOINT,verify,28,2153463,2.153463000,1,7075,64,8350,RPI5_Heterogeneous_XMSSMT_2026-09-18/09_joint_parameter_search/02_benchmark/H12-8_W16-4/RUN01/operations.csv
H12-8_W16-4,12,8,16,4,JOINT,sign,29,5981019,5.981019000,,7075,64,8350,RPI5_Heterogeneous_XMSSMT_2026-09-18/09_joint_parameter_search/02_benchmark/H12-8_W16-4/RUN01/operations.csv
H12-8_W16-4,12,8,16,4,JOINT,verify,29,2094167,2.094167000,1,7075,64,8350,RPI5_Heterogeneous_XMSSMT_2026-09-18/09_joint_parameter_search/02_benchmark/H12-8_W16-4/RUN01/operations.csv
H12-8_W16-4,12,8,16,4,JOINT,sign,30,5802574,5.802574000,,7075,64,8350,RPI5_Heterogeneous_XMSSMT_2026-09-18/09_joint_parameter_search/02_benchmark/H12-8_W16-4/RUN01/operations.csv
H12-8_W16-4,12,8,16,4,JOINT,verify,30,2254296,2.254296000,1,7075,64,8350,RPI5_Heterogeneous_XMSSMT_2026-09-18/09_joint_parameter_search/02_benchmark/H12-8_W16-4/RUN01/operations.csv
H12-8_W16-4,12,8,16,4,JOINT,sign,31,17815796,17.815796000,,7075,64,8350,RPI5_Heterogeneous_XMSSMT_2026-09-18/09_joint_parameter_search/02_benchmark/H12-8_W16-4/RUN01/operations.csv
H12-8_W16-4,12,8,16,4,JOINT,verify,31,2190686,2.190686000,1,7075,64,8350,RPI5_Heterogeneous_XMSSMT_2026-09-18/09_joint_parameter_search/02_benchmark/H12-8_W16-4/RUN01/operations.csv
H12-8_W16-4,12,8,16,4,JOINT,sign,32,20219871,20.219871000,,7075,64,8350,RPI5_Heterogeneous_XMSSMT_2026-09-18/09_joint_parameter_search/02_benchmark/H12-8_W16-4/RUN01/operations.csv
H12-8_W16-4,12,8,16,4,JOINT,verify,32,2160333,2.160333000,1,7075,64,8350,RPI5_Heterogeneous_XMSSMT_2026-09-18/09_joint_parameter_search/02_benchmark/H12-8_W16-4/RUN01/operations.csv
H12-8_W16-4,12,8,16,4,JOINT,sign,33,17854685,17.854685000,,7075,64,8350,RPI5_Heterogeneous_XMSSMT_2026-09-18/09_joint_parameter_search/02_benchmark/H12-8_W16-4/RUN01/operations.csv
H12-8_W16-4,12,8,16,4,JOINT,verify,33,2159686,2.159686000,1,7075,64,8350,RPI5_Heterogeneous_XMSSMT_2026-09-18/09_joint_parameter_search/02_benchmark/H12-8_W16-4/RUN01/operations.csv
H12-8_W16-4,12,8,16,4,JOINT,sign,34,20261926,20.261926000,,7075,64,8350,RPI5_Heterogeneous_XMSSMT_2026-09-18/09_joint_parameter_search/02_benchmark/H12-8_W16-4/RUN01/operations.csv
H12-8_W16-4,12,8,16,4,JOINT,verify,34,2128426,2.128426000,1,7075,64,8350,RPI5_Heterogeneous_XMSSMT_2026-09-18/09_joint_parameter_search/02_benchmark/H12-8_W16-4/RUN01/operations.csv
H12-8_W16-4,12,8,16,4,JOINT,sign,35,17891407,17.891407000,,7075,64,8350,RPI5_Heterogeneous_XMSSMT_2026-09-18/09_joint_parameter_search/02_benchmark/H12-8_W16-4/RUN01/operations.csv
H12-8_W16-4,12,8,16,4,JOINT,verify,35,2095130,2.095130000,1,7075,64,8350,RPI5_Heterogeneous_XMSSMT_2026-09-18/09_joint_parameter_search/02_benchmark/H12-8_W16-4/RUN01/operations.csv
H12-8_W16-4,12,8,16,4,JOINT,sign,36,17959241,17.959241000,,7075,64,8350,RPI5_Heterogeneous_XMSSMT_2026-09-18/09_joint_parameter_search/02_benchmark/H12-8_W16-4/RUN01/operations.csv
H12-8_W16-4,12,8,16,4,JOINT,verify,36,2030407,2.030407000,1,7075,64,8350,RPI5_Heterogeneous_XMSSMT_2026-09-18/09_joint_parameter_search/02_benchmark/H12-8_W16-4/RUN01/operations.csv
H12-8_W16-4,12,8,16,4,JOINT,sign,37,5858871,5.858871000,,7075,64,8350,RPI5_Heterogeneous_XMSSMT_2026-09-18/09_joint_parameter_search/02_benchmark/H12-8_W16-4/RUN01/operations.csv
H12-8_W16-4,12,8,16,4,JOINT,verify,37,2190648,2.190648000,1,7075,64,8350,RPI5_Heterogeneous_XMSSMT_2026-09-18/09_joint_parameter_search/02_benchmark/H12-8_W16-4/RUN01/operations.csv
H12-8_W16-4,12,8,16,4,JOINT,sign,38,5939611,5.939611000,,7075,64,8350,RPI5_Heterogeneous_XMSSMT_2026-09-18/09_joint_parameter_search/02_benchmark/H12-8_W16-4/RUN01/operations.csv
H12-8_W16-4,12,8,16,4,JOINT,verify,38,2094204,2.094204000,1,7075,64,8350,RPI5_Heterogeneous_XMSSMT_2026-09-18/09_joint_parameter_search/02_benchmark/H12-8_W16-4/RUN01/operations.csv
H12-8_W16-4,12,8,16,4,JOINT,sign,39,17800093,17.800093000,,7075,64,8350,RPI5_Heterogeneous_XMSSMT_2026-09-18/09_joint_parameter_search/02_benchmark/H12-8_W16-4/RUN01/operations.csv
H12-8_W16-4,12,8,16,4,JOINT,verify,39,2192111,2.192111000,1,7075,64,8350,RPI5_Heterogeneous_XMSSMT_2026-09-18/09_joint_parameter_search/02_benchmark/H12-8_W16-4/RUN01/operations.csv
H12-8_W16-4,12,8,16,4,JOINT,sign,40,8337148,8.337148000,,7075,64,8350,RPI5_Heterogeneous_XMSSMT_2026-09-18/09_joint_parameter_search/02_benchmark/H12-8_W16-4/RUN01/operations.csv
H12-8_W16-4,12,8,16,4,JOINT,verify,40,2092592,2.092592000,1,7075,64,8350,RPI5_Heterogeneous_XMSSMT_2026-09-18/09_joint_parameter_search/02_benchmark/H12-8_W16-4/RUN01/operations.csv
H12-8_W16-4,12,8,16,4,JOINT,sign,41,5900685,5.900685000,,7075,64,8350,RPI5_Heterogeneous_XMSSMT_2026-09-18/09_joint_parameter_search/02_benchmark/H12-8_W16-4/RUN01/operations.csv
H12-8_W16-4,12,8,16,4,JOINT,verify,41,2156093,2.156093000,1,7075,64,8350,RPI5_Heterogeneous_XMSSMT_2026-09-18/09_joint_parameter_search/02_benchmark/H12-8_W16-4/RUN01/operations.csv
H12-8_W16-4,12,8,16,4,JOINT,sign,42,5752907,5.752907000,,7075,64,8350,RPI5_Heterogeneous_XMSSMT_2026-09-18/09_joint_parameter_search/02_benchmark/H12-8_W16-4/RUN01/operations.csv
H12-8_W16-4,12,8,16,4,JOINT,verify,42,2282963,2.282963000,1,7075,64,8350,RPI5_Heterogeneous_XMSSMT_2026-09-18/09_joint_parameter_search/02_benchmark/H12-8_W16-4/RUN01/operations.csv
H12-8_W16-4,12,8,16,4,JOINT,sign,43,10665704,10.665704000,,7075,64,8350,RPI5_Heterogeneous_XMSSMT_2026-09-18/09_joint_parameter_search/02_benchmark/H12-8_W16-4/RUN01/operations.csv
H12-8_W16-4,12,8,16,4,JOINT,verify,43,2155963,2.155963000,1,7075,64,8350,RPI5_Heterogeneous_XMSSMT_2026-09-18/09_joint_parameter_search/02_benchmark/H12-8_W16-4/RUN01/operations.csv
H12-8_W16-4,12,8,16,4,JOINT,sign,44,5914185,5.914185000,,7075,64,8350,RPI5_Heterogeneous_XMSSMT_2026-09-18/09_joint_parameter_search/02_benchmark/H12-8_W16-4/RUN01/operations.csv
H12-8_W16-4,12,8,16,4,JOINT,verify,44,2123148,2.123148000,1,7075,64,8350,RPI5_Heterogeneous_XMSSMT_2026-09-18/09_joint_parameter_search/02_benchmark/H12-8_W16-4/RUN01/operations.csv
H12-8_W16-4,12,8,16,4,JOINT,sign,45,5772334,5.772334000,,7075,64,8350,RPI5_Heterogeneous_XMSSMT_2026-09-18/09_joint_parameter_search/02_benchmark/H12-8_W16-4/RUN01/operations.csv
H12-8_W16-4,12,8,16,4,JOINT,verify,45,2282889,2.282889000,1,7075,64,8350,RPI5_Heterogeneous_XMSSMT_2026-09-18/09_joint_parameter_search/02_benchmark/H12-8_W16-4/RUN01/operations.csv
H12-8_W16-4,12,8,16,4,JOINT,sign,46,5781481,5.781481000,,7075,64,8350,RPI5_Heterogeneous_XMSSMT_2026-09-18/09_joint_parameter_search/02_benchmark/H12-8_W16-4/RUN01/operations.csv
H12-8_W16-4,12,8,16,4,JOINT,verify,46,2249796,2.249796000,1,7075,64,8350,RPI5_Heterogeneous_XMSSMT_2026-09-18/09_joint_parameter_search/02_benchmark/H12-8_W16-4/RUN01/operations.csv
H12-8_W16-4,12,8,16,4,JOINT,sign,47,17668000,17.668000000,,7075,64,8350,RPI5_Heterogeneous_XMSSMT_2026-09-18/09_joint_parameter_search/02_benchmark/H12-8_W16-4/RUN01/operations.csv
H12-8_W16-4,12,8,16,4,JOINT,verify,47,2319130,2.319130000,1,7075,64,8350,RPI5_Heterogeneous_XMSSMT_2026-09-18/09_joint_parameter_search/02_benchmark/H12-8_W16-4/RUN01/operations.csv
H12-8_W16-4,12,8,16,4,JOINT,sign,48,20349685,20.349685000,,7075,64,8350,RPI5_Heterogeneous_XMSSMT_2026-09-18/09_joint_parameter_search/02_benchmark/H12-8_W16-4/RUN01/operations.csv
H12-8_W16-4,12,8,16,4,JOINT,verify,48,2101481,2.101481000,1,7075,64,8350,RPI5_Heterogeneous_XMSSMT_2026-09-18/09_joint_parameter_search/02_benchmark/H12-8_W16-4/RUN01/operations.csv
H12-8_W16-4,12,8,16,4,JOINT,sign,49,13100093,13.100093000,,7075,64,8350,RPI5_Heterogeneous_XMSSMT_2026-09-18/09_joint_parameter_search/02_benchmark/H12-8_W16-4/RUN01/operations.csv
H12-8_W16-4,12,8,16,4,JOINT,verify,49,2130092,2.130092000,1,7075,64,8350,RPI5_Heterogeneous_XMSSMT_2026-09-18/09_joint_parameter_search/02_benchmark/H12-8_W16-4/RUN01/operations.csv
H12-8_W16-4,12,8,16,4,JOINT,sign,50,5842852,5.842852000,,7075,64,8350,RPI5_Heterogeneous_XMSSMT_2026-09-18/09_joint_parameter_search/02_benchmark/H12-8_W16-4/RUN01/operations.csv
H12-8_W16-4,12,8,16,4,JOINT,verify,50,2189556,2.189556000,1,7075,64,8350,RPI5_Heterogeneous_XMSSMT_2026-09-18/09_joint_parameter_search/02_benchmark/H12-8_W16-4/RUN01/operations.csv
H12-8_W16-4,12,8,16,4,JOINT,sign,51,10674944,10.674944000,,7075,64,8350,RPI5_Heterogeneous_XMSSMT_2026-09-18/09_joint_parameter_search/02_benchmark/H12-8_W16-4/RUN01/operations.csv
H12-8_W16-4,12,8,16,4,JOINT,verify,51,2158556,2.158556000,1,7075,64,8350,RPI5_Heterogeneous_XMSSMT_2026-09-18/09_joint_parameter_search/02_benchmark/H12-8_W16-4/RUN01/operations.csv
H12-8_W16-4,12,8,16,4,JOINT,sign,52,5917500,5.917500000,,7075,64,8350,RPI5_Heterogeneous_XMSSMT_2026-09-18/09_joint_parameter_search/02_benchmark/H12-8_W16-4/RUN01/operations.csv
H12-8_W16-4,12,8,16,4,JOINT,verify,52,2126056,2.126056000,1,7075,64,8350,RPI5_Heterogeneous_XMSSMT_2026-09-18/09_joint_parameter_search/02_benchmark/H12-8_W16-4/RUN01/operations.csv
H12-8_W16-4,12,8,16,4,JOINT,sign,53,5732834,5.732834000,,7075,64,8350,RPI5_Heterogeneous_XMSSMT_2026-09-18/09_joint_parameter_search/02_benchmark/H12-8_W16-4/RUN01/operations.csv
H12-8_W16-4,12,8,16,4,JOINT,verify,53,2318648,2.318648000,1,7075,64,8350,RPI5_Heterogeneous_XMSSMT_2026-09-18/09_joint_parameter_search/02_benchmark/H12-8_W16-4/RUN01/operations.csv
H12-8_W16-4,12,8,16,4,JOINT,sign,54,5915630,5.915630000,,7075,64,8350,RPI5_Heterogeneous_XMSSMT_2026-09-18/09_joint_parameter_search/02_benchmark/H12-8_W16-4/RUN01/operations.csv
H12-8_W16-4,12,8,16,4,JOINT,verify,54,2127000,2.127000000,1,7075,64,8350,RPI5_Heterogeneous_XMSSMT_2026-09-18/09_joint_parameter_search/02_benchmark/H12-8_W16-4/RUN01/operations.csv
H12-8_W16-4,12,8,16,4,JOINT,sign,55,17822852,17.822852000,,7075,64,8350,RPI5_Heterogeneous_XMSSMT_2026-09-18/09_joint_parameter_search/02_benchmark/H12-8_W16-4/RUN01/operations.csv
H12-8_W16-4,12,8,16,4,JOINT,verify,55,2188777,2.188777000,1,7075,64,8350,RPI5_Heterogeneous_XMSSMT_2026-09-18/09_joint_parameter_search/02_benchmark/H12-8_W16-4/RUN01/operations.csv
H12-8_W16-4,12,8,16,4,JOINT,sign,56,8433463,8.433463000,,7075,64,8350,RPI5_Heterogeneous_XMSSMT_2026-09-18/09_joint_parameter_search/02_benchmark/H12-8_W16-4/RUN01/operations.csv
H12-8_W16-4,12,8,16,4,JOINT,verify,56,1997870,1.997870000,1,7075,64,8350,RPI5_Heterogeneous_XMSSMT_2026-09-18/09_joint_parameter_search/02_benchmark/H12-8_W16-4/RUN01/operations.csv
H12-8_W16-4,12,8,16,4,JOINT,sign,57,6013629,6.013629000,,7075,64,8350,RPI5_Heterogeneous_XMSSMT_2026-09-18/09_joint_parameter_search/02_benchmark/H12-8_W16-4/RUN01/operations.csv
H12-8_W16-4,12,8,16,4,JOINT,verify,57,2031723,2.031723000,1,7075,64,8350,RPI5_Heterogeneous_XMSSMT_2026-09-18/09_joint_parameter_search/02_benchmark/H12-8_W16-4/RUN01/operations.csv
H12-8_W16-4,12,8,16,4,JOINT,sign,58,5974167,5.974167000,,7075,64,8350,RPI5_Heterogeneous_XMSSMT_2026-09-18/09_joint_parameter_search/02_benchmark/H12-8_W16-4/RUN01/operations.csv
H12-8_W16-4,12,8,16,4,JOINT,verify,58,2060686,2.060686000,1,7075,64,8350,RPI5_Heterogeneous_XMSSMT_2026-09-18/09_joint_parameter_search/02_benchmark/H12-8_W16-4/RUN01/operations.csv
H12-8_W16-4,12,8,16,4,JOINT,sign,59,10727111,10.727111000,,7075,64,8350,RPI5_Heterogeneous_XMSSMT_2026-09-18/09_joint_parameter_search/02_benchmark/H12-8_W16-4/RUN01/operations.csv
H12-8_W16-4,12,8,16,4,JOINT,verify,59,2094963,2.094963000,1,7075,64,8350,RPI5_Heterogeneous_XMSSMT_2026-09-18/09_joint_parameter_search/02_benchmark/H12-8_W16-4/RUN01/operations.csv
H12-8_W16-4,12,8,16,4,JOINT,sign,60,5911518,5.911518000,,7075,64,8350,RPI5_Heterogeneous_XMSSMT_2026-09-18/09_joint_parameter_search/02_benchmark/H12-8_W16-4/RUN01/operations.csv
H12-8_W16-4,12,8,16,4,JOINT,verify,60,2125703,2.125703000,1,7075,64,8350,RPI5_Heterogeneous_XMSSMT_2026-09-18/09_joint_parameter_search/02_benchmark/H12-8_W16-4/RUN01/operations.csv
H12-8_W16-4,12,8,16,4,JOINT,sign,61,5884685,5.884685000,,7075,64,8350,RPI5_Heterogeneous_XMSSMT_2026-09-18/09_joint_parameter_search/02_benchmark/H12-8_W16-4/RUN01/operations.csv
H12-8_W16-4,12,8,16,4,JOINT,verify,61,2157148,2.157148000,1,7075,64,8350,RPI5_Heterogeneous_XMSSMT_2026-09-18/09_joint_parameter_search/02_benchmark/H12-8_W16-4/RUN01/operations.csv
H12-8_W16-4,12,8,16,4,JOINT,sign,62,5909482,5.909482000,,7075,64,8350,RPI5_Heterogeneous_XMSSMT_2026-09-18/09_joint_parameter_search/02_benchmark/H12-8_W16-4/RUN01/operations.csv
H12-8_W16-4,12,8,16,4,JOINT,verify,62,2125944,2.125944000,1,7075,64,8350,RPI5_Heterogeneous_XMSSMT_2026-09-18/09_joint_parameter_search/02_benchmark/H12-8_W16-4/RUN01/operations.csv
H12-8_W16-4,12,8,16,4,JOINT,sign,63,17843926,17.843926000,,7075,64,8350,RPI5_Heterogeneous_XMSSMT_2026-09-18/09_joint_parameter_search/02_benchmark/H12-8_W16-4/RUN01/operations.csv
H12-8_W16-4,12,8,16,4,JOINT,verify,63,2158445,2.158445000,1,7075,64,8350,RPI5_Heterogeneous_XMSSMT_2026-09-18/09_joint_parameter_search/02_benchmark/H12-8_W16-4/RUN01/operations.csv
H12-8_W16-4,12,8,16,4,JOINT,sign,64,20121444,20.121444000,,7075,64,8350,RPI5_Heterogeneous_XMSSMT_2026-09-18/09_joint_parameter_search/02_benchmark/H12-8_W16-4/RUN01/operations.csv
H12-8_W16-4,12,8,16,4,JOINT,verify,64,2253796,2.253796000,1,7075,64,8350,RPI5_Heterogeneous_XMSSMT_2026-09-18/09_joint_parameter_search/02_benchmark/H12-8_W16-4/RUN01/operations.csv
H12-8_W16-4,12,8,16,4,JOINT,sign,65,17836315,17.836315000,,7075,64,8350,RPI5_Heterogeneous_XMSSMT_2026-09-18/09_joint_parameter_search/02_benchmark/H12-8_W16-4/RUN01/operations.csv
H12-8_W16-4,12,8,16,4,JOINT,verify,65,2193055,2.193055000,1,7075,64,8350,RPI5_Heterogeneous_XMSSMT_2026-09-18/09_joint_parameter_search/02_benchmark/H12-8_W16-4/RUN01/operations.csv
H12-8_W16-4,12,8,16,4,JOINT,sign,66,20311944,20.311944000,,7075,64,8350,RPI5_Heterogeneous_XMSSMT_2026-09-18/09_joint_parameter_search/02_benchmark/H12-8_W16-4/RUN01/operations.csv
H12-8_W16-4,12,8,16,4,JOINT,verify,66,2060630,2.060630000,1,7075,64,8350,RPI5_Heterogeneous_XMSSMT_2026-09-18/09_joint_parameter_search/02_benchmark/H12-8_W16-4/RUN01/operations.csv
H12-8_W16-4,12,8,16,4,JOINT,sign,67,17925704,17.925704000,,7075,64,8350,RPI5_Heterogeneous_XMSSMT_2026-09-18/09_joint_parameter_search/02_benchmark/H12-8_W16-4/RUN01/operations.csv
H12-8_W16-4,12,8,16,4,JOINT,verify,67,2061260,2.061260000,1,7075,64,8350,RPI5_Heterogeneous_XMSSMT_2026-09-18/09_joint_parameter_search/02_benchmark/H12-8_W16-4/RUN01/operations.csv
H12-8_W16-4,12,8,16,4,JOINT,sign,68,20378463,20.378463000,,7075,64,8350,RPI5_Heterogeneous_XMSSMT_2026-09-18/09_joint_parameter_search/02_benchmark/H12-8_W16-4/RUN01/operations.csv
H12-8_W16-4,12,8,16,4,JOINT,verify,68,1999740,1.999740000,1,7075,64,8350,RPI5_Heterogeneous_XMSSMT_2026-09-18/09_joint_parameter_search/02_benchmark/H12-8_W16-4/RUN01/operations.csv
H12-8_W16-4,12,8,16,4,JOINT,sign,69,17906463,17.906463000,,7075,64,8350,RPI5_Heterogeneous_XMSSMT_2026-09-18/09_joint_parameter_search/02_benchmark/H12-8_W16-4/RUN01/operations.csv
H12-8_W16-4,12,8,16,4,JOINT,verify,69,2095297,2.095297000,1,7075,64,8350,RPI5_Heterogeneous_XMSSMT_2026-09-18/09_joint_parameter_search/02_benchmark/H12-8_W16-4/RUN01/operations.csv
H12-8_W16-4,12,8,16,4,JOINT,sign,70,20351018,20.351018000,,7075,64,8350,RPI5_Heterogeneous_XMSSMT_2026-09-18/09_joint_parameter_search/02_benchmark/H12-8_W16-4/RUN01/operations.csv
H12-8_W16-4,12,8,16,4,JOINT,verify,70,2061537,2.061537000,1,7075,64,8350,RPI5_Heterogeneous_XMSSMT_2026-09-18/09_joint_parameter_search/02_benchmark/H12-8_W16-4/RUN01/operations.csv
H12-8_W16-4,12,8,16,4,JOINT,sign,71,17804222,17.804222000,,7075,64,8350,RPI5_Heterogeneous_XMSSMT_2026-09-18/09_joint_parameter_search/02_benchmark/H12-8_W16-4/RUN01/operations.csv
H12-8_W16-4,12,8,16,4,JOINT,verify,71,2191888,2.191888000,1,7075,64,8350,RPI5_Heterogeneous_XMSSMT_2026-09-18/09_joint_parameter_search/02_benchmark/H12-8_W16-4/RUN01/operations.csv
H12-8_W16-4,12,8,16,4,JOINT,sign,72,20210871,20.210871000,,7075,64,8350,RPI5_Heterogeneous_XMSSMT_2026-09-18/09_joint_parameter_search/02_benchmark/H12-8_W16-4/RUN01/operations.csv
H12-8_W16-4,12,8,16,4,JOINT,verify,72,2161352,2.161352000,1,7075,64,8350,RPI5_Heterogeneous_XMSSMT_2026-09-18/09_joint_parameter_search/02_benchmark/H12-8_W16-4/RUN01/operations.csv
H12-8_W16-4,12,8,16,4,JOINT,sign,73,17935463,17.935463000,,7075,64,8350,RPI5_Heterogeneous_XMSSMT_2026-09-18/09_joint_parameter_search/02_benchmark/H12-8_W16-4/RUN01/operations.csv
H12-8_W16-4,12,8,16,4,JOINT,verify,73,2062908,2.062908000,1,7075,64,8350,RPI5_Heterogeneous_XMSSMT_2026-09-18/09_joint_parameter_search/02_benchmark/H12-8_W16-4/RUN01/operations.csv
H12-8_W16-4,12,8,16,4,JOINT,sign,74,20212629,20.212629000,,7075,64,8350,RPI5_Heterogeneous_XMSSMT_2026-09-18/09_joint_parameter_search/02_benchmark/H12-8_W16-4/RUN01/operations.csv
H12-8_W16-4,12,8,16,4,JOINT,verify,74,2191167,2.191167000,1,7075,64,8350,RPI5_Heterogeneous_XMSSMT_2026-09-18/09_joint_parameter_search/02_benchmark/H12-8_W16-4/RUN01/operations.csv
H12-8_W16-4,12,8,16,4,JOINT,sign,75,17789611,17.789611000,,7075,64,8350,RPI5_Heterogeneous_XMSSMT_2026-09-18/09_joint_parameter_search/02_benchmark/H12-8_W16-4/RUN01/operations.csv
H12-8_W16-4,12,8,16,4,JOINT,verify,75,2190075,2.190075000,1,7075,64,8350,RPI5_Heterogeneous_XMSSMT_2026-09-18/09_joint_parameter_search/02_benchmark/H12-8_W16-4/RUN01/operations.csv
H12-8_W16-4,12,8,16,4,JOINT,sign,76,8278704,8.278704000,,7075,64,8350,RPI5_Heterogeneous_XMSSMT_2026-09-18/09_joint_parameter_search/02_benchmark/H12-8_W16-4/RUN01/operations.csv
H12-8_W16-4,12,8,16,4,JOINT,verify,76,2154315,2.154315000,1,7075,64,8350,RPI5_Heterogeneous_XMSSMT_2026-09-18/09_joint_parameter_search/02_benchmark/H12-8_W16-4/RUN01/operations.csv
H12-8_W16-4,12,8,16,4,JOINT,sign,77,5984277,5.984277000,,7075,64,8350,RPI5_Heterogeneous_XMSSMT_2026-09-18/09_joint_parameter_search/02_benchmark/H12-8_W16-4/RUN01/operations.csv
H12-8_W16-4,12,8,16,4,JOINT,verify,77,2059296,2.059296000,1,7075,64,8350,RPI5_Heterogeneous_XMSSMT_2026-09-18/09_joint_parameter_search/02_benchmark/H12-8_W16-4/RUN01/operations.csv
H12-8_W16-4,12,8,16,4,JOINT,sign,78,5783259,5.783259000,,7075,64,8350,RPI5_Heterogeneous_XMSSMT_2026-09-18/09_joint_parameter_search/02_benchmark/H12-8_W16-4/RUN01/operations.csv
H12-8_W16-4,12,8,16,4,JOINT,verify,78,2249648,2.249648000,1,7075,64,8350,RPI5_Heterogeneous_XMSSMT_2026-09-18/09_joint_parameter_search/02_benchmark/H12-8_W16-4/RUN01/operations.csv
H12-8_W16-4,12,8,16,4,JOINT,sign,79,17850815,17.850815000,,7075,64,8350,RPI5_Heterogeneous_XMSSMT_2026-09-18/09_joint_parameter_search/02_benchmark/H12-8_W16-4/RUN01/operations.csv
H12-8_W16-4,12,8,16,4,JOINT,verify,79,2155981,2.155981000,1,7075,64,8350,RPI5_Heterogeneous_XMSSMT_2026-09-18/09_joint_parameter_search/02_benchmark/H12-8_W16-4/RUN01/operations.csv
H12-8_W16-4,12,8,16,4,JOINT,sign,80,20346500,20.346500000,,7075,64,8350,RPI5_Heterogeneous_XMSSMT_2026-09-18/09_joint_parameter_search/02_benchmark/H12-8_W16-4/RUN01/operations.csv
H12-8_W16-4,12,8,16,4,JOINT,verify,80,2033796,2.033796000,1,7075,64,8350,RPI5_Heterogeneous_XMSSMT_2026-09-18/09_joint_parameter_search/02_benchmark/H12-8_W16-4/RUN01/operations.csv
H12-8_W16-4,12,8,16,4,JOINT,sign,81,13041723,13.041723000,,7075,64,8350,RPI5_Heterogeneous_XMSSMT_2026-09-18/09_joint_parameter_search/02_benchmark/H12-8_W16-4/RUN01/operations.csv
H12-8_W16-4,12,8,16,4,JOINT,verify,81,2190334,2.190334000,1,7075,64,8350,RPI5_Heterogeneous_XMSSMT_2026-09-18/09_joint_parameter_search/02_benchmark/H12-8_W16-4/RUN01/operations.csv
H12-8_W16-4,12,8,16,4,JOINT,sign,82,5973241,5.973241000,,7075,64,8350,RPI5_Heterogeneous_XMSSMT_2026-09-18/09_joint_parameter_search/02_benchmark/H12-8_W16-4/RUN01/operations.csv
H12-8_W16-4,12,8,16,4,JOINT,verify,82,2065093,2.065093000,1,7075,64,8350,RPI5_Heterogeneous_XMSSMT_2026-09-18/09_joint_parameter_search/02_benchmark/H12-8_W16-4/RUN01/operations.csv
H12-8_W16-4,12,8,16,4,JOINT,sign,83,10771908,10.771908000,,7075,64,8350,RPI5_Heterogeneous_XMSSMT_2026-09-18/09_joint_parameter_search/02_benchmark/H12-8_W16-4/RUN01/operations.csv
H12-8_W16-4,12,8,16,4,JOINT,verify,83,2066648,2.066648000,1,7075,64,8350,RPI5_Heterogeneous_XMSSMT_2026-09-18/09_joint_parameter_search/02_benchmark/H12-8_W16-4/RUN01/operations.csv
H12-8_W16-4,12,8,16,4,JOINT,sign,84,5724871,5.724871000,,7075,64,8350,RPI5_Heterogeneous_XMSSMT_2026-09-18/09_joint_parameter_search/02_benchmark/H12-8_W16-4/RUN01/operations.csv
H12-8_W16-4,12,8,16,4,JOINT,verify,84,2321519,2.321519000,1,7075,64,8350,RPI5_Heterogeneous_XMSSMT_2026-09-18/09_joint_parameter_search/02_benchmark/H12-8_W16-4/RUN01/operations.csv
H12-8_W16-4,12,8,16,4,JOINT,sign,85,5890778,5.890778000,,7075,64,8350,RPI5_Heterogeneous_XMSSMT_2026-09-18/09_joint_parameter_search/02_benchmark/H12-8_W16-4/RUN01/operations.csv
H12-8_W16-4,12,8,16,4,JOINT,verify,85,2158074,2.158074000,1,7075,64,8350,RPI5_Heterogeneous_XMSSMT_2026-09-18/09_joint_parameter_search/02_benchmark/H12-8_W16-4/RUN01/operations.csv
H12-8_W16-4,12,8,16,4,JOINT,sign,86,6004315,6.004315000,,7075,64,8350,RPI5_Heterogeneous_XMSSMT_2026-09-18/09_joint_parameter_search/02_benchmark/H12-8_W16-4/RUN01/operations.csv
H12-8_W16-4,12,8,16,4,JOINT,verify,86,2031315,2.031315000,1,7075,64,8350,RPI5_Heterogeneous_XMSSMT_2026-09-18/09_joint_parameter_search/02_benchmark/H12-8_W16-4/RUN01/operations.csv
H12-8_W16-4,12,8,16,4,JOINT,sign,87,17707259,17.707259000,,7075,64,8350,RPI5_Heterogeneous_XMSSMT_2026-09-18/09_joint_parameter_search/02_benchmark/H12-8_W16-4/RUN01/operations.csv
H12-8_W16-4,12,8,16,4,JOINT,verify,87,2286389,2.286389000,1,7075,64,8350,RPI5_Heterogeneous_XMSSMT_2026-09-18/09_joint_parameter_search/02_benchmark/H12-8_W16-4/RUN01/operations.csv
H12-8_W16-4,12,8,16,4,JOINT,sign,88,8269796,8.269796000,,7075,64,8350,RPI5_Heterogeneous_XMSSMT_2026-09-18/09_joint_parameter_search/02_benchmark/H12-8_W16-4/RUN01/operations.csv
H12-8_W16-4,12,8,16,4,JOINT,verify,88,2157352,2.157352000,1,7075,64,8350,RPI5_Heterogeneous_XMSSMT_2026-09-18/09_joint_parameter_search/02_benchmark/H12-8_W16-4/RUN01/operations.csv
H12-8_W16-4,12,8,16,4,JOINT,sign,89,5961963,5.961963000,,7075,64,8350,RPI5_Heterogeneous_XMSSMT_2026-09-18/09_joint_parameter_search/02_benchmark/H12-8_W16-4/RUN01/operations.csv
H12-8_W16-4,12,8,16,4,JOINT,verify,89,2092333,2.092333000,1,7075,64,8350,RPI5_Heterogeneous_XMSSMT_2026-09-18/09_joint_parameter_search/02_benchmark/H12-8_W16-4/RUN01/operations.csv
H12-8_W16-4,12,8,16,4,JOINT,sign,90,5940907,5.940907000,,7075,64,8350,RPI5_Heterogeneous_XMSSMT_2026-09-18/09_joint_parameter_search/02_benchmark/H12-8_W16-4/RUN01/operations.csv
H12-8_W16-4,12,8,16,4,JOINT,verify,90,2096315,2.096315000,1,7075,64,8350,RPI5_Heterogeneous_XMSSMT_2026-09-18/09_joint_parameter_search/02_benchmark/H12-8_W16-4/RUN01/operations.csv
H12-8_W16-4,12,8,16,4,JOINT,sign,91,10671204,10.671204000,,7075,64,8350,RPI5_Heterogeneous_XMSSMT_2026-09-18/09_joint_parameter_search/02_benchmark/H12-8_W16-4/RUN01/operations.csv
H12-8_W16-4,12,8,16,4,JOINT,verify,91,2158259,2.158259000,1,7075,64,8350,RPI5_Heterogeneous_XMSSMT_2026-09-18/09_joint_parameter_search/02_benchmark/H12-8_W16-4/RUN01/operations.csv
H12-8_W16-4,12,8,16,4,JOINT,sign,92,5943389,5.943389000,,7075,64,8350,RPI5_Heterogeneous_XMSSMT_2026-09-18/09_joint_parameter_search/02_benchmark/H12-8_W16-4/RUN01/operations.csv
H12-8_W16-4,12,8,16,4,JOINT,verify,92,2095945,2.095945000,1,7075,64,8350,RPI5_Heterogeneous_XMSSMT_2026-09-18/09_joint_parameter_search/02_benchmark/H12-8_W16-4/RUN01/operations.csv
H12-8_W16-4,12,8,16,4,JOINT,sign,93,5889778,5.889778000,,7075,64,8350,RPI5_Heterogeneous_XMSSMT_2026-09-18/09_joint_parameter_search/02_benchmark/H12-8_W16-4/RUN01/operations.csv
H12-8_W16-4,12,8,16,4,JOINT,verify,93,2158556,2.158556000,1,7075,64,8350,RPI5_Heterogeneous_XMSSMT_2026-09-18/09_joint_parameter_search/02_benchmark/H12-8_W16-4/RUN01/operations.csv
H12-8_W16-4,12,8,16,4,JOINT,sign,94,5686204,5.686204000,,7075,64,8350,RPI5_Heterogeneous_XMSSMT_2026-09-18/09_joint_parameter_search/02_benchmark/H12-8_W16-4/RUN01/operations.csv
H12-8_W16-4,12,8,16,4,JOINT,verify,94,2354537,2.354537000,1,7075,64,8350,RPI5_Heterogeneous_XMSSMT_2026-09-18/09_joint_parameter_search/02_benchmark/H12-8_W16-4/RUN01/operations.csv
H12-8_W16-4,12,8,16,4,JOINT,sign,95,17973129,17.973129000,,7075,64,8350,RPI5_Heterogeneous_XMSSMT_2026-09-18/09_joint_parameter_search/02_benchmark/H12-8_W16-4/RUN01/operations.csv
H12-8_W16-4,12,8,16,4,JOINT,verify,95,2030482,2.030482000,1,7075,64,8350,RPI5_Heterogeneous_XMSSMT_2026-09-18/09_joint_parameter_search/02_benchmark/H12-8_W16-4/RUN01/operations.csv
H12-8_W16-4,12,8,16,4,JOINT,sign,96,20104889,20.104889000,,7075,64,8350,RPI5_Heterogeneous_XMSSMT_2026-09-18/09_joint_parameter_search/02_benchmark/H12-8_W16-4/RUN01/operations.csv
H12-8_W16-4,12,8,16,4,JOINT,verify,96,2250667,2.250667000,1,7075,64,8350,RPI5_Heterogeneous_XMSSMT_2026-09-18/09_joint_parameter_search/02_benchmark/H12-8_W16-4/RUN01/operations.csv
H12-8_W16-4,12,8,16,4,JOINT,sign,97,17867889,17.867889000,,7075,64,8350,RPI5_Heterogeneous_XMSSMT_2026-09-18/09_joint_parameter_search/02_benchmark/H12-8_W16-4/RUN01/operations.csv
H12-8_W16-4,12,8,16,4,JOINT,verify,97,2123703,2.123703000,1,7075,64,8350,RPI5_Heterogeneous_XMSSMT_2026-09-18/09_joint_parameter_search/02_benchmark/H12-8_W16-4/RUN01/operations.csv
H12-8_W16-4,12,8,16,4,JOINT,sign,98,20085685,20.085685000,,7075,64,8350,RPI5_Heterogeneous_XMSSMT_2026-09-18/09_joint_parameter_search/02_benchmark/H12-8_W16-4/RUN01/operations.csv
H12-8_W16-4,12,8,16,4,JOINT,verify,98,2290463,2.290463000,1,7075,64,8350,RPI5_Heterogeneous_XMSSMT_2026-09-18/09_joint_parameter_search/02_benchmark/H12-8_W16-4/RUN01/operations.csv
H12-8_W16-4,12,8,16,4,JOINT,sign,99,17798463,17.798463000,,7075,64,8350,RPI5_Heterogeneous_XMSSMT_2026-09-18/09_joint_parameter_search/02_benchmark/H12-8_W16-4/RUN01/operations.csv
H12-8_W16-4,12,8,16,4,JOINT,verify,99,2190629,2.190629000,1,7075,64,8350,RPI5_Heterogeneous_XMSSMT_2026-09-18/09_joint_parameter_search/02_benchmark/H12-8_W16-4/RUN01/operations.csv
H12-8_W4-4,12,8,4,4,JOINT,keygen,0,5826397645,5826.397645000,,9187,64,8350,RPI5_Heterogeneous_XMSSMT_2026-09-18/09_joint_parameter_search/02_benchmark/H12-8_W4-4/RUN01/operations.csv
H12-8_W4-4,12,8,4,4,JOINT,keygen,1,5825681052,5825.681052000,,9187,64,8350,RPI5_Heterogeneous_XMSSMT_2026-09-18/09_joint_parameter_search/02_benchmark/H12-8_W4-4/RUN01/operations.csv
H12-8_W4-4,12,8,4,4,JOINT,keygen,2,5825483756,5825.483756000,,9187,64,8350,RPI5_Heterogeneous_XMSSMT_2026-09-18/09_joint_parameter_search/02_benchmark/H12-8_W4-4/RUN01/operations.csv
H12-8_W4-4,12,8,4,4,JOINT,keygen,3,5826136608,5826.136608000,,9187,64,8350,RPI5_Heterogeneous_XMSSMT_2026-09-18/09_joint_parameter_search/02_benchmark/H12-8_W4-4/RUN01/operations.csv
H12-8_W4-4,12,8,4,4,JOINT,keygen,4,5825766070,5825.766070000,,9187,64,8350,RPI5_Heterogeneous_XMSSMT_2026-09-18/09_joint_parameter_search/02_benchmark/H12-8_W4-4/RUN01/operations.csv
H12-8_W4-4,12,8,4,4,JOINT,keygen,5,5826340497,5826.340497000,,9187,64,8350,RPI5_Heterogeneous_XMSSMT_2026-09-18/09_joint_parameter_search/02_benchmark/H12-8_W4-4/RUN01/operations.csv
H12-8_W4-4,12,8,4,4,JOINT,keygen,6,5826057534,5826.057534000,,9187,64,8350,RPI5_Heterogeneous_XMSSMT_2026-09-18/09_joint_parameter_search/02_benchmark/H12-8_W4-4/RUN01/operations.csv
H12-8_W4-4,12,8,4,4,JOINT,keygen,7,5826567052,5826.567052000,,9187,64,8350,RPI5_Heterogeneous_XMSSMT_2026-09-18/09_joint_parameter_search/02_benchmark/H12-8_W4-4/RUN01/operations.csv
H12-8_W4-4,12,8,4,4,JOINT,keygen,8,5829231126,5829.231126000,,9187,64,8350,RPI5_Heterogeneous_XMSSMT_2026-09-18/09_joint_parameter_search/02_benchmark/H12-8_W4-4/RUN01/operations.csv
H12-8_W4-4,12,8,4,4,JOINT,keygen,9,5833402811,5833.402811000,,9187,64,8350,RPI5_Heterogeneous_XMSSMT_2026-09-18/09_joint_parameter_search/02_benchmark/H12-8_W4-4/RUN01/operations.csv
H12-8_W4-4,12,8,4,4,JOINT,sign,0,3268037,3.268037000,,9187,64,8350,RPI5_Heterogeneous_XMSSMT_2026-09-18/09_joint_parameter_search/02_benchmark/H12-8_W4-4/RUN01/operations.csv
H12-8_W4-4,12,8,4,4,JOINT,verify,0,1651889,1.651889000,1,9187,64,8350,RPI5_Heterogeneous_XMSSMT_2026-09-18/09_joint_parameter_search/02_benchmark/H12-8_W4-4/RUN01/operations.csv
H12-8_W4-4,12,8,4,4,JOINT,sign,1,3228129,3.228129000,,9187,64,8350,RPI5_Heterogeneous_XMSSMT_2026-09-18/09_joint_parameter_search/02_benchmark/H12-8_W4-4/RUN01/operations.csv
H12-8_W4-4,12,8,4,4,JOINT,verify,1,1677092,1.677092000,1,9187,64,8350,RPI5_Heterogeneous_XMSSMT_2026-09-18/09_joint_parameter_search/02_benchmark/H12-8_W4-4/RUN01/operations.csv
H12-8_W4-4,12,8,4,4,JOINT,sign,2,3160148,3.160148000,,9187,64,8350,RPI5_Heterogeneous_XMSSMT_2026-09-18/09_joint_parameter_search/02_benchmark/H12-8_W4-4/RUN01/operations.csv
H12-8_W4-4,12,8,4,4,JOINT,verify,2,1734907,1.734907000,1,9187,64,8350,RPI5_Heterogeneous_XMSSMT_2026-09-18/09_joint_parameter_search/02_benchmark/H12-8_W4-4/RUN01/operations.csv
H12-8_W4-4,12,8,4,4,JOINT,sign,3,5893426,5.893426000,,9187,64,8350,RPI5_Heterogeneous_XMSSMT_2026-09-18/09_joint_parameter_search/02_benchmark/H12-8_W4-4/RUN01/operations.csv
H12-8_W4-4,12,8,4,4,JOINT,verify,3,1685667,1.685667000,1,9187,64,8350,RPI5_Heterogeneous_XMSSMT_2026-09-18/09_joint_parameter_search/02_benchmark/H12-8_W4-4/RUN01/operations.csv
H12-8_W4-4,12,8,4,4,JOINT,sign,4,3210574,3.210574000,,9187,64,8350,RPI5_Heterogeneous_XMSSMT_2026-09-18/09_joint_parameter_search/02_benchmark/H12-8_W4-4/RUN01/operations.csv
H12-8_W4-4,12,8,4,4,JOINT,verify,4,1687611,1.687611000,1,9187,64,8350,RPI5_Heterogeneous_XMSSMT_2026-09-18/09_joint_parameter_search/02_benchmark/H12-8_W4-4/RUN01/operations.csv
H12-8_W4-4,12,8,4,4,JOINT,sign,5,3221111,3.221111000,,9187,64,8350,RPI5_Heterogeneous_XMSSMT_2026-09-18/09_joint_parameter_search/02_benchmark/H12-8_W4-4/RUN01/operations.csv
H12-8_W4-4,12,8,4,4,JOINT,verify,5,1685833,1.685833000,1,9187,64,8350,RPI5_Heterogeneous_XMSSMT_2026-09-18/09_joint_parameter_search/02_benchmark/H12-8_W4-4/RUN01/operations.csv
H12-8_W4-4,12,8,4,4,JOINT,sign,6,3191648,3.191648000,,9187,64,8350,RPI5_Heterogeneous_XMSSMT_2026-09-18/09_joint_parameter_search/02_benchmark/H12-8_W4-4/RUN01/operations.csv
H12-8_W4-4,12,8,4,4,JOINT,verify,6,1703611,1.703611000,1,9187,64,8350,RPI5_Heterogeneous_XMSSMT_2026-09-18/09_joint_parameter_search/02_benchmark/H12-8_W4-4/RUN01/operations.csv
H12-8_W4-4,12,8,4,4,JOINT,sign,7,9959500,9.959500000,,9187,64,8350,RPI5_Heterogeneous_XMSSMT_2026-09-18/09_joint_parameter_search/02_benchmark/H12-8_W4-4/RUN01/operations.csv
H12-8_W4-4,12,8,4,4,JOINT,verify,7,1640741,1.640741000,1,9187,64,8350,RPI5_Heterogeneous_XMSSMT_2026-09-18/09_joint_parameter_search/02_benchmark/H12-8_W4-4/RUN01/operations.csv
H12-8_W4-4,12,8,4,4,JOINT,sign,8,4523871,4.523871000,,9187,64,8350,RPI5_Heterogeneous_XMSSMT_2026-09-18/09_joint_parameter_search/02_benchmark/H12-8_W4-4/RUN01/operations.csv
H12-8_W4-4,12,8,4,4,JOINT,verify,8,1717834,1.717834000,1,9187,64,8350,RPI5_Heterogeneous_XMSSMT_2026-09-18/09_joint_parameter_search/02_benchmark/H12-8_W4-4/RUN01/operations.csv
H12-8_W4-4,12,8,4,4,JOINT,sign,9,3154889,3.154889000,,9187,64,8350,RPI5_Heterogeneous_XMSSMT_2026-09-18/09_joint_parameter_search/02_benchmark/H12-8_W4-4/RUN01/operations.csv
H12-8_W4-4,12,8,4,4,JOINT,verify,9,1750741,1.750741000,1,9187,64,8350,RPI5_Heterogeneous_XMSSMT_2026-09-18/09_joint_parameter_search/02_benchmark/H12-8_W4-4/RUN01/operations.csv
H12-8_W4-4,12,8,4,4,JOINT,sign,10,3189555,3.189555000,,9187,64,8350,RPI5_Heterogeneous_XMSSMT_2026-09-18/09_joint_parameter_search/02_benchmark/H12-8_W4-4/RUN01/operations.csv
H12-8_W4-4,12,8,4,4,JOINT,verify,10,1711092,1.711092000,1,9187,64,8350,RPI5_Heterogeneous_XMSSMT_2026-09-18/09_joint_parameter_search/02_benchmark/H12-8_W4-4/RUN01/operations.csv
H12-8_W4-4,12,8,4,4,JOINT,sign,11,5902759,5.902759000,,9187,64,8350,RPI5_Heterogeneous_XMSSMT_2026-09-18/09_joint_parameter_search/02_benchmark/H12-8_W4-4/RUN01/operations.csv
H12-8_W4-4,12,8,4,4,JOINT,verify,11,1682185,1.682185000,1,9187,64,8350,RPI5_Heterogeneous_XMSSMT_2026-09-18/09_joint_parameter_search/02_benchmark/H12-8_W4-4/RUN01/operations.csv
H12-8_W4-4,12,8,4,4,JOINT,sign,12,3188482,3.188482000,,9187,64,8350,RPI5_Heterogeneous_XMSSMT_2026-09-18/09_joint_parameter_search/02_benchmark/H12-8_W4-4/RUN01/operations.csv
H12-8_W4-4,12,8,4,4,JOINT,verify,12,1712852,1.712852000,1,9187,64,8350,RPI5_Heterogeneous_XMSSMT_2026-09-18/09_joint_parameter_search/02_benchmark/H12-8_W4-4/RUN01/operations.csv
H12-8_W4-4,12,8,4,4,JOINT,sign,13,3229074,3.229074000,,9187,64,8350,RPI5_Heterogeneous_XMSSMT_2026-09-18/09_joint_parameter_search/02_benchmark/H12-8_W4-4/RUN01/operations.csv
H12-8_W4-4,12,8,4,4,JOINT,verify,13,1679981,1.679981000,1,9187,64,8350,RPI5_Heterogeneous_XMSSMT_2026-09-18/09_joint_parameter_search/02_benchmark/H12-8_W4-4/RUN01/operations.csv
H12-8_W4-4,12,8,4,4,JOINT,sign,14,3215056,3.215056000,,9187,64,8350,RPI5_Heterogeneous_XMSSMT_2026-09-18/09_joint_parameter_search/02_benchmark/H12-8_W4-4/RUN01/operations.csv
H12-8_W4-4,12,8,4,4,JOINT,verify,14,1688129,1.688129000,1,9187,64,8350,RPI5_Heterogeneous_XMSSMT_2026-09-18/09_joint_parameter_search/02_benchmark/H12-8_W4-4/RUN01/operations.csv
H12-8_W4-4,12,8,4,4,JOINT,sign,15,9910296,9.910296000,,9187,64,8350,RPI5_Heterogeneous_XMSSMT_2026-09-18/09_joint_parameter_search/02_benchmark/H12-8_W4-4/RUN01/operations.csv
H12-8_W4-4,12,8,4,4,JOINT,verify,15,1685926,1.685926000,1,9187,64,8350,RPI5_Heterogeneous_XMSSMT_2026-09-18/09_joint_parameter_search/02_benchmark/H12-8_W4-4/RUN01/operations.csv
H12-8_W4-4,12,8,4,4,JOINT,sign,16,11287815,11.287815000,,9187,64,8350,RPI5_Heterogeneous_XMSSMT_2026-09-18/09_joint_parameter_search/02_benchmark/H12-8_W4-4/RUN01/operations.csv
H12-8_W4-4,12,8,4,4,JOINT,verify,16,1658963,1.658963000,1,9187,64,8350,RPI5_Heterogeneous_XMSSMT_2026-09-18/09_joint_parameter_search/02_benchmark/H12-8_W4-4/RUN01/operations.csv
H12-8_W4-4,12,8,4,4,JOINT,sign,17,7217240,7.217240000,,9187,64,8350,RPI5_Heterogeneous_XMSSMT_2026-09-18/09_joint_parameter_search/02_benchmark/H12-8_W4-4/RUN01/operations.csv
H12-8_W4-4,12,8,4,4,JOINT,verify,17,1713000,1.713000000,1,9187,64,8350,RPI5_Heterogeneous_XMSSMT_2026-09-18/09_joint_parameter_search/02_benchmark/H12-8_W4-4/RUN01/operations.csv
H12-8_W4-4,12,8,4,4,JOINT,sign,18,3194518,3.194518000,,9187,64,8350,RPI5_Heterogeneous_XMSSMT_2026-09-18/09_joint_parameter_search/02_benchmark/H12-8_W4-4/RUN01/operations.csv
H12-8_W4-4,12,8,4,4,JOINT,verify,18,1705278,1.705278000,1,9187,64,8350,RPI5_Heterogeneous_XMSSMT_2026-09-18/09_joint_parameter_search/02_benchmark/H12-8_W4-4/RUN01/operations.csv
H12-8_W4-4,12,8,4,4,JOINT,sign,19,5916222,5.916222000,,9187,64,8350,RPI5_Heterogeneous_XMSSMT_2026-09-18/09_joint_parameter_search/02_benchmark/H12-8_W4-4/RUN01/operations.csv
H12-8_W4-4,12,8,4,4,JOINT,verify,19,1681352,1.681352000,1,9187,64,8350,RPI5_Heterogeneous_XMSSMT_2026-09-18/09_joint_parameter_search/02_benchmark/H12-8_W4-4/RUN01/operations.csv
H12-8_W4-4,12,8,4,4,JOINT,sign,20,3236315,3.236315000,,9187,64,8350,RPI5_Heterogeneous_XMSSMT_2026-09-18/09_joint_parameter_search/02_benchmark/H12-8_W4-4/RUN01/operations.csv
H12-8_W4-4,12,8,4,4,JOINT,verify,20,1686556,1.686556000,1,9187,64,8350,RPI5_Heterogeneous_XMSSMT_2026-09-18/09_joint_parameter_search/02_benchmark/H12-8_W4-4/RUN01/operations.csv
H12-8_W4-4,12,8,4,4,JOINT,sign,21,3159519,3.159519000,,9187,64,8350,RPI5_Heterogeneous_XMSSMT_2026-09-18/09_joint_parameter_search/02_benchmark/H12-8_W4-4/RUN01/operations.csv
H12-8_W4-4,12,8,4,4,JOINT,verify,21,1750296,1.750296000,1,9187,64,8350,RPI5_Heterogeneous_XMSSMT_2026-09-18/09_joint_parameter_search/02_benchmark/H12-8_W4-4/RUN01/operations.csv
H12-8_W4-4,12,8,4,4,JOINT,sign,22,3186352,3.186352000,,9187,64,8350,RPI5_Heterogeneous_XMSSMT_2026-09-18/09_joint_parameter_search/02_benchmark/H12-8_W4-4/RUN01/operations.csv
H12-8_W4-4,12,8,4,4,JOINT,verify,22,1724149,1.724149000,1,9187,64,8350,RPI5_Heterogeneous_XMSSMT_2026-09-18/09_joint_parameter_search/02_benchmark/H12-8_W4-4/RUN01/operations.csv
H12-8_W4-4,12,8,4,4,JOINT,sign,23,9927037,9.927037000,,9187,64,8350,RPI5_Heterogeneous_XMSSMT_2026-09-18/09_joint_parameter_search/02_benchmark/H12-8_W4-4/RUN01/operations.csv
H12-8_W4-4,12,8,4,4,JOINT,verify,23,1687685,1.687685000,1,9187,64,8350,RPI5_Heterogeneous_XMSSMT_2026-09-18/09_joint_parameter_search/02_benchmark/H12-8_W4-4/RUN01/operations.csv
H12-8_W4-4,12,8,4,4,JOINT,sign,24,4549148,4.549148000,,9187,64,8350,RPI5_Heterogeneous_XMSSMT_2026-09-18/09_joint_parameter_search/02_benchmark/H12-8_W4-4/RUN01/operations.csv
H12-8_W4-4,12,8,4,4,JOINT,verify,24,1707185,1.707185000,1,9187,64,8350,RPI5_Heterogeneous_XMSSMT_2026-09-18/09_joint_parameter_search/02_benchmark/H12-8_W4-4/RUN01/operations.csv
H12-8_W4-4,12,8,4,4,JOINT,sign,25,3168777,3.168777000,,9187,64,8350,RPI5_Heterogeneous_XMSSMT_2026-09-18/09_joint_parameter_search/02_benchmark/H12-8_W4-4/RUN01/operations.csv
H12-8_W4-4,12,8,4,4,JOINT,verify,25,1745611,1.745611000,1,9187,64,8350,RPI5_Heterogeneous_XMSSMT_2026-09-18/09_joint_parameter_search/02_benchmark/H12-8_W4-4/RUN01/operations.csv
H12-8_W4-4,12,8,4,4,JOINT,sign,26,3232648,3.232648000,,9187,64,8350,RPI5_Heterogeneous_XMSSMT_2026-09-18/09_joint_parameter_search/02_benchmark/H12-8_W4-4/RUN01/operations.csv
H12-8_W4-4,12,8,4,4,JOINT,verify,26,1674129,1.674129000,1,9187,64,8350,RPI5_Heterogeneous_XMSSMT_2026-09-18/09_joint_parameter_search/02_benchmark/H12-8_W4-4/RUN01/operations.csv
H12-8_W4-4,12,8,4,4,JOINT,sign,27,5914945,5.914945000,,9187,64,8350,RPI5_Heterogeneous_XMSSMT_2026-09-18/09_joint_parameter_search/02_benchmark/H12-8_W4-4/RUN01/operations.csv
H12-8_W4-4,12,8,4,4,JOINT,verify,27,1668166,1.668166000,1,9187,64,8350,RPI5_Heterogeneous_XMSSMT_2026-09-18/09_joint_parameter_search/02_benchmark/H12-8_W4-4/RUN01/operations.csv
H12-8_W4-4,12,8,4,4,JOINT,sign,28,3227833,3.227833000,,9187,64,8350,RPI5_Heterogeneous_XMSSMT_2026-09-18/09_joint_parameter_search/02_benchmark/H12-8_W4-4/RUN01/operations.csv
H12-8_W4-4,12,8,4,4,JOINT,verify,28,1667129,1.667129000,1,9187,64,8350,RPI5_Heterogeneous_XMSSMT_2026-09-18/09_joint_parameter_search/02_benchmark/H12-8_W4-4/RUN01/operations.csv
H12-8_W4-4,12,8,4,4,JOINT,sign,29,3189870,3.189870000,,9187,64,8350,RPI5_Heterogeneous_XMSSMT_2026-09-18/09_joint_parameter_search/02_benchmark/H12-8_W4-4/RUN01/operations.csv
H12-8_W4-4,12,8,4,4,JOINT,verify,29,1710537,1.710537000,1,9187,64,8350,RPI5_Heterogeneous_XMSSMT_2026-09-18/09_joint_parameter_search/02_benchmark/H12-8_W4-4/RUN01/operations.csv
H12-8_W4-4,12,8,4,4,JOINT,sign,30,3221908,3.221908000,,9187,64,8350,RPI5_Heterogeneous_XMSSMT_2026-09-18/09_joint_parameter_search/02_benchmark/H12-8_W4-4/RUN01/operations.csv
H12-8_W4-4,12,8,4,4,JOINT,verify,30,1677907,1.677907000,1,9187,64,8350,RPI5_Heterogeneous_XMSSMT_2026-09-18/09_joint_parameter_search/02_benchmark/H12-8_W4-4/RUN01/operations.csv
H12-8_W4-4,12,8,4,4,JOINT,sign,31,9915648,9.915648000,,9187,64,8350,RPI5_Heterogeneous_XMSSMT_2026-09-18/09_joint_parameter_search/02_benchmark/H12-8_W4-4/RUN01/operations.csv
H12-8_W4-4,12,8,4,4,JOINT,verify,31,1678019,1.678019000,1,9187,64,8350,RPI5_Heterogeneous_XMSSMT_2026-09-18/09_joint_parameter_search/02_benchmark/H12-8_W4-4/RUN01/operations.csv
H12-8_W4-4,12,8,4,4,JOINT,sign,32,11224019,11.224019000,,9187,64,8350,RPI5_Heterogeneous_XMSSMT_2026-09-18/09_joint_parameter_search/02_benchmark/H12-8_W4-4/RUN01/operations.csv
H12-8_W4-4,12,8,4,4,JOINT,verify,32,1710981,1.710981000,1,9187,64,8350,RPI5_Heterogeneous_XMSSMT_2026-09-18/09_joint_parameter_search/02_benchmark/H12-8_W4-4/RUN01/operations.csv
H12-8_W4-4,12,8,4,4,JOINT,sign,33,9879926,9.879926000,,9187,64,8350,RPI5_Heterogeneous_XMSSMT_2026-09-18/09_joint_parameter_search/02_benchmark/H12-8_W4-4/RUN01/operations.csv
H12-8_W4-4,12,8,4,4,JOINT,verify,33,1722870,1.722870000,1,9187,64,8350,RPI5_Heterogeneous_XMSSMT_2026-09-18/09_joint_parameter_search/02_benchmark/H12-8_W4-4/RUN01/operations.csv
H12-8_W4-4,12,8,4,4,JOINT,sign,34,11223333,11.223333000,,9187,64,8350,RPI5_Heterogeneous_XMSSMT_2026-09-18/09_joint_parameter_search/02_benchmark/H12-8_W4-4/RUN01/operations.csv
H12-8_W4-4,12,8,4,4,JOINT,verify,34,1710741,1.710741000,1,9187,64,8350,RPI5_Heterogeneous_XMSSMT_2026-09-18/09_joint_parameter_search/02_benchmark/H12-8_W4-4/RUN01/operations.csv
H12-8_W4-4,12,8,4,4,JOINT,sign,35,9911556,9.911556000,,9187,64,8350,RPI5_Heterogeneous_XMSSMT_2026-09-18/09_joint_parameter_search/02_benchmark/H12-8_W4-4/RUN01/operations.csv
H12-8_W4-4,12,8,4,4,JOINT,verify,35,1677741,1.677741000,1,9187,64,8350,RPI5_Heterogeneous_XMSSMT_2026-09-18/09_joint_parameter_search/02_benchmark/H12-8_W4-4/RUN01/operations.csv
H12-8_W4-4,12,8,4,4,JOINT,sign,36,9887834,9.887834000,,9187,64,8350,RPI5_Heterogeneous_XMSSMT_2026-09-18/09_joint_parameter_search/02_benchmark/H12-8_W4-4/RUN01/operations.csv
H12-8_W4-4,12,8,4,4,JOINT,verify,36,1709907,1.709907000,1,9187,64,8350,RPI5_Heterogeneous_XMSSMT_2026-09-18/09_joint_parameter_search/02_benchmark/H12-8_W4-4/RUN01/operations.csv
H12-8_W4-4,12,8,4,4,JOINT,sign,37,3247907,3.247907000,,9187,64,8350,RPI5_Heterogeneous_XMSSMT_2026-09-18/09_joint_parameter_search/02_benchmark/H12-8_W4-4/RUN01/operations.csv
H12-8_W4-4,12,8,4,4,JOINT,verify,37,1652370,1.652370000,1,9187,64,8350,RPI5_Heterogeneous_XMSSMT_2026-09-18/09_joint_parameter_search/02_benchmark/H12-8_W4-4/RUN01/operations.csv
H12-8_W4-4,12,8,4,4,JOINT,sign,38,3166926,3.166926000,,9187,64,8350,RPI5_Heterogeneous_XMSSMT_2026-09-18/09_joint_parameter_search/02_benchmark/H12-8_W4-4/RUN01/operations.csv
H12-8_W4-4,12,8,4,4,JOINT,verify,38,1725241,1.725241000,1,9187,64,8350,RPI5_Heterogeneous_XMSSMT_2026-09-18/09_joint_parameter_search/02_benchmark/H12-8_W4-4/RUN01/operations.csv
H12-8_W4-4,12,8,4,4,JOINT,sign,39,9868926,9.868926000,,9187,64,8350,RPI5_Heterogeneous_XMSSMT_2026-09-18/09_joint_parameter_search/02_benchmark/H12-8_W4-4/RUN01/operations.csv
H12-8_W4-4,12,8,4,4,JOINT,verify,39,1716926,1.716926000,1,9187,64,8350,RPI5_Heterogeneous_XMSSMT_2026-09-18/09_joint_parameter_search/02_benchmark/H12-8_W4-4/RUN01/operations.csv
H12-8_W4-4,12,8,4,4,JOINT,sign,40,4500056,4.500056000,,9187,64,8350,RPI5_Heterogeneous_XMSSMT_2026-09-18/09_joint_parameter_search/02_benchmark/H12-8_W4-4/RUN01/operations.csv
H12-8_W4-4,12,8,4,4,JOINT,verify,40,1735649,1.735649000,1,9187,64,8350,RPI5_Heterogeneous_XMSSMT_2026-09-18/09_joint_parameter_search/02_benchmark/H12-8_W4-4/RUN01/operations.csv
H12-8_W4-4,12,8,4,4,JOINT,sign,41,3216555,3.216555000,,9187,64,8350,RPI5_Heterogeneous_XMSSMT_2026-09-18/09_joint_parameter_search/02_benchmark/H12-8_W4-4/RUN01/operations.csv
H12-8_W4-4,12,8,4,4,JOINT,verify,41,1682074,1.682074000,1,9187,64,8350,RPI5_Heterogeneous_XMSSMT_2026-09-18/09_joint_parameter_search/02_benchmark/H12-8_W4-4/RUN01/operations.csv
H12-8_W4-4,12,8,4,4,JOINT,sign,42,3190074,3.190074000,,9187,64,8350,RPI5_Heterogeneous_XMSSMT_2026-09-18/09_joint_parameter_search/02_benchmark/H12-8_W4-4/RUN01/operations.csv
H12-8_W4-4,12,8,4,4,JOINT,verify,42,1703426,1.703426000,1,9187,64,8350,RPI5_Heterogeneous_XMSSMT_2026-09-18/09_joint_parameter_search/02_benchmark/H12-8_W4-4/RUN01/operations.csv
H12-8_W4-4,12,8,4,4,JOINT,sign,43,5867408,5.867408000,,9187,64,8350,RPI5_Heterogeneous_XMSSMT_2026-09-18/09_joint_parameter_search/02_benchmark/H12-8_W4-4/RUN01/operations.csv
H12-8_W4-4,12,8,4,4,JOINT,verify,43,1710833,1.710833000,1,9187,64,8350,RPI5_Heterogeneous_XMSSMT_2026-09-18/09_joint_parameter_search/02_benchmark/H12-8_W4-4/RUN01/operations.csv
H12-8_W4-4,12,8,4,4,JOINT,sign,44,3135852,3.135852000,,9187,64,8350,RPI5_Heterogeneous_XMSSMT_2026-09-18/09_joint_parameter_search/02_benchmark/H12-8_W4-4/RUN01/operations.csv
H12-8_W4-4,12,8,4,4,JOINT,verify,44,1754704,1.754704000,1,9187,64,8350,RPI5_Heterogeneous_XMSSMT_2026-09-18/09_joint_parameter_search/02_benchmark/H12-8_W4-4/RUN01/operations.csv
H12-8_W4-4,12,8,4,4,JOINT,sign,45,3220981,3.220981000,,9187,64,8350,RPI5_Heterogeneous_XMSSMT_2026-09-18/09_joint_parameter_search/02_benchmark/H12-8_W4-4/RUN01/operations.csv
H12-8_W4-4,12,8,4,4,JOINT,verify,45,1677037,1.677037000,1,9187,64,8350,RPI5_Heterogeneous_XMSSMT_2026-09-18/09_joint_parameter_search/02_benchmark/H12-8_W4-4/RUN01/operations.csv
H12-8_W4-4,12,8,4,4,JOINT,sign,46,3185019,3.185019000,,9187,64,8350,RPI5_Heterogeneous_XMSSMT_2026-09-18/09_joint_parameter_search/02_benchmark/H12-8_W4-4/RUN01/operations.csv
H12-8_W4-4,12,8,4,4,JOINT,verify,46,1709537,1.709537000,1,9187,64,8350,RPI5_Heterogeneous_XMSSMT_2026-09-18/09_joint_parameter_search/02_benchmark/H12-8_W4-4/RUN01/operations.csv
H12-8_W4-4,12,8,4,4,JOINT,sign,47,9843852,9.843852000,,9187,64,8350,RPI5_Heterogeneous_XMSSMT_2026-09-18/09_joint_parameter_search/02_benchmark/H12-8_W4-4/RUN01/operations.csv
H12-8_W4-4,12,8,4,4,JOINT,verify,47,1741315,1.741315000,1,9187,64,8350,RPI5_Heterogeneous_XMSSMT_2026-09-18/09_joint_parameter_search/02_benchmark/H12-8_W4-4/RUN01/operations.csv
H12-8_W4-4,12,8,4,4,JOINT,sign,48,11241315,11.241315000,,9187,64,8350,RPI5_Heterogeneous_XMSSMT_2026-09-18/09_joint_parameter_search/02_benchmark/H12-8_W4-4/RUN01/operations.csv
H12-8_W4-4,12,8,4,4,JOINT,verify,48,1683851,1.683851000,1,9187,64,8350,RPI5_Heterogeneous_XMSSMT_2026-09-18/09_joint_parameter_search/02_benchmark/H12-8_W4-4/RUN01/operations.csv
H12-8_W4-4,12,8,4,4,JOINT,sign,49,7246518,7.246518000,,9187,64,8350,RPI5_Heterogeneous_XMSSMT_2026-09-18/09_joint_parameter_search/02_benchmark/H12-8_W4-4/RUN01/operations.csv
H12-8_W4-4,12,8,4,4,JOINT,verify,49,1667388,1.667388000,1,9187,64,8350,RPI5_Heterogeneous_XMSSMT_2026-09-18/09_joint_parameter_search/02_benchmark/H12-8_W4-4/RUN01/operations.csv
H12-8_W4-4,12,8,4,4,JOINT,sign,50,3207741,3.207741000,,9187,64,8350,RPI5_Heterogeneous_XMSSMT_2026-09-18/09_joint_parameter_search/02_benchmark/H12-8_W4-4/RUN01/operations.csv
H12-8_W4-4,12,8,4,4,JOINT,verify,50,1684037,1.684037000,1,9187,64,8350,RPI5_Heterogeneous_XMSSMT_2026-09-18/09_joint_parameter_search/02_benchmark/H12-8_W4-4/RUN01/operations.csv
H12-8_W4-4,12,8,4,4,JOINT,sign,51,5868333,5.868333000,,9187,64,8350,RPI5_Heterogeneous_XMSSMT_2026-09-18/09_joint_parameter_search/02_benchmark/H12-8_W4-4/RUN01/operations.csv
H12-8_W4-4,12,8,4,4,JOINT,verify,51,1706037,1.706037000,1,9187,64,8350,RPI5_Heterogeneous_XMSSMT_2026-09-18/09_joint_parameter_search/02_benchmark/H12-8_W4-4/RUN01/operations.csv
H12-8_W4-4,12,8,4,4,JOINT,sign,52,3187888,3.187888000,,9187,64,8350,RPI5_Heterogeneous_XMSSMT_2026-09-18/09_joint_parameter_search/02_benchmark/H12-8_W4-4/RUN01/operations.csv
H12-8_W4-4,12,8,4,4,JOINT,verify,52,1713426,1.713426000,1,9187,64,8350,RPI5_Heterogeneous_XMSSMT_2026-09-18/09_joint_parameter_search/02_benchmark/H12-8_W4-4/RUN01/operations.csv
H12-8_W4-4,12,8,4,4,JOINT,sign,53,3192148,3.192148000,,9187,64,8350,RPI5_Heterogeneous_XMSSMT_2026-09-18/09_joint_parameter_search/02_benchmark/H12-8_W4-4/RUN01/operations.csv
H12-8_W4-4,12,8,4,4,JOINT,verify,53,1709130,1.709130000,1,9187,64,8350,RPI5_Heterogeneous_XMSSMT_2026-09-18/09_joint_parameter_search/02_benchmark/H12-8_W4-4/RUN01/operations.csv
H12-8_W4-4,12,8,4,4,JOINT,sign,54,3256166,3.256166000,,9187,64,8350,RPI5_Heterogeneous_XMSSMT_2026-09-18/09_joint_parameter_search/02_benchmark/H12-8_W4-4/RUN01/operations.csv
H12-8_W4-4,12,8,4,4,JOINT,verify,54,1639112,1.639112000,1,9187,64,8350,RPI5_Heterogeneous_XMSSMT_2026-09-18/09_joint_parameter_search/02_benchmark/H12-8_W4-4/RUN01/operations.csv
H12-8_W4-4,12,8,4,4,JOINT,sign,55,9928740,9.928740000,,9187,64,8350,RPI5_Heterogeneous_XMSSMT_2026-09-18/09_joint_parameter_search/02_benchmark/H12-8_W4-4/RUN01/operations.csv
H12-8_W4-4,12,8,4,4,JOINT,verify,55,1663944,1.663944000,1,9187,64,8350,RPI5_Heterogeneous_XMSSMT_2026-09-18/09_joint_parameter_search/02_benchmark/H12-8_W4-4/RUN01/operations.csv
H12-8_W4-4,12,8,4,4,JOINT,sign,56,4503926,4.503926000,,9187,64,8350,RPI5_Heterogeneous_XMSSMT_2026-09-18/09_joint_parameter_search/02_benchmark/H12-8_W4-4/RUN01/operations.csv
H12-8_W4-4,12,8,4,4,JOINT,verify,56,1736481,1.736481000,1,9187,64,8350,RPI5_Heterogeneous_XMSSMT_2026-09-18/09_joint_parameter_search/02_benchmark/H12-8_W4-4/RUN01/operations.csv
H12-8_W4-4,12,8,4,4,JOINT,sign,57,3215889,3.215889000,,9187,64,8350,RPI5_Heterogeneous_XMSSMT_2026-09-18/09_joint_parameter_search/02_benchmark/H12-8_W4-4/RUN01/operations.csv
H12-8_W4-4,12,8,4,4,JOINT,verify,57,1684241,1.684241000,1,9187,64,8350,RPI5_Heterogeneous_XMSSMT_2026-09-18/09_joint_parameter_search/02_benchmark/H12-8_W4-4/RUN01/operations.csv
H12-8_W4-4,12,8,4,4,JOINT,sign,58,3230092,3.230092000,,9187,64,8350,RPI5_Heterogeneous_XMSSMT_2026-09-18/09_joint_parameter_search/02_benchmark/H12-8_W4-4/RUN01/operations.csv
H12-8_W4-4,12,8,4,4,JOINT,verify,58,1668426,1.668426000,1,9187,64,8350,RPI5_Heterogeneous_XMSSMT_2026-09-18/09_joint_parameter_search/02_benchmark/H12-8_W4-4/RUN01/operations.csv
H12-8_W4-4,12,8,4,4,JOINT,sign,59,5874203,5.874203000,,9187,64,8350,RPI5_Heterogeneous_XMSSMT_2026-09-18/09_joint_parameter_search/02_benchmark/H12-8_W4-4/RUN01/operations.csv
H12-8_W4-4,12,8,4,4,JOINT,verify,59,1719426,1.719426000,1,9187,64,8350,RPI5_Heterogeneous_XMSSMT_2026-09-18/09_joint_parameter_search/02_benchmark/H12-8_W4-4/RUN01/operations.csv
H12-8_W4-4,12,8,4,4,JOINT,sign,60,3219555,3.219555000,,9187,64,8350,RPI5_Heterogeneous_XMSSMT_2026-09-18/09_joint_parameter_search/02_benchmark/H12-8_W4-4/RUN01/operations.csv
H12-8_W4-4,12,8,4,4,JOINT,verify,60,1677704,1.677704000,1,9187,64,8350,RPI5_Heterogeneous_XMSSMT_2026-09-18/09_joint_parameter_search/02_benchmark/H12-8_W4-4/RUN01/operations.csv
H12-8_W4-4,12,8,4,4,JOINT,sign,61,3226556,3.226556000,,9187,64,8350,RPI5_Heterogeneous_XMSSMT_2026-09-18/09_joint_parameter_search/02_benchmark/H12-8_W4-4/RUN01/operations.csv
H12-8_W4-4,12,8,4,4,JOINT,verify,61,1672982,1.672982000,1,9187,64,8350,RPI5_Heterogeneous_XMSSMT_2026-09-18/09_joint_parameter_search/02_benchmark/H12-8_W4-4/RUN01/operations.csv
H12-8_W4-4,12,8,4,4,JOINT,sign,62,3157296,3.157296000,,9187,64,8350,RPI5_Heterogeneous_XMSSMT_2026-09-18/09_joint_parameter_search/02_benchmark/H12-8_W4-4/RUN01/operations.csv
H12-8_W4-4,12,8,4,4,JOINT,verify,62,1735871,1.735871000,1,9187,64,8350,RPI5_Heterogeneous_XMSSMT_2026-09-18/09_joint_parameter_search/02_benchmark/H12-8_W4-4/RUN01/operations.csv
H12-8_W4-4,12,8,4,4,JOINT,sign,63,9885666,9.885666000,,9187,64,8350,RPI5_Heterogeneous_XMSSMT_2026-09-18/09_joint_parameter_search/02_benchmark/H12-8_W4-4/RUN01/operations.csv
H12-8_W4-4,12,8,4,4,JOINT,verify,63,1706593,1.706593000,1,9187,64,8350,RPI5_Heterogeneous_XMSSMT_2026-09-18/09_joint_parameter_search/02_benchmark/H12-8_W4-4/RUN01/operations.csv
H12-8_W4-4,12,8,4,4,JOINT,sign,64,11237444,11.237444000,,9187,64,8350,RPI5_Heterogeneous_XMSSMT_2026-09-18/09_joint_parameter_search/02_benchmark/H12-8_W4-4/RUN01/operations.csv
H12-8_W4-4,12,8,4,4,JOINT,verify,64,1684778,1.684778000,1,9187,64,8350,RPI5_Heterogeneous_XMSSMT_2026-09-18/09_joint_parameter_search/02_benchmark/H12-8_W4-4/RUN01/operations.csv
H12-8_W4-4,12,8,4,4,JOINT,sign,65,9873092,9.873092000,,9187,64,8350,RPI5_Heterogeneous_XMSSMT_2026-09-18/09_joint_parameter_search/02_benchmark/H12-8_W4-4/RUN01/operations.csv
H12-8_W4-4,12,8,4,4,JOINT,verify,65,1717722,1.717722000,1,9187,64,8350,RPI5_Heterogeneous_XMSSMT_2026-09-18/09_joint_parameter_search/02_benchmark/H12-8_W4-4/RUN01/operations.csv
H12-8_W4-4,12,8,4,4,JOINT,sign,66,11217944,11.217944000,,9187,64,8350,RPI5_Heterogeneous_XMSSMT_2026-09-18/09_joint_parameter_search/02_benchmark/H12-8_W4-4/RUN01/operations.csv
H12-8_W4-4,12,8,4,4,JOINT,verify,66,1709704,1.709704000,1,9187,64,8350,RPI5_Heterogeneous_XMSSMT_2026-09-18/09_joint_parameter_search/02_benchmark/H12-8_W4-4/RUN01/operations.csv
H12-8_W4-4,12,8,4,4,JOINT,sign,67,9875371,9.875371000,,9187,64,8350,RPI5_Heterogeneous_XMSSMT_2026-09-18/09_joint_parameter_search/02_benchmark/H12-8_W4-4/RUN01/operations.csv
H12-8_W4-4,12,8,4,4,JOINT,verify,67,1716574,1.716574000,1,9187,64,8350,RPI5_Heterogeneous_XMSSMT_2026-09-18/09_joint_parameter_search/02_benchmark/H12-8_W4-4/RUN01/operations.csv
H12-8_W4-4,12,8,4,4,JOINT,sign,68,11252926,11.252926000,,9187,64,8350,RPI5_Heterogeneous_XMSSMT_2026-09-18/09_joint_parameter_search/02_benchmark/H12-8_W4-4/RUN01/operations.csv
H12-8_W4-4,12,8,4,4,JOINT,verify,68,1675945,1.675945000,1,9187,64,8350,RPI5_Heterogeneous_XMSSMT_2026-09-18/09_joint_parameter_search/02_benchmark/H12-8_W4-4/RUN01/operations.csv
H12-8_W4-4,12,8,4,4,JOINT,sign,69,9903648,9.903648000,,9187,64,8350,RPI5_Heterogeneous_XMSSMT_2026-09-18/09_joint_parameter_search/02_benchmark/H12-8_W4-4/RUN01/operations.csv
H12-8_W4-4,12,8,4,4,JOINT,verify,69,1671649,1.671649000,1,9187,64,8350,RPI5_Heterogeneous_XMSSMT_2026-09-18/09_joint_parameter_search/02_benchmark/H12-8_W4-4/RUN01/operations.csv
H12-8_W4-4,12,8,4,4,JOINT,sign,70,11264759,11.264759000,,9187,64,8350,RPI5_Heterogeneous_XMSSMT_2026-09-18/09_joint_parameter_search/02_benchmark/H12-8_W4-4/RUN01/operations.csv
H12-8_W4-4,12,8,4,4,JOINT,verify,70,1651871,1.651871000,1,9187,64,8350,RPI5_Heterogeneous_XMSSMT_2026-09-18/09_joint_parameter_search/02_benchmark/H12-8_W4-4/RUN01/operations.csv
H12-8_W4-4,12,8,4,4,JOINT,sign,71,9903241,9.903241000,,9187,64,8350,RPI5_Heterogeneous_XMSSMT_2026-09-18/09_joint_parameter_search/02_benchmark/H12-8_W4-4/RUN01/operations.csv
H12-8_W4-4,12,8,4,4,JOINT,verify,71,1679296,1.679296000,1,9187,64,8350,RPI5_Heterogeneous_XMSSMT_2026-09-18/09_joint_parameter_search/02_benchmark/H12-8_W4-4/RUN01/operations.csv
H12-8_W4-4,12,8,4,4,JOINT,sign,72,11281575,11.281575000,,9187,64,8350,RPI5_Heterogeneous_XMSSMT_2026-09-18/09_joint_parameter_search/02_benchmark/H12-8_W4-4/RUN01/operations.csv
H12-8_W4-4,12,8,4,4,JOINT,verify,72,1644778,1.644778000,1,9187,64,8350,RPI5_Heterogeneous_XMSSMT_2026-09-18/09_joint_parameter_search/02_benchmark/H12-8_W4-4/RUN01/operations.csv
H12-8_W4-4,12,8,4,4,JOINT,sign,73,9877278,9.877278000,,9187,64,8350,RPI5_Heterogeneous_XMSSMT_2026-09-18/09_joint_parameter_search/02_benchmark/H12-8_W4-4/RUN01/operations.csv
H12-8_W4-4,12,8,4,4,JOINT,verify,73,1709074,1.709074000,1,9187,64,8350,RPI5_Heterogeneous_XMSSMT_2026-09-18/09_joint_parameter_search/02_benchmark/H12-8_W4-4/RUN01/operations.csv
H12-8_W4-4,12,8,4,4,JOINT,sign,74,11226667,11.226667000,,9187,64,8350,RPI5_Heterogeneous_XMSSMT_2026-09-18/09_joint_parameter_search/02_benchmark/H12-8_W4-4/RUN01/operations.csv
H12-8_W4-4,12,8,4,4,JOINT,verify,74,1685537,1.685537000,1,9187,64,8350,RPI5_Heterogeneous_XMSSMT_2026-09-18/09_joint_parameter_search/02_benchmark/H12-8_W4-4/RUN01/operations.csv
H12-8_W4-4,12,8,4,4,JOINT,sign,75,9922944,9.922944000,,9187,64,8350,RPI5_Heterogeneous_XMSSMT_2026-09-18/09_joint_parameter_search/02_benchmark/H12-8_W4-4/RUN01/operations.csv
H12-8_W4-4,12,8,4,4,JOINT,verify,75,1650149,1.650149000,1,9187,64,8350,RPI5_Heterogeneous_XMSSMT_2026-09-18/09_joint_parameter_search/02_benchmark/H12-8_W4-4/RUN01/operations.csv
H12-8_W4-4,12,8,4,4,JOINT,sign,76,4541555,4.541555000,,9187,64,8350,RPI5_Heterogeneous_XMSSMT_2026-09-18/09_joint_parameter_search/02_benchmark/H12-8_W4-4/RUN01/operations.csv
H12-8_W4-4,12,8,4,4,JOINT,verify,76,1701649,1.701649000,1,9187,64,8350,RPI5_Heterogeneous_XMSSMT_2026-09-18/09_joint_parameter_search/02_benchmark/H12-8_W4-4/RUN01/operations.csv
H12-8_W4-4,12,8,4,4,JOINT,sign,77,3233833,3.233833000,,9187,64,8350,RPI5_Heterogeneous_XMSSMT_2026-09-18/09_joint_parameter_search/02_benchmark/H12-8_W4-4/RUN01/operations.csv
H12-8_W4-4,12,8,4,4,JOINT,verify,77,1664556,1.664556000,1,9187,64,8350,RPI5_Heterogeneous_XMSSMT_2026-09-18/09_joint_parameter_search/02_benchmark/H12-8_W4-4/RUN01/operations.csv
H12-8_W4-4,12,8,4,4,JOINT,sign,78,3195889,3.195889000,,9187,64,8350,RPI5_Heterogeneous_XMSSMT_2026-09-18/09_joint_parameter_search/02_benchmark/H12-8_W4-4/RUN01/operations.csv
H12-8_W4-4,12,8,4,4,JOINT,verify,78,1730666,1.730666000,1,9187,64,8350,RPI5_Heterogeneous_XMSSMT_2026-09-18/09_joint_parameter_search/02_benchmark/H12-8_W4-4/RUN01/operations.csv
H12-8_W4-4,12,8,4,4,JOINT,sign,79,9975444,9.975444000,,9187,64,8350,RPI5_Heterogeneous_XMSSMT_2026-09-18/09_joint_parameter_search/02_benchmark/H12-8_W4-4/RUN01/operations.csv
H12-8_W4-4,12,8,4,4,JOINT,verify,79,1693352,1.693352000,1,9187,64,8350,RPI5_Heterogeneous_XMSSMT_2026-09-18/09_joint_parameter_search/02_benchmark/H12-8_W4-4/RUN01/operations.csv
H12-8_W4-4,12,8,4,4,JOINT,sign,80,11256074,11.256074000,,9187,64,8350,RPI5_Heterogeneous_XMSSMT_2026-09-18/09_joint_parameter_search/02_benchmark/H12-8_W4-4/RUN01/operations.csv
H12-8_W4-4,12,8,4,4,JOINT,verify,80,1733352,1.733352000,1,9187,64,8350,RPI5_Heterogeneous_XMSSMT_2026-09-18/09_joint_parameter_search/02_benchmark/H12-8_W4-4/RUN01/operations.csv
H12-8_W4-4,12,8,4,4,JOINT,sign,81,7243963,7.243963000,,9187,64,8350,RPI5_Heterogeneous_XMSSMT_2026-09-18/09_joint_parameter_search/02_benchmark/H12-8_W4-4/RUN01/operations.csv
H12-8_W4-4,12,8,4,4,JOINT,verify,81,1688815,1.688815000,1,9187,64,8350,RPI5_Heterogeneous_XMSSMT_2026-09-18/09_joint_parameter_search/02_benchmark/H12-8_W4-4/RUN01/operations.csv
H12-8_W4-4,12,8,4,4,JOINT,sign,82,3226833,3.226833000,,9187,64,8350,RPI5_Heterogeneous_XMSSMT_2026-09-18/09_joint_parameter_search/02_benchmark/H12-8_W4-4/RUN01/operations.csv
H12-8_W4-4,12,8,4,4,JOINT,verify,82,1672815,1.672815000,1,9187,64,8350,RPI5_Heterogeneous_XMSSMT_2026-09-18/09_joint_parameter_search/02_benchmark/H12-8_W4-4/RUN01/operations.csv
H12-8_W4-4,12,8,4,4,JOINT,sign,83,5863704,5.863704000,,9187,64,8350,RPI5_Heterogeneous_XMSSMT_2026-09-18/09_joint_parameter_search/02_benchmark/H12-8_W4-4/RUN01/operations.csv
H12-8_W4-4,12,8,4,4,JOINT,verify,83,1723463,1.723463000,1,9187,64,8350,RPI5_Heterogeneous_XMSSMT_2026-09-18/09_joint_parameter_search/02_benchmark/H12-8_W4-4/RUN01/operations.csv
H12-8_W4-4,12,8,4,4,JOINT,sign,84,3178056,3.178056000,,9187,64,8350,RPI5_Heterogeneous_XMSSMT_2026-09-18/09_joint_parameter_search/02_benchmark/H12-8_W4-4/RUN01/operations.csv
H12-8_W4-4,12,8,4,4,JOINT,verify,84,1726352,1.726352000,1,9187,64,8350,RPI5_Heterogeneous_XMSSMT_2026-09-18/09_joint_parameter_search/02_benchmark/H12-8_W4-4/RUN01/operations.csv
H12-8_W4-4,12,8,4,4,JOINT,sign,85,3184056,3.184056000,,9187,64,8350,RPI5_Heterogeneous_XMSSMT_2026-09-18/09_joint_parameter_search/02_benchmark/H12-8_W4-4/RUN01/operations.csv
H12-8_W4-4,12,8,4,4,JOINT,verify,85,1722278,1.722278000,1,9187,64,8350,RPI5_Heterogeneous_XMSSMT_2026-09-18/09_joint_parameter_search/02_benchmark/H12-8_W4-4/RUN01/operations.csv
H12-8_W4-4,12,8,4,4,JOINT,sign,86,3220537,3.220537000,,9187,64,8350,RPI5_Heterogeneous_XMSSMT_2026-09-18/09_joint_parameter_search/02_benchmark/H12-8_W4-4/RUN01/operations.csv
H12-8_W4-4,12,8,4,4,JOINT,verify,86,1681852,1.681852000,1,9187,64,8350,RPI5_Heterogeneous_XMSSMT_2026-09-18/09_joint_parameter_search/02_benchmark/H12-8_W4-4/RUN01/operations.csv
H12-8_W4-4,12,8,4,4,JOINT,sign,87,9922370,9.922370000,,9187,64,8350,RPI5_Heterogeneous_XMSSMT_2026-09-18/09_joint_parameter_search/02_benchmark/H12-8_W4-4/RUN01/operations.csv
H12-8_W4-4,12,8,4,4,JOINT,verify,87,1686352,1.686352000,1,9187,64,8350,RPI5_Heterogeneous_XMSSMT_2026-09-18/09_joint_parameter_search/02_benchmark/H12-8_W4-4/RUN01/operations.csv
H12-8_W4-4,12,8,4,4,JOINT,sign,88,4531666,4.531666000,,9187,64,8350,RPI5_Heterogeneous_XMSSMT_2026-09-18/09_joint_parameter_search/02_benchmark/H12-8_W4-4/RUN01/operations.csv
H12-8_W4-4,12,8,4,4,JOINT,verify,88,1705203,1.705203000,1,9187,64,8350,RPI5_Heterogeneous_XMSSMT_2026-09-18/09_joint_parameter_search/02_benchmark/H12-8_W4-4/RUN01/operations.csv
H12-8_W4-4,12,8,4,4,JOINT,sign,89,3226278,3.226278000,,9187,64,8350,RPI5_Heterogeneous_XMSSMT_2026-09-18/09_joint_parameter_search/02_benchmark/H12-8_W4-4/RUN01/operations.csv
H12-8_W4-4,12,8,4,4,JOINT,verify,89,1677963,1.677963000,1,9187,64,8350,RPI5_Heterogeneous_XMSSMT_2026-09-18/09_joint_parameter_search/02_benchmark/H12-8_W4-4/RUN01/operations.csv
H12-8_W4-4,12,8,4,4,JOINT,sign,90,3229426,3.229426000,,9187,64,8350,RPI5_Heterogeneous_XMSSMT_2026-09-18/09_joint_parameter_search/02_benchmark/H12-8_W4-4/RUN01/operations.csv
H12-8_W4-4,12,8,4,4,JOINT,verify,90,1674315,1.674315000,1,9187,64,8350,RPI5_Heterogeneous_XMSSMT_2026-09-18/09_joint_parameter_search/02_benchmark/H12-8_W4-4/RUN01/operations.csv
H12-8_W4-4,12,8,4,4,JOINT,sign,91,5874556,5.874556000,,9187,64,8350,RPI5_Heterogeneous_XMSSMT_2026-09-18/09_joint_parameter_search/02_benchmark/H12-8_W4-4/RUN01/operations.csv
H12-8_W4-4,12,8,4,4,JOINT,verify,91,1718389,1.718389000,1,9187,64,8350,RPI5_Heterogeneous_XMSSMT_2026-09-18/09_joint_parameter_search/02_benchmark/H12-8_W4-4/RUN01/operations.csv
H12-8_W4-4,12,8,4,4,JOINT,sign,92,3232093,3.232093000,,9187,64,8350,RPI5_Heterogeneous_XMSSMT_2026-09-18/09_joint_parameter_search/02_benchmark/H12-8_W4-4/RUN01/operations.csv
H12-8_W4-4,12,8,4,4,JOINT,verify,92,1670149,1.670149000,1,9187,64,8350,RPI5_Heterogeneous_XMSSMT_2026-09-18/09_joint_parameter_search/02_benchmark/H12-8_W4-4/RUN01/operations.csv
H12-8_W4-4,12,8,4,4,JOINT,sign,93,3265760,3.265760000,,9187,64,8350,RPI5_Heterogeneous_XMSSMT_2026-09-18/09_joint_parameter_search/02_benchmark/H12-8_W4-4/RUN01/operations.csv
H12-8_W4-4,12,8,4,4,JOINT,verify,93,1640148,1.640148000,1,9187,64,8350,RPI5_Heterogeneous_XMSSMT_2026-09-18/09_joint_parameter_search/02_benchmark/H12-8_W4-4/RUN01/operations.csv
H12-8_W4-4,12,8,4,4,JOINT,sign,94,3193704,3.193704000,,9187,64,8350,RPI5_Heterogeneous_XMSSMT_2026-09-18/09_joint_parameter_search/02_benchmark/H12-8_W4-4/RUN01/operations.csv
H12-8_W4-4,12,8,4,4,JOINT,verify,94,1704240,1.704240000,1,9187,64,8350,RPI5_Heterogeneous_XMSSMT_2026-09-18/09_joint_parameter_search/02_benchmark/H12-8_W4-4/RUN01/operations.csv
H12-8_W4-4,12,8,4,4,JOINT,sign,95,9857685,9.857685000,,9187,64,8350,RPI5_Heterogeneous_XMSSMT_2026-09-18/09_joint_parameter_search/02_benchmark/H12-8_W4-4/RUN01/operations.csv
H12-8_W4-4,12,8,4,4,JOINT,verify,95,1755223,1.755223000,1,9187,64,8350,RPI5_Heterogeneous_XMSSMT_2026-09-18/09_joint_parameter_search/02_benchmark/H12-8_W4-4/RUN01/operations.csv
H12-8_W4-4,12,8,4,4,JOINT,sign,96,11249444,11.249444000,,9187,64,8350,RPI5_Heterogeneous_XMSSMT_2026-09-18/09_joint_parameter_search/02_benchmark/H12-8_W4-4/RUN01/operations.csv
H12-8_W4-4,12,8,4,4,JOINT,verify,96,1684741,1.684741000,1,9187,64,8350,RPI5_Heterogeneous_XMSSMT_2026-09-18/09_joint_parameter_search/02_benchmark/H12-8_W4-4/RUN01/operations.csv
H12-8_W4-4,12,8,4,4,JOINT,sign,97,9899111,9.899111000,,9187,64,8350,RPI5_Heterogeneous_XMSSMT_2026-09-18/09_joint_parameter_search/02_benchmark/H12-8_W4-4/RUN01/operations.csv
H12-8_W4-4,12,8,4,4,JOINT,verify,97,1704241,1.704241000,1,9187,64,8350,RPI5_Heterogeneous_XMSSMT_2026-09-18/09_joint_parameter_search/02_benchmark/H12-8_W4-4/RUN01/operations.csv
H12-8_W4-4,12,8,4,4,JOINT,sign,98,11188370,11.188370000,,9187,64,8350,RPI5_Heterogeneous_XMSSMT_2026-09-18/09_joint_parameter_search/02_benchmark/H12-8_W4-4/RUN01/operations.csv
H12-8_W4-4,12,8,4,4,JOINT,verify,98,1743074,1.743074000,1,9187,64,8350,RPI5_Heterogeneous_XMSSMT_2026-09-18/09_joint_parameter_search/02_benchmark/H12-8_W4-4/RUN01/operations.csv
H12-8_W4-4,12,8,4,4,JOINT,sign,99,9908667,9.908667000,,9187,64,8350,RPI5_Heterogeneous_XMSSMT_2026-09-18/09_joint_parameter_search/02_benchmark/H12-8_W4-4/RUN01/operations.csv
H12-8_W4-4,12,8,4,4,JOINT,verify,99,1677834,1.677834000,1,9187,64,8350,RPI5_Heterogeneous_XMSSMT_2026-09-18/09_joint_parameter_search/02_benchmark/H12-8_W4-4/RUN01/operations.csv
H6-14_W16-16,6,14,16,16,HEIGHT,keygen,0,39242747550,39242.747550000,,4963,64,5518,RPI5_Heterogeneous_XMSSMT_2026-09-18/08_height_heterogeneity/FINAL_BENCHMARK_FREEZE/H6-14/RUN01/operations.csv
H6-14_W16-16,6,14,16,16,HEIGHT,keygen,1,39222441458,39222.441458000,,4963,64,5518,RPI5_Heterogeneous_XMSSMT_2026-09-18/08_height_heterogeneity/FINAL_BENCHMARK_FREEZE/H6-14/RUN01/operations.csv
H6-14_W16-16,6,14,16,16,HEIGHT,keygen,2,39222084976,39222.084976000,,4963,64,5518,RPI5_Heterogeneous_XMSSMT_2026-09-18/08_height_heterogeneity/FINAL_BENCHMARK_FREEZE/H6-14/RUN01/operations.csv
H6-14_W16-16,6,14,16,16,HEIGHT,keygen,3,39209237662,39209.237662000,,4963,64,5518,RPI5_Heterogeneous_XMSSMT_2026-09-18/08_height_heterogeneity/FINAL_BENCHMARK_FREEZE/H6-14/RUN01/operations.csv
H6-14_W16-16,6,14,16,16,HEIGHT,keygen,4,39234163809,39234.163809000,,4963,64,5518,RPI5_Heterogeneous_XMSSMT_2026-09-18/08_height_heterogeneity/FINAL_BENCHMARK_FREEZE/H6-14/RUN01/operations.csv
H6-14_W16-16,6,14,16,16,HEIGHT,keygen,5,39224406569,39224.406569000,,4963,64,5518,RPI5_Heterogeneous_XMSSMT_2026-09-18/08_height_heterogeneity/FINAL_BENCHMARK_FREEZE/H6-14/RUN01/operations.csv
H6-14_W16-16,6,14,16,16,HEIGHT,keygen,6,39260130533,39260.130533000,,4963,64,5518,RPI5_Heterogeneous_XMSSMT_2026-09-18/08_height_heterogeneity/FINAL_BENCHMARK_FREEZE/H6-14/RUN01/operations.csv
H6-14_W16-16,6,14,16,16,HEIGHT,keygen,7,39228321514,39228.321514000,,4963,64,5518,RPI5_Heterogeneous_XMSSMT_2026-09-18/08_height_heterogeneity/FINAL_BENCHMARK_FREEZE/H6-14/RUN01/operations.csv
H6-14_W16-16,6,14,16,16,HEIGHT,keygen,8,39227014106,39227.014106000,,4963,64,5518,RPI5_Heterogeneous_XMSSMT_2026-09-18/08_height_heterogeneity/FINAL_BENCHMARK_FREEZE/H6-14/RUN01/operations.csv
H6-14_W16-16,6,14,16,16,HEIGHT,keygen,9,39708598736,39708.598736000,,4963,64,5518,RPI5_Heterogeneous_XMSSMT_2026-09-18/08_height_heterogeneity/FINAL_BENCHMARK_FREEZE/H6-14/RUN01/operations.csv
H6-14_W16-16,6,14,16,16,HEIGHT,sign,0,6141018,6.141018000,,4963,64,5518,RPI5_Heterogeneous_XMSSMT_2026-09-18/08_height_heterogeneity/FINAL_BENCHMARK_FREEZE/H6-14/RUN01/operations.csv
H6-14_W16-16,6,14,16,16,HEIGHT,verify,0,2675759,2.675759000,1,4963,64,5518,RPI5_Heterogeneous_XMSSMT_2026-09-18/08_height_heterogeneity/FINAL_BENCHMARK_FREEZE/H6-14/RUN01/operations.csv
H6-14_W16-16,6,14,16,16,HEIGHT,sign,1,5923407,5.923407000,,4963,64,5518,RPI5_Heterogeneous_XMSSMT_2026-09-18/08_height_heterogeneity/FINAL_BENCHMARK_FREEZE/H6-14/RUN01/operations.csv
H6-14_W16-16,6,14,16,16,HEIGHT,verify,1,2894463,2.894463000,1,4963,64,5518,RPI5_Heterogeneous_XMSSMT_2026-09-18/08_height_heterogeneity/FINAL_BENCHMARK_FREEZE/H6-14/RUN01/operations.csv
H6-14_W16-16,6,14,16,16,HEIGHT,sign,2,6040926,6.040926000,,4963,64,5518,RPI5_Heterogeneous_XMSSMT_2026-09-18/08_height_heterogeneity/FINAL_BENCHMARK_FREEZE/H6-14/RUN01/operations.csv
H6-14_W16-16,6,14,16,16,HEIGHT,verify,2,2764907,2.764907000,1,4963,64,5518,RPI5_Heterogeneous_XMSSMT_2026-09-18/08_height_heterogeneity/FINAL_BENCHMARK_FREEZE/H6-14/RUN01/operations.csv
H6-14_W16-16,6,14,16,16,HEIGHT,sign,3,11039000,11.039000000,,4963,64,5518,RPI5_Heterogeneous_XMSSMT_2026-09-18/08_height_heterogeneity/FINAL_BENCHMARK_FREEZE/H6-14/RUN01/operations.csv
H6-14_W16-16,6,14,16,16,HEIGHT,verify,3,2695092,2.695092000,1,4963,64,5518,RPI5_Heterogeneous_XMSSMT_2026-09-18/08_height_heterogeneity/FINAL_BENCHMARK_FREEZE/H6-14/RUN01/operations.csv
H6-14_W16-16,6,14,16,16,HEIGHT,sign,4,6131425,6.131425000,,4963,64,5518,RPI5_Heterogeneous_XMSSMT_2026-09-18/08_height_heterogeneity/FINAL_BENCHMARK_FREEZE/H6-14/RUN01/operations.csv
H6-14_W16-16,6,14,16,16,HEIGHT,verify,4,2664222,2.664222000,1,4963,64,5518,RPI5_Heterogeneous_XMSSMT_2026-09-18/08_height_heterogeneity/FINAL_BENCHMARK_FREEZE/H6-14/RUN01/operations.csv
H6-14_W16-16,6,14,16,16,HEIGHT,sign,5,6172648,6.172648000,,4963,64,5518,RPI5_Heterogeneous_XMSSMT_2026-09-18/08_height_heterogeneity/FINAL_BENCHMARK_FREEZE/H6-14/RUN01/operations.csv
H6-14_W16-16,6,14,16,16,HEIGHT,verify,5,2632259,2.632259000,1,4963,64,5518,RPI5_Heterogeneous_XMSSMT_2026-09-18/08_height_heterogeneity/FINAL_BENCHMARK_FREEZE/H6-14/RUN01/operations.csv
H6-14_W16-16,6,14,16,16,HEIGHT,sign,6,6038148,6.038148000,,4963,64,5518,RPI5_Heterogeneous_XMSSMT_2026-09-18/08_height_heterogeneity/FINAL_BENCHMARK_FREEZE/H6-14/RUN01/operations.csv
H6-14_W16-16,6,14,16,16,HEIGHT,verify,6,2765870,2.765870000,1,4963,64,5518,RPI5_Heterogeneous_XMSSMT_2026-09-18/08_height_heterogeneity/FINAL_BENCHMARK_FREEZE/H6-14/RUN01/operations.csv
H6-14_W16-16,6,14,16,16,HEIGHT,sign,7,11089611,11.089611000,,4963,64,5518,RPI5_Heterogeneous_XMSSMT_2026-09-18/08_height_heterogeneity/FINAL_BENCHMARK_FREEZE/H6-14/RUN01/operations.csv
H6-14_W16-16,6,14,16,16,HEIGHT,verify,7,2667982,2.667982000,1,4963,64,5518,RPI5_Heterogeneous_XMSSMT_2026-09-18/08_height_heterogeneity/FINAL_BENCHMARK_FREEZE/H6-14/RUN01/operations.csv
H6-14_W16-16,6,14,16,16,HEIGHT,sign,8,13476981,13.476981000,,4963,64,5518,RPI5_Heterogeneous_XMSSMT_2026-09-18/08_height_heterogeneity/FINAL_BENCHMARK_FREEZE/H6-14/RUN01/operations.csv
H6-14_W16-16,6,14,16,16,HEIGHT,verify,8,2730778,2.730778000,1,4963,64,5518,RPI5_Heterogeneous_XMSSMT_2026-09-18/08_height_heterogeneity/FINAL_BENCHMARK_FREEZE/H6-14/RUN01/operations.csv
H6-14_W16-16,6,14,16,16,HEIGHT,sign,9,8556926,8.556926000,,4963,64,5518,RPI5_Heterogeneous_XMSSMT_2026-09-18/08_height_heterogeneity/FINAL_BENCHMARK_FREEZE/H6-14/RUN01/operations.csv
H6-14_W16-16,6,14,16,16,HEIGHT,verify,9,2732519,2.732519000,1,4963,64,5518,RPI5_Heterogeneous_XMSSMT_2026-09-18/08_height_heterogeneity/FINAL_BENCHMARK_FREEZE/H6-14/RUN01/operations.csv
H6-14_W16-16,6,14,16,16,HEIGHT,sign,10,6110389,6.110389000,,4963,64,5518,RPI5_Heterogeneous_XMSSMT_2026-09-18/08_height_heterogeneity/FINAL_BENCHMARK_FREEZE/H6-14/RUN01/operations.csv
H6-14_W16-16,6,14,16,16,HEIGHT,verify,10,2699278,2.699278000,1,4963,64,5518,RPI5_Heterogeneous_XMSSMT_2026-09-18/08_height_heterogeneity/FINAL_BENCHMARK_FREEZE/H6-14/RUN01/operations.csv
H6-14_W16-16,6,14,16,16,HEIGHT,sign,11,11055963,11.055963000,,4963,64,5518,RPI5_Heterogeneous_XMSSMT_2026-09-18/08_height_heterogeneity/FINAL_BENCHMARK_FREEZE/H6-14/RUN01/operations.csv
H6-14_W16-16,6,14,16,16,HEIGHT,verify,11,2695352,2.695352000,1,4963,64,5518,RPI5_Heterogeneous_XMSSMT_2026-09-18/08_height_heterogeneity/FINAL_BENCHMARK_FREEZE/H6-14/RUN01/operations.csv
H6-14_W16-16,6,14,16,16,HEIGHT,sign,12,6066593,6.066593000,,4963,64,5518,RPI5_Heterogeneous_XMSSMT_2026-09-18/08_height_heterogeneity/FINAL_BENCHMARK_FREEZE/H6-14/RUN01/operations.csv
H6-14_W16-16,6,14,16,16,HEIGHT,verify,12,2729740,2.729740000,1,4963,64,5518,RPI5_Heterogeneous_XMSSMT_2026-09-18/08_height_heterogeneity/FINAL_BENCHMARK_FREEZE/H6-14/RUN01/operations.csv
H6-14_W16-16,6,14,16,16,HEIGHT,sign,13,6250130,6.250130000,,4963,64,5518,RPI5_Heterogeneous_XMSSMT_2026-09-18/08_height_heterogeneity/FINAL_BENCHMARK_FREEZE/H6-14/RUN01/operations.csv
H6-14_W16-16,6,14,16,16,HEIGHT,verify,13,2564851,2.564851000,1,4963,64,5518,RPI5_Heterogeneous_XMSSMT_2026-09-18/08_height_heterogeneity/FINAL_BENCHMARK_FREEZE/H6-14/RUN01/operations.csv
H6-14_W16-16,6,14,16,16,HEIGHT,sign,14,6134463,6.134463000,,4963,64,5518,RPI5_Heterogeneous_XMSSMT_2026-09-18/08_height_heterogeneity/FINAL_BENCHMARK_FREEZE/H6-14/RUN01/operations.csv
H6-14_W16-16,6,14,16,16,HEIGHT,verify,14,2667223,2.667223000,1,4963,64,5518,RPI5_Heterogeneous_XMSSMT_2026-09-18/08_height_heterogeneity/FINAL_BENCHMARK_FREEZE/H6-14/RUN01/operations.csv
H6-14_W16-16,6,14,16,16,HEIGHT,sign,15,10919314,10.919314000,,4963,64,5518,RPI5_Heterogeneous_XMSSMT_2026-09-18/08_height_heterogeneity/FINAL_BENCHMARK_FREEZE/H6-14/RUN01/operations.csv
H6-14_W16-16,6,14,16,16,HEIGHT,verify,15,2830149,2.830149000,1,4963,64,5518,RPI5_Heterogeneous_XMSSMT_2026-09-18/08_height_heterogeneity/FINAL_BENCHMARK_FREEZE/H6-14/RUN01/operations.csv
H6-14_W16-16,6,14,16,16,HEIGHT,sign,16,13414389,13.414389000,,4963,64,5518,RPI5_Heterogeneous_XMSSMT_2026-09-18/08_height_heterogeneity/FINAL_BENCHMARK_FREEZE/H6-14/RUN01/operations.csv
H6-14_W16-16,6,14,16,16,HEIGHT,verify,16,2828370,2.828370000,1,4963,64,5518,RPI5_Heterogeneous_XMSSMT_2026-09-18/08_height_heterogeneity/FINAL_BENCHMARK_FREEZE/H6-14/RUN01/operations.csv
H6-14_W16-16,6,14,16,16,HEIGHT,sign,17,11063982,11.063982000,,4963,64,5518,RPI5_Heterogeneous_XMSSMT_2026-09-18/08_height_heterogeneity/FINAL_BENCHMARK_FREEZE/H6-14/RUN01/operations.csv
H6-14_W16-16,6,14,16,16,HEIGHT,verify,17,2662111,2.662111000,1,4963,64,5518,RPI5_Heterogeneous_XMSSMT_2026-09-18/08_height_heterogeneity/FINAL_BENCHMARK_FREEZE/H6-14/RUN01/operations.csv
H6-14_W16-16,6,14,16,16,HEIGHT,sign,18,13515982,13.515982000,,4963,64,5518,RPI5_Heterogeneous_XMSSMT_2026-09-18/08_height_heterogeneity/FINAL_BENCHMARK_FREEZE/H6-14/RUN01/operations.csv
H6-14_W16-16,6,14,16,16,HEIGHT,verify,18,2663167,2.663167000,1,4963,64,5518,RPI5_Heterogeneous_XMSSMT_2026-09-18/08_height_heterogeneity/FINAL_BENCHMARK_FREEZE/H6-14/RUN01/operations.csv
H6-14_W16-16,6,14,16,16,HEIGHT,sign,19,11061852,11.061852000,,4963,64,5518,RPI5_Heterogeneous_XMSSMT_2026-09-18/08_height_heterogeneity/FINAL_BENCHMARK_FREEZE/H6-14/RUN01/operations.csv
H6-14_W16-16,6,14,16,16,HEIGHT,verify,19,2665223,2.665223000,1,4963,64,5518,RPI5_Heterogeneous_XMSSMT_2026-09-18/08_height_heterogeneity/FINAL_BENCHMARK_FREEZE/H6-14/RUN01/operations.csv
H6-14_W16-16,6,14,16,16,HEIGHT,sign,20,13450685,13.450685000,,4963,64,5518,RPI5_Heterogeneous_XMSSMT_2026-09-18/08_height_heterogeneity/FINAL_BENCHMARK_FREEZE/H6-14/RUN01/operations.csv
H6-14_W16-16,6,14,16,16,HEIGHT,verify,20,2724019,2.724019000,1,4963,64,5518,RPI5_Heterogeneous_XMSSMT_2026-09-18/08_height_heterogeneity/FINAL_BENCHMARK_FREEZE/H6-14/RUN01/operations.csv
H6-14_W16-16,6,14,16,16,HEIGHT,sign,21,8617167,8.617167000,,4963,64,5518,RPI5_Heterogeneous_XMSSMT_2026-09-18/08_height_heterogeneity/FINAL_BENCHMARK_FREEZE/H6-14/RUN01/operations.csv
H6-14_W16-16,6,14,16,16,HEIGHT,verify,21,2656463,2.656463000,1,4963,64,5518,RPI5_Heterogeneous_XMSSMT_2026-09-18/08_height_heterogeneity/FINAL_BENCHMARK_FREEZE/H6-14/RUN01/operations.csv
H6-14_W16-16,6,14,16,16,HEIGHT,sign,22,6163315,6.163315000,,4963,64,5518,RPI5_Heterogeneous_XMSSMT_2026-09-18/08_height_heterogeneity/FINAL_BENCHMARK_FREEZE/H6-14/RUN01/operations.csv
H6-14_W16-16,6,14,16,16,HEIGHT,verify,22,2632963,2.632963000,1,4963,64,5518,RPI5_Heterogeneous_XMSSMT_2026-09-18/08_height_heterogeneity/FINAL_BENCHMARK_FREEZE/H6-14/RUN01/operations.csv
H6-14_W16-16,6,14,16,16,HEIGHT,sign,23,11085092,11.085092000,,4963,64,5518,RPI5_Heterogeneous_XMSSMT_2026-09-18/08_height_heterogeneity/FINAL_BENCHMARK_FREEZE/H6-14/RUN01/operations.csv
H6-14_W16-16,6,14,16,16,HEIGHT,verify,23,2664241,2.664241000,1,4963,64,5518,RPI5_Heterogeneous_XMSSMT_2026-09-18/08_height_heterogeneity/FINAL_BENCHMARK_FREEZE/H6-14/RUN01/operations.csv
H6-14_W16-16,6,14,16,16,HEIGHT,sign,24,13259370,13.259370000,,4963,64,5518,RPI5_Heterogeneous_XMSSMT_2026-09-18/08_height_heterogeneity/FINAL_BENCHMARK_FREEZE/H6-14/RUN01/operations.csv
H6-14_W16-16,6,14,16,16,HEIGHT,verify,24,2924130,2.924130000,1,4963,64,5518,RPI5_Heterogeneous_XMSSMT_2026-09-18/08_height_heterogeneity/FINAL_BENCHMARK_FREEZE/H6-14/RUN01/operations.csv
H6-14_W16-16,6,14,16,16,HEIGHT,sign,25,8578945,8.578945000,,4963,64,5518,RPI5_Heterogeneous_XMSSMT_2026-09-18/08_height_heterogeneity/FINAL_BENCHMARK_FREEZE/H6-14/RUN01/operations.csv
H6-14_W16-16,6,14,16,16,HEIGHT,verify,25,2696481,2.696481000,1,4963,64,5518,RPI5_Heterogeneous_XMSSMT_2026-09-18/08_height_heterogeneity/FINAL_BENCHMARK_FREEZE/H6-14/RUN01/operations.csv
H6-14_W16-16,6,14,16,16,HEIGHT,sign,26,6068796,6.068796000,,4963,64,5518,RPI5_Heterogeneous_XMSSMT_2026-09-18/08_height_heterogeneity/FINAL_BENCHMARK_FREEZE/H6-14/RUN01/operations.csv
H6-14_W16-16,6,14,16,16,HEIGHT,verify,26,2729037,2.729037000,1,4963,64,5518,RPI5_Heterogeneous_XMSSMT_2026-09-18/08_height_heterogeneity/FINAL_BENCHMARK_FREEZE/H6-14/RUN01/operations.csv
H6-14_W16-16,6,14,16,16,HEIGHT,sign,27,10972037,10.972037000,,4963,64,5518,RPI5_Heterogeneous_XMSSMT_2026-09-18/08_height_heterogeneity/FINAL_BENCHMARK_FREEZE/H6-14/RUN01/operations.csv
H6-14_W16-16,6,14,16,16,HEIGHT,verify,27,2766777,2.766777000,1,4963,64,5518,RPI5_Heterogeneous_XMSSMT_2026-09-18/08_height_heterogeneity/FINAL_BENCHMARK_FREEZE/H6-14/RUN01/operations.csv
H6-14_W16-16,6,14,16,16,HEIGHT,sign,28,5952074,5.952074000,,4963,64,5518,RPI5_Heterogeneous_XMSSMT_2026-09-18/08_height_heterogeneity/FINAL_BENCHMARK_FREEZE/H6-14/RUN01/operations.csv
H6-14_W16-16,6,14,16,16,HEIGHT,verify,28,2824871,2.824871000,1,4963,64,5518,RPI5_Heterogeneous_XMSSMT_2026-09-18/08_height_heterogeneity/FINAL_BENCHMARK_FREEZE/H6-14/RUN01/operations.csv
H6-14_W16-16,6,14,16,16,HEIGHT,sign,29,6057963,6.057963000,,4963,64,5518,RPI5_Heterogeneous_XMSSMT_2026-09-18/08_height_heterogeneity/FINAL_BENCHMARK_FREEZE/H6-14/RUN01/operations.csv
H6-14_W16-16,6,14,16,16,HEIGHT,verify,29,2725926,2.725926000,1,4963,64,5518,RPI5_Heterogeneous_XMSSMT_2026-09-18/08_height_heterogeneity/FINAL_BENCHMARK_FREEZE/H6-14/RUN01/operations.csv
H6-14_W16-16,6,14,16,16,HEIGHT,sign,30,6012111,6.012111000,,4963,64,5518,RPI5_Heterogeneous_XMSSMT_2026-09-18/08_height_heterogeneity/FINAL_BENCHMARK_FREEZE/H6-14/RUN01/operations.csv
H6-14_W16-16,6,14,16,16,HEIGHT,verify,30,2758851,2.758851000,1,4963,64,5518,RPI5_Heterogeneous_XMSSMT_2026-09-18/08_height_heterogeneity/FINAL_BENCHMARK_FREEZE/H6-14/RUN01/operations.csv
H6-14_W16-16,6,14,16,16,HEIGHT,sign,31,10951537,10.951537000,,4963,64,5518,RPI5_Heterogeneous_XMSSMT_2026-09-18/08_height_heterogeneity/FINAL_BENCHMARK_FREEZE/H6-14/RUN01/operations.csv
H6-14_W16-16,6,14,16,16,HEIGHT,verify,31,2760037,2.760037000,1,4963,64,5518,RPI5_Heterogeneous_XMSSMT_2026-09-18/08_height_heterogeneity/FINAL_BENCHMARK_FREEZE/H6-14/RUN01/operations.csv
H6-14_W16-16,6,14,16,16,HEIGHT,sign,32,13315704,13.315704000,,4963,64,5518,RPI5_Heterogeneous_XMSSMT_2026-09-18/08_height_heterogeneity/FINAL_BENCHMARK_FREEZE/H6-14/RUN01/operations.csv
H6-14_W16-16,6,14,16,16,HEIGHT,verify,32,2823333,2.823333000,1,4963,64,5518,RPI5_Heterogeneous_XMSSMT_2026-09-18/08_height_heterogeneity/FINAL_BENCHMARK_FREEZE/H6-14/RUN01/operations.csv
H6-14_W16-16,6,14,16,16,HEIGHT,sign,33,11076686,11.076686000,,4963,64,5518,RPI5_Heterogeneous_XMSSMT_2026-09-18/08_height_heterogeneity/FINAL_BENCHMARK_FREEZE/H6-14/RUN01/operations.csv
H6-14_W16-16,6,14,16,16,HEIGHT,verify,33,2627203,2.627203000,1,4963,64,5518,RPI5_Heterogeneous_XMSSMT_2026-09-18/08_height_heterogeneity/FINAL_BENCHMARK_FREEZE/H6-14/RUN01/operations.csv
H6-14_W16-16,6,14,16,16,HEIGHT,sign,34,13541222,13.541222000,,4963,64,5518,RPI5_Heterogeneous_XMSSMT_2026-09-18/08_height_heterogeneity/FINAL_BENCHMARK_FREEZE/H6-14/RUN01/operations.csv
H6-14_W16-16,6,14,16,16,HEIGHT,verify,34,2628907,2.628907000,1,4963,64,5518,RPI5_Heterogeneous_XMSSMT_2026-09-18/08_height_heterogeneity/FINAL_BENCHMARK_FREEZE/H6-14/RUN01/operations.csv
H6-14_W16-16,6,14,16,16,HEIGHT,sign,35,10981889,10.981889000,,4963,64,5518,RPI5_Heterogeneous_XMSSMT_2026-09-18/08_height_heterogeneity/FINAL_BENCHMARK_FREEZE/H6-14/RUN01/operations.csv
H6-14_W16-16,6,14,16,16,HEIGHT,verify,35,2722148,2.722148000,1,4963,64,5518,RPI5_Heterogeneous_XMSSMT_2026-09-18/08_height_heterogeneity/FINAL_BENCHMARK_FREEZE/H6-14/RUN01/operations.csv
H6-14_W16-16,6,14,16,16,HEIGHT,sign,36,13486907,13.486907000,,4963,64,5518,RPI5_Heterogeneous_XMSSMT_2026-09-18/08_height_heterogeneity/FINAL_BENCHMARK_FREEZE/H6-14/RUN01/operations.csv
H6-14_W16-16,6,14,16,16,HEIGHT,verify,36,2663926,2.663926000,1,4963,64,5518,RPI5_Heterogeneous_XMSSMT_2026-09-18/08_height_heterogeneity/FINAL_BENCHMARK_FREEZE/H6-14/RUN01/operations.csv
H6-14_W16-16,6,14,16,16,HEIGHT,sign,37,8425556,8.425556000,,4963,64,5518,RPI5_Heterogeneous_XMSSMT_2026-09-18/08_height_heterogeneity/FINAL_BENCHMARK_FREEZE/H6-14/RUN01/operations.csv
H6-14_W16-16,6,14,16,16,HEIGHT,verify,37,2818871,2.818871000,1,4963,64,5518,RPI5_Heterogeneous_XMSSMT_2026-09-18/08_height_heterogeneity/FINAL_BENCHMARK_FREEZE/H6-14/RUN01/operations.csv
H6-14_W16-16,6,14,16,16,HEIGHT,sign,38,6057055,6.057055000,,4963,64,5518,RPI5_Heterogeneous_XMSSMT_2026-09-18/08_height_heterogeneity/FINAL_BENCHMARK_FREEZE/H6-14/RUN01/operations.csv
H6-14_W16-16,6,14,16,16,HEIGHT,verify,38,2726518,2.726518000,1,4963,64,5518,RPI5_Heterogeneous_XMSSMT_2026-09-18/08_height_heterogeneity/FINAL_BENCHMARK_FREEZE/H6-14/RUN01/operations.csv
H6-14_W16-16,6,14,16,16,HEIGHT,sign,39,10957667,10.957667000,,4963,64,5518,RPI5_Heterogeneous_XMSSMT_2026-09-18/08_height_heterogeneity/FINAL_BENCHMARK_FREEZE/H6-14/RUN01/operations.csv
H6-14_W16-16,6,14,16,16,HEIGHT,verify,39,2763092,2.763092000,1,4963,64,5518,RPI5_Heterogeneous_XMSSMT_2026-09-18/08_height_heterogeneity/FINAL_BENCHMARK_FREEZE/H6-14/RUN01/operations.csv
H6-14_W16-16,6,14,16,16,HEIGHT,sign,40,13395500,13.395500000,,4963,64,5518,RPI5_Heterogeneous_XMSSMT_2026-09-18/08_height_heterogeneity/FINAL_BENCHMARK_FREEZE/H6-14/RUN01/operations.csv
H6-14_W16-16,6,14,16,16,HEIGHT,verify,40,2756463,2.756463000,1,4963,64,5518,RPI5_Heterogeneous_XMSSMT_2026-09-18/08_height_heterogeneity/FINAL_BENCHMARK_FREEZE/H6-14/RUN01/operations.csv
H6-14_W16-16,6,14,16,16,HEIGHT,sign,41,8507389,8.507389000,,4963,64,5518,RPI5_Heterogeneous_XMSSMT_2026-09-18/08_height_heterogeneity/FINAL_BENCHMARK_FREEZE/H6-14/RUN01/operations.csv
H6-14_W16-16,6,14,16,16,HEIGHT,verify,41,2762389,2.762389000,1,4963,64,5518,RPI5_Heterogeneous_XMSSMT_2026-09-18/08_height_heterogeneity/FINAL_BENCHMARK_FREEZE/H6-14/RUN01/operations.csv
H6-14_W16-16,6,14,16,16,HEIGHT,sign,42,6051407,6.051407000,,4963,64,5518,RPI5_Heterogeneous_XMSSMT_2026-09-18/08_height_heterogeneity/FINAL_BENCHMARK_FREEZE/H6-14/RUN01/operations.csv
H6-14_W16-16,6,14,16,16,HEIGHT,verify,42,2730352,2.730352000,1,4963,64,5518,RPI5_Heterogeneous_XMSSMT_2026-09-18/08_height_heterogeneity/FINAL_BENCHMARK_FREEZE/H6-14/RUN01/operations.csv
H6-14_W16-16,6,14,16,16,HEIGHT,sign,43,11016760,11.016760000,,4963,64,5518,RPI5_Heterogeneous_XMSSMT_2026-09-18/08_height_heterogeneity/FINAL_BENCHMARK_FREEZE/H6-14/RUN01/operations.csv
H6-14_W16-16,6,14,16,16,HEIGHT,verify,43,2686056,2.686056000,1,4963,64,5518,RPI5_Heterogeneous_XMSSMT_2026-09-18/08_height_heterogeneity/FINAL_BENCHMARK_FREEZE/H6-14/RUN01/operations.csv
H6-14_W16-16,6,14,16,16,HEIGHT,sign,44,6087537,6.087537000,,4963,64,5518,RPI5_Heterogeneous_XMSSMT_2026-09-18/08_height_heterogeneity/FINAL_BENCHMARK_FREEZE/H6-14/RUN01/operations.csv
H6-14_W16-16,6,14,16,16,HEIGHT,verify,44,2692982,2.692982000,1,4963,64,5518,RPI5_Heterogeneous_XMSSMT_2026-09-18/08_height_heterogeneity/FINAL_BENCHMARK_FREEZE/H6-14/RUN01/operations.csv
H6-14_W16-16,6,14,16,16,HEIGHT,sign,45,6067389,6.067389000,,4963,64,5518,RPI5_Heterogeneous_XMSSMT_2026-09-18/08_height_heterogeneity/FINAL_BENCHMARK_FREEZE/H6-14/RUN01/operations.csv
H6-14_W16-16,6,14,16,16,HEIGHT,verify,45,2730334,2.730334000,1,4963,64,5518,RPI5_Heterogeneous_XMSSMT_2026-09-18/08_height_heterogeneity/FINAL_BENCHMARK_FREEZE/H6-14/RUN01/operations.csv
H6-14_W16-16,6,14,16,16,HEIGHT,sign,46,6115982,6.115982000,,4963,64,5518,RPI5_Heterogeneous_XMSSMT_2026-09-18/08_height_heterogeneity/FINAL_BENCHMARK_FREEZE/H6-14/RUN01/operations.csv
H6-14_W16-16,6,14,16,16,HEIGHT,verify,46,2661278,2.661278000,1,4963,64,5518,RPI5_Heterogeneous_XMSSMT_2026-09-18/08_height_heterogeneity/FINAL_BENCHMARK_FREEZE/H6-14/RUN01/operations.csv
H6-14_W16-16,6,14,16,16,HEIGHT,sign,47,11064519,11.064519000,,4963,64,5518,RPI5_Heterogeneous_XMSSMT_2026-09-18/08_height_heterogeneity/FINAL_BENCHMARK_FREEZE/H6-14/RUN01/operations.csv
H6-14_W16-16,6,14,16,16,HEIGHT,verify,47,2656259,2.656259000,1,4963,64,5518,RPI5_Heterogeneous_XMSSMT_2026-09-18/08_height_heterogeneity/FINAL_BENCHMARK_FREEZE/H6-14/RUN01/operations.csv
H6-14_W16-16,6,14,16,16,HEIGHT,sign,48,13231241,13.231241000,,4963,64,5518,RPI5_Heterogeneous_XMSSMT_2026-09-18/08_height_heterogeneity/FINAL_BENCHMARK_FREEZE/H6-14/RUN01/operations.csv
H6-14_W16-16,6,14,16,16,HEIGHT,verify,48,2921130,2.921130000,1,4963,64,5518,RPI5_Heterogeneous_XMSSMT_2026-09-18/08_height_heterogeneity/FINAL_BENCHMARK_FREEZE/H6-14/RUN01/operations.csv
H6-14_W16-16,6,14,16,16,HEIGHT,sign,49,8624852,8.624852000,,4963,64,5518,RPI5_Heterogeneous_XMSSMT_2026-09-18/08_height_heterogeneity/FINAL_BENCHMARK_FREEZE/H6-14/RUN01/operations.csv
H6-14_W16-16,6,14,16,16,HEIGHT,verify,49,2626982,2.626982000,1,4963,64,5518,RPI5_Heterogeneous_XMSSMT_2026-09-18/08_height_heterogeneity/FINAL_BENCHMARK_FREEZE/H6-14/RUN01/operations.csv
H6-14_W16-16,6,14,16,16,HEIGHT,sign,50,6088963,6.088963000,,4963,64,5518,RPI5_Heterogeneous_XMSSMT_2026-09-18/08_height_heterogeneity/FINAL_BENCHMARK_FREEZE/H6-14/RUN01/operations.csv
H6-14_W16-16,6,14,16,16,HEIGHT,verify,50,2693426,2.693426000,1,4963,64,5518,RPI5_Heterogeneous_XMSSMT_2026-09-18/08_height_heterogeneity/FINAL_BENCHMARK_FREEZE/H6-14/RUN01/operations.csv
H6-14_W16-16,6,14,16,16,HEIGHT,sign,51,10955555,10.955555000,,4963,64,5518,RPI5_Heterogeneous_XMSSMT_2026-09-18/08_height_heterogeneity/FINAL_BENCHMARK_FREEZE/H6-14/RUN01/operations.csv
H6-14_W16-16,6,14,16,16,HEIGHT,verify,51,2761889,2.761889000,1,4963,64,5518,RPI5_Heterogeneous_XMSSMT_2026-09-18/08_height_heterogeneity/FINAL_BENCHMARK_FREEZE/H6-14/RUN01/operations.csv
H6-14_W16-16,6,14,16,16,HEIGHT,sign,52,6019908,6.019908000,,4963,64,5518,RPI5_Heterogeneous_XMSSMT_2026-09-18/08_height_heterogeneity/FINAL_BENCHMARK_FREEZE/H6-14/RUN01/operations.csv
H6-14_W16-16,6,14,16,16,HEIGHT,verify,52,2763759,2.763759000,1,4963,64,5518,RPI5_Heterogeneous_XMSSMT_2026-09-18/08_height_heterogeneity/FINAL_BENCHMARK_FREEZE/H6-14/RUN01/operations.csv
H6-14_W16-16,6,14,16,16,HEIGHT,sign,53,6062926,6.062926000,,4963,64,5518,RPI5_Heterogeneous_XMSSMT_2026-09-18/08_height_heterogeneity/FINAL_BENCHMARK_FREEZE/H6-14/RUN01/operations.csv
H6-14_W16-16,6,14,16,16,HEIGHT,verify,53,2719870,2.719870000,1,4963,64,5518,RPI5_Heterogeneous_XMSSMT_2026-09-18/08_height_heterogeneity/FINAL_BENCHMARK_FREEZE/H6-14/RUN01/operations.csv
H6-14_W16-16,6,14,16,16,HEIGHT,sign,54,6028352,6.028352000,,4963,64,5518,RPI5_Heterogeneous_XMSSMT_2026-09-18/08_height_heterogeneity/FINAL_BENCHMARK_FREEZE/H6-14/RUN01/operations.csv
H6-14_W16-16,6,14,16,16,HEIGHT,verify,54,2760222,2.760222000,1,4963,64,5518,RPI5_Heterogeneous_XMSSMT_2026-09-18/08_height_heterogeneity/FINAL_BENCHMARK_FREEZE/H6-14/RUN01/operations.csv
H6-14_W16-16,6,14,16,16,HEIGHT,sign,55,11051740,11.051740000,,4963,64,5518,RPI5_Heterogeneous_XMSSMT_2026-09-18/08_height_heterogeneity/FINAL_BENCHMARK_FREEZE/H6-14/RUN01/operations.csv
H6-14_W16-16,6,14,16,16,HEIGHT,verify,55,2663907,2.663907000,1,4963,64,5518,RPI5_Heterogeneous_XMSSMT_2026-09-18/08_height_heterogeneity/FINAL_BENCHMARK_FREEZE/H6-14/RUN01/operations.csv
H6-14_W16-16,6,14,16,16,HEIGHT,sign,56,6051704,6.051704000,,4963,64,5518,RPI5_Heterogeneous_XMSSMT_2026-09-18/08_height_heterogeneity/FINAL_BENCHMARK_FREEZE/H6-14/RUN01/operations.csv
H6-14_W16-16,6,14,16,16,HEIGHT,verify,56,2728537,2.728537000,1,4963,64,5518,RPI5_Heterogeneous_XMSSMT_2026-09-18/08_height_heterogeneity/FINAL_BENCHMARK_FREEZE/H6-14/RUN01/operations.csv
H6-14_W16-16,6,14,16,16,HEIGHT,sign,57,6062963,6.062963000,,4963,64,5518,RPI5_Heterogeneous_XMSSMT_2026-09-18/08_height_heterogeneity/FINAL_BENCHMARK_FREEZE/H6-14/RUN01/operations.csv
H6-14_W16-16,6,14,16,16,HEIGHT,verify,57,2720982,2.720982000,1,4963,64,5518,RPI5_Heterogeneous_XMSSMT_2026-09-18/08_height_heterogeneity/FINAL_BENCHMARK_FREEZE/H6-14/RUN01/operations.csv
H6-14_W16-16,6,14,16,16,HEIGHT,sign,58,6119814,6.119814000,,4963,64,5518,RPI5_Heterogeneous_XMSSMT_2026-09-18/08_height_heterogeneity/FINAL_BENCHMARK_FREEZE/H6-14/RUN01/operations.csv
H6-14_W16-16,6,14,16,16,HEIGHT,verify,58,2661463,2.661463000,1,4963,64,5518,RPI5_Heterogeneous_XMSSMT_2026-09-18/08_height_heterogeneity/FINAL_BENCHMARK_FREEZE/H6-14/RUN01/operations.csv
H6-14_W16-16,6,14,16,16,HEIGHT,sign,59,6067408,6.067408000,,4963,64,5518,RPI5_Heterogeneous_XMSSMT_2026-09-18/08_height_heterogeneity/FINAL_BENCHMARK_FREEZE/H6-14/RUN01/operations.csv
H6-14_W16-16,6,14,16,16,HEIGHT,verify,59,2728351,2.728351000,1,4963,64,5518,RPI5_Heterogeneous_XMSSMT_2026-09-18/08_height_heterogeneity/FINAL_BENCHMARK_FREEZE/H6-14/RUN01/operations.csv
H6-14_W16-16,6,14,16,16,HEIGHT,sign,60,5954519,5.954519000,,4963,64,5518,RPI5_Heterogeneous_XMSSMT_2026-09-18/08_height_heterogeneity/FINAL_BENCHMARK_FREEZE/H6-14/RUN01/operations.csv
H6-14_W16-16,6,14,16,16,HEIGHT,verify,60,2825223,2.825223000,1,4963,64,5518,RPI5_Heterogeneous_XMSSMT_2026-09-18/08_height_heterogeneity/FINAL_BENCHMARK_FREEZE/H6-14/RUN01/operations.csv
H6-14_W16-16,6,14,16,16,HEIGHT,sign,61,3604500,3.604500000,,4963,64,5518,RPI5_Heterogeneous_XMSSMT_2026-09-18/08_height_heterogeneity/FINAL_BENCHMARK_FREEZE/H6-14/RUN01/operations.csv
H6-14_W16-16,6,14,16,16,HEIGHT,verify,61,2721296,2.721296000,1,4963,64,5518,RPI5_Heterogeneous_XMSSMT_2026-09-18/08_height_heterogeneity/FINAL_BENCHMARK_FREEZE/H6-14/RUN01/operations.csv
H6-14_W16-16,6,14,16,16,HEIGHT,sign,62,6138222,6.138222000,,4963,64,5518,RPI5_Heterogeneous_XMSSMT_2026-09-18/08_height_heterogeneity/FINAL_BENCHMARK_FREEZE/H6-14/RUN01/operations.csv
H6-14_W16-16,6,14,16,16,HEIGHT,verify,62,2622296,2.622296000,1,4963,64,5518,RPI5_Heterogeneous_XMSSMT_2026-09-18/08_height_heterogeneity/FINAL_BENCHMARK_FREEZE/H6-14/RUN01/operations.csv
H6-14_W16-16,6,14,16,16,HEIGHT,sign,63,7294166,7.294166000,,4963,64,5518,RPI5_Heterogeneous_XMSSMT_2026-09-18/08_height_heterogeneity/FINAL_BENCHMARK_FREEZE/H6-14/RUN01/operations.csv
H6-14_W16-16,6,14,16,16,HEIGHT,verify,63,2622166,2.622166000,1,4963,64,5518,RPI5_Heterogeneous_XMSSMT_2026-09-18/08_height_heterogeneity/FINAL_BENCHMARK_FREEZE/H6-14/RUN01/operations.csv
H6-14_W16-16,6,14,16,16,HEIGHT,sign,64,6205944,6.205944000,,4963,64,5518,RPI5_Heterogeneous_XMSSMT_2026-09-18/08_height_heterogeneity/FINAL_BENCHMARK_FREEZE/H6-14/RUN01/operations.csv
H6-14_W16-16,6,14,16,16,HEIGHT,verify,64,2524741,2.524741000,1,4963,64,5518,RPI5_Heterogeneous_XMSSMT_2026-09-18/08_height_heterogeneity/FINAL_BENCHMARK_FREEZE/H6-14/RUN01/operations.csv
H6-14_W16-16,6,14,16,16,HEIGHT,sign,65,6020796,6.020796000,,4963,64,5518,RPI5_Heterogeneous_XMSSMT_2026-09-18/08_height_heterogeneity/FINAL_BENCHMARK_FREEZE/H6-14/RUN01/operations.csv
H6-14_W16-16,6,14,16,16,HEIGHT,verify,65,2724111,2.724111000,1,4963,64,5518,RPI5_Heterogeneous_XMSSMT_2026-09-18/08_height_heterogeneity/FINAL_BENCHMARK_FREEZE/H6-14/RUN01/operations.csv
H6-14_W16-16,6,14,16,16,HEIGHT,sign,66,6102537,6.102537000,,4963,64,5518,RPI5_Heterogeneous_XMSSMT_2026-09-18/08_height_heterogeneity/FINAL_BENCHMARK_FREEZE/H6-14/RUN01/operations.csv
H6-14_W16-16,6,14,16,16,HEIGHT,verify,66,2622926,2.622926000,1,4963,64,5518,RPI5_Heterogeneous_XMSSMT_2026-09-18/08_height_heterogeneity/FINAL_BENCHMARK_FREEZE/H6-14/RUN01/operations.csv
H6-14_W16-16,6,14,16,16,HEIGHT,sign,67,11077611,11.077611000,,4963,64,5518,RPI5_Heterogeneous_XMSSMT_2026-09-18/08_height_heterogeneity/FINAL_BENCHMARK_FREEZE/H6-14/RUN01/operations.csv
H6-14_W16-16,6,14,16,16,HEIGHT,verify,67,2588167,2.588167000,1,4963,64,5518,RPI5_Heterogeneous_XMSSMT_2026-09-18/08_height_heterogeneity/FINAL_BENCHMARK_FREEZE/H6-14/RUN01/operations.csv
H6-14_W16-16,6,14,16,16,HEIGHT,sign,68,6010778,6.010778000,,4963,64,5518,RPI5_Heterogeneous_XMSSMT_2026-09-18/08_height_heterogeneity/FINAL_BENCHMARK_FREEZE/H6-14/RUN01/operations.csv
H6-14_W16-16,6,14,16,16,HEIGHT,verify,68,2723667,2.723667000,1,4963,64,5518,RPI5_Heterogeneous_XMSSMT_2026-09-18/08_height_heterogeneity/FINAL_BENCHMARK_FREEZE/H6-14/RUN01/operations.csv
H6-14_W16-16,6,14,16,16,HEIGHT,sign,69,6093574,6.093574000,,4963,64,5518,RPI5_Heterogeneous_XMSSMT_2026-09-18/08_height_heterogeneity/FINAL_BENCHMARK_FREEZE/H6-14/RUN01/operations.csv
H6-14_W16-16,6,14,16,16,HEIGHT,verify,69,2660444,2.660444000,1,4963,64,5518,RPI5_Heterogeneous_XMSSMT_2026-09-18/08_height_heterogeneity/FINAL_BENCHMARK_FREEZE/H6-14/RUN01/operations.csv
H6-14_W16-16,6,14,16,16,HEIGHT,sign,70,6071037,6.071037000,,4963,64,5518,RPI5_Heterogeneous_XMSSMT_2026-09-18/08_height_heterogeneity/FINAL_BENCHMARK_FREEZE/H6-14/RUN01/operations.csv
H6-14_W16-16,6,14,16,16,HEIGHT,verify,70,2657370,2.657370000,1,4963,64,5518,RPI5_Heterogeneous_XMSSMT_2026-09-18/08_height_heterogeneity/FINAL_BENCHMARK_FREEZE/H6-14/RUN01/operations.csv
H6-14_W16-16,6,14,16,16,HEIGHT,sign,71,11176944,11.176944000,,4963,64,5518,RPI5_Heterogeneous_XMSSMT_2026-09-18/08_height_heterogeneity/FINAL_BENCHMARK_FREEZE/H6-14/RUN01/operations.csv
H6-14_W16-16,6,14,16,16,HEIGHT,verify,71,2492166,2.492166000,1,4963,64,5518,RPI5_Heterogeneous_XMSSMT_2026-09-18/08_height_heterogeneity/FINAL_BENCHMARK_FREEZE/H6-14/RUN01/operations.csv
H6-14_W16-16,6,14,16,16,HEIGHT,sign,72,13442777,13.442777000,,4963,64,5518,RPI5_Heterogeneous_XMSSMT_2026-09-18/08_height_heterogeneity/FINAL_BENCHMARK_FREEZE/H6-14/RUN01/operations.csv
H6-14_W16-16,6,14,16,16,HEIGHT,verify,72,2658444,2.658444000,1,4963,64,5518,RPI5_Heterogeneous_XMSSMT_2026-09-18/08_height_heterogeneity/FINAL_BENCHMARK_FREEZE/H6-14/RUN01/operations.csv
H6-14_W16-16,6,14,16,16,HEIGHT,sign,73,8650482,8.650482000,,4963,64,5518,RPI5_Heterogeneous_XMSSMT_2026-09-18/08_height_heterogeneity/FINAL_BENCHMARK_FREEZE/H6-14/RUN01/operations.csv
H6-14_W16-16,6,14,16,16,HEIGHT,verify,73,2559222,2.559222000,1,4963,64,5518,RPI5_Heterogeneous_XMSSMT_2026-09-18/08_height_heterogeneity/FINAL_BENCHMARK_FREEZE/H6-14/RUN01/operations.csv
H6-14_W16-16,6,14,16,16,HEIGHT,sign,74,6136834,6.136834000,,4963,64,5518,RPI5_Heterogeneous_XMSSMT_2026-09-18/08_height_heterogeneity/FINAL_BENCHMARK_FREEZE/H6-14/RUN01/operations.csv
H6-14_W16-16,6,14,16,16,HEIGHT,verify,74,2586223,2.586223000,1,4963,64,5518,RPI5_Heterogeneous_XMSSMT_2026-09-18/08_height_heterogeneity/FINAL_BENCHMARK_FREEZE/H6-14/RUN01/operations.csv
H6-14_W16-16,6,14,16,16,HEIGHT,sign,75,10994667,10.994667000,,4963,64,5518,RPI5_Heterogeneous_XMSSMT_2026-09-18/08_height_heterogeneity/FINAL_BENCHMARK_FREEZE/H6-14/RUN01/operations.csv
H6-14_W16-16,6,14,16,16,HEIGHT,verify,75,2658463,2.658463000,1,4963,64,5518,RPI5_Heterogeneous_XMSSMT_2026-09-18/08_height_heterogeneity/FINAL_BENCHMARK_FREEZE/H6-14/RUN01/operations.csv
H6-14_W16-16,6,14,16,16,HEIGHT,sign,76,6017352,6.017352000,,4963,64,5518,RPI5_Heterogeneous_XMSSMT_2026-09-18/08_height_heterogeneity/FINAL_BENCHMARK_FREEZE/H6-14/RUN01/operations.csv
H6-14_W16-16,6,14,16,16,HEIGHT,verify,76,2726667,2.726667000,1,4963,64,5518,RPI5_Heterogeneous_XMSSMT_2026-09-18/08_height_heterogeneity/FINAL_BENCHMARK_FREEZE/H6-14/RUN01/operations.csv
H6-14_W16-16,6,14,16,16,HEIGHT,sign,77,5892055,5.892055000,,4963,64,5518,RPI5_Heterogeneous_XMSSMT_2026-09-18/08_height_heterogeneity/FINAL_BENCHMARK_FREEZE/H6-14/RUN01/operations.csv
H6-14_W16-16,6,14,16,16,HEIGHT,verify,77,2859074,2.859074000,1,4963,64,5518,RPI5_Heterogeneous_XMSSMT_2026-09-18/08_height_heterogeneity/FINAL_BENCHMARK_FREEZE/H6-14/RUN01/operations.csv
H6-14_W16-16,6,14,16,16,HEIGHT,sign,78,6046777,6.046777000,,4963,64,5518,RPI5_Heterogeneous_XMSSMT_2026-09-18/08_height_heterogeneity/FINAL_BENCHMARK_FREEZE/H6-14/RUN01/operations.csv
H6-14_W16-16,6,14,16,16,HEIGHT,verify,78,2692889,2.692889000,1,4963,64,5518,RPI5_Heterogeneous_XMSSMT_2026-09-18/08_height_heterogeneity/FINAL_BENCHMARK_FREEZE/H6-14/RUN01/operations.csv
H6-14_W16-16,6,14,16,16,HEIGHT,sign,79,11048203,11.048203000,,4963,64,5518,RPI5_Heterogeneous_XMSSMT_2026-09-18/08_height_heterogeneity/FINAL_BENCHMARK_FREEZE/H6-14/RUN01/operations.csv
H6-14_W16-16,6,14,16,16,HEIGHT,verify,79,2626945,2.626945000,1,4963,64,5518,RPI5_Heterogeneous_XMSSMT_2026-09-18/08_height_heterogeneity/FINAL_BENCHMARK_FREEZE/H6-14/RUN01/operations.csv
H6-14_W16-16,6,14,16,16,HEIGHT,sign,80,13446129,13.446129000,,4963,64,5518,RPI5_Heterogeneous_XMSSMT_2026-09-18/08_height_heterogeneity/FINAL_BENCHMARK_FREEZE/H6-14/RUN01/operations.csv
H6-14_W16-16,6,14,16,16,HEIGHT,verify,80,2657945,2.657945000,1,4963,64,5518,RPI5_Heterogeneous_XMSSMT_2026-09-18/08_height_heterogeneity/FINAL_BENCHMARK_FREEZE/H6-14/RUN01/operations.csv
H6-14_W16-16,6,14,16,16,HEIGHT,sign,81,10868259,10.868259000,,4963,64,5518,RPI5_Heterogeneous_XMSSMT_2026-09-18/08_height_heterogeneity/FINAL_BENCHMARK_FREEZE/H6-14/RUN01/operations.csv
H6-14_W16-16,6,14,16,16,HEIGHT,verify,81,2788963,2.788963000,1,4963,64,5518,RPI5_Heterogeneous_XMSSMT_2026-09-18/08_height_heterogeneity/FINAL_BENCHMARK_FREEZE/H6-14/RUN01/operations.csv
H6-14_W16-16,6,14,16,16,HEIGHT,sign,82,13516814,13.516814000,,4963,64,5518,RPI5_Heterogeneous_XMSSMT_2026-09-18/08_height_heterogeneity/FINAL_BENCHMARK_FREEZE/H6-14/RUN01/operations.csv
H6-14_W16-16,6,14,16,16,HEIGHT,verify,82,2590722,2.590722000,1,4963,64,5518,RPI5_Heterogeneous_XMSSMT_2026-09-18/08_height_heterogeneity/FINAL_BENCHMARK_FREEZE/H6-14/RUN01/operations.csv
H6-14_W16-16,6,14,16,16,HEIGHT,sign,83,11038019,11.038019000,,4963,64,5518,RPI5_Heterogeneous_XMSSMT_2026-09-18/08_height_heterogeneity/FINAL_BENCHMARK_FREEZE/H6-14/RUN01/operations.csv
H6-14_W16-16,6,14,16,16,HEIGHT,verify,83,2627463,2.627463000,1,4963,64,5518,RPI5_Heterogeneous_XMSSMT_2026-09-18/08_height_heterogeneity/FINAL_BENCHMARK_FREEZE/H6-14/RUN01/operations.csv
H6-14_W16-16,6,14,16,16,HEIGHT,sign,84,13382445,13.382445000,,4963,64,5518,RPI5_Heterogeneous_XMSSMT_2026-09-18/08_height_heterogeneity/FINAL_BENCHMARK_FREEZE/H6-14/RUN01/operations.csv
H6-14_W16-16,6,14,16,16,HEIGHT,verify,84,2721778,2.721778000,1,4963,64,5518,RPI5_Heterogeneous_XMSSMT_2026-09-18/08_height_heterogeneity/FINAL_BENCHMARK_FREEZE/H6-14/RUN01/operations.csv
H6-14_W16-16,6,14,16,16,HEIGHT,sign,85,8518945,8.518945000,,4963,64,5518,RPI5_Heterogeneous_XMSSMT_2026-09-18/08_height_heterogeneity/FINAL_BENCHMARK_FREEZE/H6-14/RUN01/operations.csv
H6-14_W16-16,6,14,16,16,HEIGHT,verify,85,2690963,2.690963000,1,4963,64,5518,RPI5_Heterogeneous_XMSSMT_2026-09-18/08_height_heterogeneity/FINAL_BENCHMARK_FREEZE/H6-14/RUN01/operations.csv
H6-14_W16-16,6,14,16,16,HEIGHT,sign,86,6015666,6.015666000,,4963,64,5518,RPI5_Heterogeneous_XMSSMT_2026-09-18/08_height_heterogeneity/FINAL_BENCHMARK_FREEZE/H6-14/RUN01/operations.csv
H6-14_W16-16,6,14,16,16,HEIGHT,verify,86,2720574,2.720574000,1,4963,64,5518,RPI5_Heterogeneous_XMSSMT_2026-09-18/08_height_heterogeneity/FINAL_BENCHMARK_FREEZE/H6-14/RUN01/operations.csv
H6-14_W16-16,6,14,16,16,HEIGHT,sign,87,10849518,10.849518000,,4963,64,5518,RPI5_Heterogeneous_XMSSMT_2026-09-18/08_height_heterogeneity/FINAL_BENCHMARK_FREEZE/H6-14/RUN01/operations.csv
H6-14_W16-16,6,14,16,16,HEIGHT,verify,87,2872037,2.872037000,1,4963,64,5518,RPI5_Heterogeneous_XMSSMT_2026-09-18/08_height_heterogeneity/FINAL_BENCHMARK_FREEZE/H6-14/RUN01/operations.csv
H6-14_W16-16,6,14,16,16,HEIGHT,sign,88,13469704,13.469704000,,4963,64,5518,RPI5_Heterogeneous_XMSSMT_2026-09-18/08_height_heterogeneity/FINAL_BENCHMARK_FREEZE/H6-14/RUN01/operations.csv
H6-14_W16-16,6,14,16,16,HEIGHT,verify,88,2657537,2.657537000,1,4963,64,5518,RPI5_Heterogeneous_XMSSMT_2026-09-18/08_height_heterogeneity/FINAL_BENCHMARK_FREEZE/H6-14/RUN01/operations.csv
H6-14_W16-16,6,14,16,16,HEIGHT,sign,89,8540593,8.540593000,,4963,64,5518,RPI5_Heterogeneous_XMSSMT_2026-09-18/08_height_heterogeneity/FINAL_BENCHMARK_FREEZE/H6-14/RUN01/operations.csv
H6-14_W16-16,6,14,16,16,HEIGHT,verify,89,2656222,2.656222000,1,4963,64,5518,RPI5_Heterogeneous_XMSSMT_2026-09-18/08_height_heterogeneity/FINAL_BENCHMARK_FREEZE/H6-14/RUN01/operations.csv
H6-14_W16-16,6,14,16,16,HEIGHT,sign,90,6205055,6.205055000,,4963,64,5518,RPI5_Heterogeneous_XMSSMT_2026-09-18/08_height_heterogeneity/FINAL_BENCHMARK_FREEZE/H6-14/RUN01/operations.csv
H6-14_W16-16,6,14,16,16,HEIGHT,verify,90,2529074,2.529074000,1,4963,64,5518,RPI5_Heterogeneous_XMSSMT_2026-09-18/08_height_heterogeneity/FINAL_BENCHMARK_FREEZE/H6-14/RUN01/operations.csv
H6-14_W16-16,6,14,16,16,HEIGHT,sign,91,11027944,11.027944000,,4963,64,5518,RPI5_Heterogeneous_XMSSMT_2026-09-18/08_height_heterogeneity/FINAL_BENCHMARK_FREEZE/H6-14/RUN01/operations.csv
H6-14_W16-16,6,14,16,16,HEIGHT,verify,91,2659741,2.659741000,1,4963,64,5518,RPI5_Heterogeneous_XMSSMT_2026-09-18/08_height_heterogeneity/FINAL_BENCHMARK_FREEZE/H6-14/RUN01/operations.csv
H6-14_W16-16,6,14,16,16,HEIGHT,sign,92,6087703,6.087703000,,4963,64,5518,RPI5_Heterogeneous_XMSSMT_2026-09-18/08_height_heterogeneity/FINAL_BENCHMARK_FREEZE/H6-14/RUN01/operations.csv
H6-14_W16-16,6,14,16,16,HEIGHT,verify,92,2660075,2.660075000,1,4963,64,5518,RPI5_Heterogeneous_XMSSMT_2026-09-18/08_height_heterogeneity/FINAL_BENCHMARK_FREEZE/H6-14/RUN01/operations.csv
H6-14_W16-16,6,14,16,16,HEIGHT,sign,93,6092389,6.092389000,,4963,64,5518,RPI5_Heterogeneous_XMSSMT_2026-09-18/08_height_heterogeneity/FINAL_BENCHMARK_FREEZE/H6-14/RUN01/operations.csv
H6-14_W16-16,6,14,16,16,HEIGHT,verify,93,2661148,2.661148000,1,4963,64,5518,RPI5_Heterogeneous_XMSSMT_2026-09-18/08_height_heterogeneity/FINAL_BENCHMARK_FREEZE/H6-14/RUN01/operations.csv
H6-14_W16-16,6,14,16,16,HEIGHT,sign,94,6244648,6.244648000,,4963,64,5518,RPI5_Heterogeneous_XMSSMT_2026-09-18/08_height_heterogeneity/FINAL_BENCHMARK_FREEZE/H6-14/RUN01/operations.csv
H6-14_W16-16,6,14,16,16,HEIGHT,verify,94,2496537,2.496537000,1,4963,64,5518,RPI5_Heterogeneous_XMSSMT_2026-09-18/08_height_heterogeneity/FINAL_BENCHMARK_FREEZE/H6-14/RUN01/operations.csv
H6-14_W16-16,6,14,16,16,HEIGHT,sign,95,11044185,11.044185000,,4963,64,5518,RPI5_Heterogeneous_XMSSMT_2026-09-18/08_height_heterogeneity/FINAL_BENCHMARK_FREEZE/H6-14/RUN01/operations.csv
H6-14_W16-16,6,14,16,16,HEIGHT,verify,95,2625407,2.625407000,1,4963,64,5518,RPI5_Heterogeneous_XMSSMT_2026-09-18/08_height_heterogeneity/FINAL_BENCHMARK_FREEZE/H6-14/RUN01/operations.csv
H6-14_W16-16,6,14,16,16,HEIGHT,sign,96,13447500,13.447500000,,4963,64,5518,RPI5_Heterogeneous_XMSSMT_2026-09-18/08_height_heterogeneity/FINAL_BENCHMARK_FREEZE/H6-14/RUN01/operations.csv
H6-14_W16-16,6,14,16,16,HEIGHT,verify,96,2657648,2.657648000,1,4963,64,5518,RPI5_Heterogeneous_XMSSMT_2026-09-18/08_height_heterogeneity/FINAL_BENCHMARK_FREEZE/H6-14/RUN01/operations.csv
H6-14_W16-16,6,14,16,16,HEIGHT,sign,97,10874407,10.874407000,,4963,64,5518,RPI5_Heterogeneous_XMSSMT_2026-09-18/08_height_heterogeneity/FINAL_BENCHMARK_FREEZE/H6-14/RUN01/operations.csv
H6-14_W16-16,6,14,16,16,HEIGHT,verify,97,2788723,2.788723000,1,4963,64,5518,RPI5_Heterogeneous_XMSSMT_2026-09-18/08_height_heterogeneity/FINAL_BENCHMARK_FREEZE/H6-14/RUN01/operations.csv
H6-14_W16-16,6,14,16,16,HEIGHT,sign,98,13410685,13.410685000,,4963,64,5518,RPI5_Heterogeneous_XMSSMT_2026-09-18/08_height_heterogeneity/FINAL_BENCHMARK_FREEZE/H6-14/RUN01/operations.csv
H6-14_W16-16,6,14,16,16,HEIGHT,verify,98,2693389,2.693389000,1,4963,64,5518,RPI5_Heterogeneous_XMSSMT_2026-09-18/08_height_heterogeneity/FINAL_BENCHMARK_FREEZE/H6-14/RUN01/operations.csv
H6-14_W16-16,6,14,16,16,HEIGHT,sign,99,10803704,10.803704000,,4963,64,5518,RPI5_Heterogeneous_XMSSMT_2026-09-18/08_height_heterogeneity/FINAL_BENCHMARK_FREEZE/H6-14/RUN01/operations.csv
H6-14_W16-16,6,14,16,16,HEIGHT,verify,99,2857649,2.857649000,1,4963,64,5518,RPI5_Heterogeneous_XMSSMT_2026-09-18/08_height_heterogeneity/FINAL_BENCHMARK_FREEZE/H6-14/RUN01/operations.csv
H6-14_W4-16,6,14,4,16,JOINT,keygen,0,39271831569,39271.831569000,,7075,64,5518,RPI5_Heterogeneous_XMSSMT_2026-09-18/09_joint_parameter_search/02_benchmark/H6-14_W4-16/RUN01/operations.csv
H6-14_W4-16,6,14,4,16,JOINT,keygen,1,39256770866,39256.770866000,,7075,64,5518,RPI5_Heterogeneous_XMSSMT_2026-09-18/09_joint_parameter_search/02_benchmark/H6-14_W4-16/RUN01/operations.csv
H6-14_W4-16,6,14,4,16,JOINT,keygen,2,39228839846,39228.839846000,,7075,64,5518,RPI5_Heterogeneous_XMSSMT_2026-09-18/09_joint_parameter_search/02_benchmark/H6-14_W4-16/RUN01/operations.csv
H6-14_W4-16,6,14,4,16,JOINT,keygen,3,39223154717,39223.154717000,,7075,64,5518,RPI5_Heterogeneous_XMSSMT_2026-09-18/09_joint_parameter_search/02_benchmark/H6-14_W4-16/RUN01/operations.csv
H6-14_W4-16,6,14,4,16,JOINT,keygen,4,39233560365,39233.560365000,,7075,64,5518,RPI5_Heterogeneous_XMSSMT_2026-09-18/09_joint_parameter_search/02_benchmark/H6-14_W4-16/RUN01/operations.csv
H6-14_W4-16,6,14,4,16,JOINT,keygen,5,39236978495,39236.978495000,,7075,64,5518,RPI5_Heterogeneous_XMSSMT_2026-09-18/09_joint_parameter_search/02_benchmark/H6-14_W4-16/RUN01/operations.csv
H6-14_W4-16,6,14,4,16,JOINT,keygen,6,39236628514,39236.628514000,,7075,64,5518,RPI5_Heterogeneous_XMSSMT_2026-09-18/09_joint_parameter_search/02_benchmark/H6-14_W4-16/RUN01/operations.csv
H6-14_W4-16,6,14,4,16,JOINT,keygen,7,39230694550,39230.694550000,,7075,64,5518,RPI5_Heterogeneous_XMSSMT_2026-09-18/09_joint_parameter_search/02_benchmark/H6-14_W4-16/RUN01/operations.csv
H6-14_W4-16,6,14,4,16,JOINT,keygen,8,39233349033,39233.349033000,,7075,64,5518,RPI5_Heterogeneous_XMSSMT_2026-09-18/09_joint_parameter_search/02_benchmark/H6-14_W4-16/RUN01/operations.csv
H6-14_W4-16,6,14,4,16,JOINT,keygen,9,39244891643,39244.891643000,,7075,64,5518,RPI5_Heterogeneous_XMSSMT_2026-09-18/09_joint_parameter_search/02_benchmark/H6-14_W4-16/RUN01/operations.csv
H6-14_W4-16,6,14,4,16,JOINT,sign,0,3198648,3.198648000,,7075,64,5518,RPI5_Heterogeneous_XMSSMT_2026-09-18/09_joint_parameter_search/02_benchmark/H6-14_W4-16/RUN01/operations.csv
H6-14_W4-16,6,14,4,16,JOINT,verify,0,2210629,2.210629000,1,7075,64,5518,RPI5_Heterogeneous_XMSSMT_2026-09-18/09_joint_parameter_search/02_benchmark/H6-14_W4-16/RUN01/operations.csv
H6-14_W4-16,6,14,4,16,JOINT,sign,1,3201333,3.201333000,,7075,64,5518,RPI5_Heterogeneous_XMSSMT_2026-09-18/09_joint_parameter_search/02_benchmark/H6-14_W4-16/RUN01/operations.csv
H6-14_W4-16,6,14,4,16,JOINT,verify,1,2194259,2.194259000,1,7075,64,5518,RPI5_Heterogeneous_XMSSMT_2026-09-18/09_joint_parameter_search/02_benchmark/H6-14_W4-16/RUN01/operations.csv
H6-14_W4-16,6,14,4,16,JOINT,sign,2,3222556,3.222556000,,7075,64,5518,RPI5_Heterogeneous_XMSSMT_2026-09-18/09_joint_parameter_search/02_benchmark/H6-14_W4-16/RUN01/operations.csv
H6-14_W4-16,6,14,4,16,JOINT,verify,2,2166648,2.166648000,1,7075,64,5518,RPI5_Heterogeneous_XMSSMT_2026-09-18/09_joint_parameter_search/02_benchmark/H6-14_W4-16/RUN01/operations.csv
H6-14_W4-16,6,14,4,16,JOINT,sign,3,5925352,5.925352000,,7075,64,5518,RPI5_Heterogeneous_XMSSMT_2026-09-18/09_joint_parameter_search/02_benchmark/H6-14_W4-16/RUN01/operations.csv
H6-14_W4-16,6,14,4,16,JOINT,verify,3,2151648,2.151648000,1,7075,64,5518,RPI5_Heterogeneous_XMSSMT_2026-09-18/09_joint_parameter_search/02_benchmark/H6-14_W4-16/RUN01/operations.csv
H6-14_W4-16,6,14,4,16,JOINT,sign,4,3216092,3.216092000,,7075,64,5518,RPI5_Heterogeneous_XMSSMT_2026-09-18/09_joint_parameter_search/02_benchmark/H6-14_W4-16/RUN01/operations.csv
H6-14_W4-16,6,14,4,16,JOINT,verify,4,2174055,2.174055000,1,7075,64,5518,RPI5_Heterogeneous_XMSSMT_2026-09-18/09_joint_parameter_search/02_benchmark/H6-14_W4-16/RUN01/operations.csv
H6-14_W4-16,6,14,4,16,JOINT,sign,5,3232722,3.232722000,,7075,64,5518,RPI5_Heterogeneous_XMSSMT_2026-09-18/09_joint_parameter_search/02_benchmark/H6-14_W4-16/RUN01/operations.csv
H6-14_W4-16,6,14,4,16,JOINT,verify,5,2161463,2.161463000,1,7075,64,5518,RPI5_Heterogeneous_XMSSMT_2026-09-18/09_joint_parameter_search/02_benchmark/H6-14_W4-16/RUN01/operations.csv
H6-14_W4-16,6,14,4,16,JOINT,sign,6,3184926,3.184926000,,7075,64,5518,RPI5_Heterogeneous_XMSSMT_2026-09-18/09_joint_parameter_search/02_benchmark/H6-14_W4-16/RUN01/operations.csv
H6-14_W4-16,6,14,4,16,JOINT,verify,6,2203426,2.203426000,1,7075,64,5518,RPI5_Heterogeneous_XMSSMT_2026-09-18/09_joint_parameter_search/02_benchmark/H6-14_W4-16/RUN01/operations.csv
H6-14_W4-16,6,14,4,16,JOINT,sign,7,5878500,5.878500000,,7075,64,5518,RPI5_Heterogeneous_XMSSMT_2026-09-18/09_joint_parameter_search/02_benchmark/H6-14_W4-16/RUN01/operations.csv
H6-14_W4-16,6,14,4,16,JOINT,verify,7,2198203,2.198203000,1,7075,64,5518,RPI5_Heterogeneous_XMSSMT_2026-09-18/09_joint_parameter_search/02_benchmark/H6-14_W4-16/RUN01/operations.csv
H6-14_W4-16,6,14,4,16,JOINT,sign,8,7213037,7.213037000,,7075,64,5518,RPI5_Heterogeneous_XMSSMT_2026-09-18/09_joint_parameter_search/02_benchmark/H6-14_W4-16/RUN01/operations.csv
H6-14_W4-16,6,14,4,16,JOINT,verify,8,2199685,2.199685000,1,7075,64,5518,RPI5_Heterogeneous_XMSSMT_2026-09-18/09_joint_parameter_search/02_benchmark/H6-14_W4-16/RUN01/operations.csv
H6-14_W4-16,6,14,4,16,JOINT,sign,9,4565500,4.565500000,,7075,64,5518,RPI5_Heterogeneous_XMSSMT_2026-09-18/09_joint_parameter_search/02_benchmark/H6-14_W4-16/RUN01/operations.csv
H6-14_W4-16,6,14,4,16,JOINT,verify,9,2171926,2.171926000,1,7075,64,5518,RPI5_Heterogeneous_XMSSMT_2026-09-18/09_joint_parameter_search/02_benchmark/H6-14_W4-16/RUN01/operations.csv
H6-14_W4-16,6,14,4,16,JOINT,sign,10,3188741,3.188741000,,7075,64,5518,RPI5_Heterogeneous_XMSSMT_2026-09-18/09_joint_parameter_search/02_benchmark/H6-14_W4-16/RUN01/operations.csv
H6-14_W4-16,6,14,4,16,JOINT,verify,10,2207315,2.207315000,1,7075,64,5518,RPI5_Heterogeneous_XMSSMT_2026-09-18/09_joint_parameter_search/02_benchmark/H6-14_W4-16/RUN01/operations.csv
H6-14_W4-16,6,14,4,16,JOINT,sign,11,5877963,5.877963000,,7075,64,5518,RPI5_Heterogeneous_XMSSMT_2026-09-18/09_joint_parameter_search/02_benchmark/H6-14_W4-16/RUN01/operations.csv
H6-14_W4-16,6,14,4,16,JOINT,verify,11,2198463,2.198463000,1,7075,64,5518,RPI5_Heterogeneous_XMSSMT_2026-09-18/09_joint_parameter_search/02_benchmark/H6-14_W4-16/RUN01/operations.csv
H6-14_W4-16,6,14,4,16,JOINT,sign,12,3229926,3.229926000,,7075,64,5518,RPI5_Heterogeneous_XMSSMT_2026-09-18/09_joint_parameter_search/02_benchmark/H6-14_W4-16/RUN01/operations.csv
H6-14_W4-16,6,14,4,16,JOINT,verify,12,2161408,2.161408000,1,7075,64,5518,RPI5_Heterogeneous_XMSSMT_2026-09-18/09_joint_parameter_search/02_benchmark/H6-14_W4-16/RUN01/operations.csv
H6-14_W4-16,6,14,4,16,JOINT,sign,13,3186852,3.186852000,,7075,64,5518,RPI5_Heterogeneous_XMSSMT_2026-09-18/09_joint_parameter_search/02_benchmark/H6-14_W4-16/RUN01/operations.csv
H6-14_W4-16,6,14,4,16,JOINT,verify,13,2211685,2.211685000,1,7075,64,5518,RPI5_Heterogeneous_XMSSMT_2026-09-18/09_joint_parameter_search/02_benchmark/H6-14_W4-16/RUN01/operations.csv
H6-14_W4-16,6,14,4,16,JOINT,sign,14,3226371,3.226371000,,7075,64,5518,RPI5_Heterogeneous_XMSSMT_2026-09-18/09_joint_parameter_search/02_benchmark/H6-14_W4-16/RUN01/operations.csv
H6-14_W4-16,6,14,4,16,JOINT,verify,14,2161871,2.161871000,1,7075,64,5518,RPI5_Heterogeneous_XMSSMT_2026-09-18/09_joint_parameter_search/02_benchmark/H6-14_W4-16/RUN01/operations.csv
H6-14_W4-16,6,14,4,16,JOINT,sign,15,5910944,5.910944000,,7075,64,5518,RPI5_Heterogeneous_XMSSMT_2026-09-18/09_joint_parameter_search/02_benchmark/H6-14_W4-16/RUN01/operations.csv
H6-14_W4-16,6,14,4,16,JOINT,verify,15,2221370,2.221370000,1,7075,64,5518,RPI5_Heterogeneous_XMSSMT_2026-09-18/09_joint_parameter_search/02_benchmark/H6-14_W4-16/RUN01/operations.csv
H6-14_W4-16,6,14,4,16,JOINT,sign,16,7203740,7.203740000,,7075,64,5518,RPI5_Heterogeneous_XMSSMT_2026-09-18/09_joint_parameter_search/02_benchmark/H6-14_W4-16/RUN01/operations.csv
H6-14_W4-16,6,14,4,16,JOINT,verify,16,2199167,2.199167000,1,7075,64,5518,RPI5_Heterogeneous_XMSSMT_2026-09-18/09_joint_parameter_search/02_benchmark/H6-14_W4-16/RUN01/operations.csv
H6-14_W4-16,6,14,4,16,JOINT,sign,17,5927482,5.927482000,,7075,64,5518,RPI5_Heterogeneous_XMSSMT_2026-09-18/09_joint_parameter_search/02_benchmark/H6-14_W4-16/RUN01/operations.csv
H6-14_W4-16,6,14,4,16,JOINT,verify,17,2154870,2.154870000,1,7075,64,5518,RPI5_Heterogeneous_XMSSMT_2026-09-18/09_joint_parameter_search/02_benchmark/H6-14_W4-16/RUN01/operations.csv
H6-14_W4-16,6,14,4,16,JOINT,sign,18,7206037,7.206037000,,7075,64,5518,RPI5_Heterogeneous_XMSSMT_2026-09-18/09_joint_parameter_search/02_benchmark/H6-14_W4-16/RUN01/operations.csv
H6-14_W4-16,6,14,4,16,JOINT,verify,18,2208981,2.208981000,1,7075,64,5518,RPI5_Heterogeneous_XMSSMT_2026-09-18/09_joint_parameter_search/02_benchmark/H6-14_W4-16/RUN01/operations.csv
H6-14_W4-16,6,14,4,16,JOINT,sign,19,5885833,5.885833000,,7075,64,5518,RPI5_Heterogeneous_XMSSMT_2026-09-18/09_joint_parameter_search/02_benchmark/H6-14_W4-16/RUN01/operations.csv
H6-14_W4-16,6,14,4,16,JOINT,verify,19,2196982,2.196982000,1,7075,64,5518,RPI5_Heterogeneous_XMSSMT_2026-09-18/09_joint_parameter_search/02_benchmark/H6-14_W4-16/RUN01/operations.csv
H6-14_W4-16,6,14,4,16,JOINT,sign,20,7211963,7.211963000,,7075,64,5518,RPI5_Heterogeneous_XMSSMT_2026-09-18/09_joint_parameter_search/02_benchmark/H6-14_W4-16/RUN01/operations.csv
H6-14_W4-16,6,14,4,16,JOINT,verify,20,2196167,2.196167000,1,7075,64,5518,RPI5_Heterogeneous_XMSSMT_2026-09-18/09_joint_parameter_search/02_benchmark/H6-14_W4-16/RUN01/operations.csv
H6-14_W4-16,6,14,4,16,JOINT,sign,21,4611056,4.611056000,,7075,64,5518,RPI5_Heterogeneous_XMSSMT_2026-09-18/09_joint_parameter_search/02_benchmark/H6-14_W4-16/RUN01/operations.csv
H6-14_W4-16,6,14,4,16,JOINT,verify,21,2138666,2.138666000,1,7075,64,5518,RPI5_Heterogeneous_XMSSMT_2026-09-18/09_joint_parameter_search/02_benchmark/H6-14_W4-16/RUN01/operations.csv
H6-14_W4-16,6,14,4,16,JOINT,sign,22,3219907,3.219907000,,7075,64,5518,RPI5_Heterogeneous_XMSSMT_2026-09-18/09_joint_parameter_search/02_benchmark/H6-14_W4-16/RUN01/operations.csv
H6-14_W4-16,6,14,4,16,JOINT,verify,22,2169000,2.169000000,1,7075,64,5518,RPI5_Heterogeneous_XMSSMT_2026-09-18/09_joint_parameter_search/02_benchmark/H6-14_W4-16/RUN01/operations.csv
H6-14_W4-16,6,14,4,16,JOINT,sign,23,5926685,5.926685000,,7075,64,5518,RPI5_Heterogeneous_XMSSMT_2026-09-18/09_joint_parameter_search/02_benchmark/H6-14_W4-16/RUN01/operations.csv
H6-14_W4-16,6,14,4,16,JOINT,verify,23,2153352,2.153352000,1,7075,64,5518,RPI5_Heterogeneous_XMSSMT_2026-09-18/09_joint_parameter_search/02_benchmark/H6-14_W4-16/RUN01/operations.csv
H6-14_W4-16,6,14,4,16,JOINT,sign,24,7199426,7.199426000,,7075,64,5518,RPI5_Heterogeneous_XMSSMT_2026-09-18/09_joint_parameter_search/02_benchmark/H6-14_W4-16/RUN01/operations.csv
H6-14_W4-16,6,14,4,16,JOINT,verify,24,2198778,2.198778000,1,7075,64,5518,RPI5_Heterogeneous_XMSSMT_2026-09-18/09_joint_parameter_search/02_benchmark/H6-14_W4-16/RUN01/operations.csv
H6-14_W4-16,6,14,4,16,JOINT,sign,25,4506037,4.506037000,,7075,64,5518,RPI5_Heterogeneous_XMSSMT_2026-09-18/09_joint_parameter_search/02_benchmark/H6-14_W4-16/RUN01/operations.csv
H6-14_W4-16,6,14,4,16,JOINT,verify,25,2239518,2.239518000,1,7075,64,5518,RPI5_Heterogeneous_XMSSMT_2026-09-18/09_joint_parameter_search/02_benchmark/H6-14_W4-16/RUN01/operations.csv
H6-14_W4-16,6,14,4,16,JOINT,sign,26,3217907,3.217907000,,7075,64,5518,RPI5_Heterogeneous_XMSSMT_2026-09-18/09_joint_parameter_search/02_benchmark/H6-14_W4-16/RUN01/operations.csv
H6-14_W4-16,6,14,4,16,JOINT,verify,26,2172444,2.172444000,1,7075,64,5518,RPI5_Heterogeneous_XMSSMT_2026-09-18/09_joint_parameter_search/02_benchmark/H6-14_W4-16/RUN01/operations.csv
H6-14_W4-16,6,14,4,16,JOINT,sign,27,5880241,5.880241000,,7075,64,5518,RPI5_Heterogeneous_XMSSMT_2026-09-18/09_joint_parameter_search/02_benchmark/H6-14_W4-16/RUN01/operations.csv
H6-14_W4-16,6,14,4,16,JOINT,verify,27,2190223,2.190223000,1,7075,64,5518,RPI5_Heterogeneous_XMSSMT_2026-09-18/09_joint_parameter_search/02_benchmark/H6-14_W4-16/RUN01/operations.csv
H6-14_W4-16,6,14,4,16,JOINT,sign,28,3241260,3.241260000,,7075,64,5518,RPI5_Heterogeneous_XMSSMT_2026-09-18/09_joint_parameter_search/02_benchmark/H6-14_W4-16/RUN01/operations.csv
H6-14_W4-16,6,14,4,16,JOINT,verify,28,2157815,2.157815000,1,7075,64,5518,RPI5_Heterogeneous_XMSSMT_2026-09-18/09_joint_parameter_search/02_benchmark/H6-14_W4-16/RUN01/operations.csv
H6-14_W4-16,6,14,4,16,JOINT,sign,29,3222130,3.222130000,,7075,64,5518,RPI5_Heterogeneous_XMSSMT_2026-09-18/09_joint_parameter_search/02_benchmark/H6-14_W4-16/RUN01/operations.csv
H6-14_W4-16,6,14,4,16,JOINT,verify,29,2170907,2.170907000,1,7075,64,5518,RPI5_Heterogeneous_XMSSMT_2026-09-18/09_joint_parameter_search/02_benchmark/H6-14_W4-16/RUN01/operations.csv
H6-14_W4-16,6,14,4,16,JOINT,sign,30,3189945,3.189945000,,7075,64,5518,RPI5_Heterogeneous_XMSSMT_2026-09-18/09_joint_parameter_search/02_benchmark/H6-14_W4-16/RUN01/operations.csv
H6-14_W4-16,6,14,4,16,JOINT,verify,30,2199222,2.199222000,1,7075,64,5518,RPI5_Heterogeneous_XMSSMT_2026-09-18/09_joint_parameter_search/02_benchmark/H6-14_W4-16/RUN01/operations.csv
H6-14_W4-16,6,14,4,16,JOINT,sign,31,5880241,5.880241000,,7075,64,5518,RPI5_Heterogeneous_XMSSMT_2026-09-18/09_joint_parameter_search/02_benchmark/H6-14_W4-16/RUN01/operations.csv
H6-14_W4-16,6,14,4,16,JOINT,verify,31,2209814,2.209814000,1,7075,64,5518,RPI5_Heterogeneous_XMSSMT_2026-09-18/09_joint_parameter_search/02_benchmark/H6-14_W4-16/RUN01/operations.csv
H6-14_W4-16,6,14,4,16,JOINT,sign,32,7235907,7.235907000,,7075,64,5518,RPI5_Heterogeneous_XMSSMT_2026-09-18/09_joint_parameter_search/02_benchmark/H6-14_W4-16/RUN01/operations.csv
H6-14_W4-16,6,14,4,16,JOINT,verify,32,2167908,2.167908000,1,7075,64,5518,RPI5_Heterogeneous_XMSSMT_2026-09-18/09_joint_parameter_search/02_benchmark/H6-14_W4-16/RUN01/operations.csv
H6-14_W4-16,6,14,4,16,JOINT,sign,33,5863370,5.863370000,,7075,64,5518,RPI5_Heterogeneous_XMSSMT_2026-09-18/09_joint_parameter_search/02_benchmark/H6-14_W4-16/RUN01/operations.csv
H6-14_W4-16,6,14,4,16,JOINT,verify,33,2213481,2.213481000,1,7075,64,5518,RPI5_Heterogeneous_XMSSMT_2026-09-18/09_joint_parameter_search/02_benchmark/H6-14_W4-16/RUN01/operations.csv
H6-14_W4-16,6,14,4,16,JOINT,sign,34,7215037,7.215037000,,7075,64,5518,RPI5_Heterogeneous_XMSSMT_2026-09-18/09_joint_parameter_search/02_benchmark/H6-14_W4-16/RUN01/operations.csv
H6-14_W4-16,6,14,4,16,JOINT,verify,34,2193500,2.193500000,1,7075,64,5518,RPI5_Heterogeneous_XMSSMT_2026-09-18/09_joint_parameter_search/02_benchmark/H6-14_W4-16/RUN01/operations.csv
H6-14_W4-16,6,14,4,16,JOINT,sign,35,5915518,5.915518000,,7075,64,5518,RPI5_Heterogeneous_XMSSMT_2026-09-18/09_joint_parameter_search/02_benchmark/H6-14_W4-16/RUN01/operations.csv
H6-14_W4-16,6,14,4,16,JOINT,verify,35,2168519,2.168519000,1,7075,64,5518,RPI5_Heterogeneous_XMSSMT_2026-09-18/09_joint_parameter_search/02_benchmark/H6-14_W4-16/RUN01/operations.csv
H6-14_W4-16,6,14,4,16,JOINT,sign,36,7253370,7.253370000,,7075,64,5518,RPI5_Heterogeneous_XMSSMT_2026-09-18/09_joint_parameter_search/02_benchmark/H6-14_W4-16/RUN01/operations.csv
H6-14_W4-16,6,14,4,16,JOINT,verify,36,2157518,2.157518000,1,7075,64,5518,RPI5_Heterogeneous_XMSSMT_2026-09-18/09_joint_parameter_search/02_benchmark/H6-14_W4-16/RUN01/operations.csv
H6-14_W4-16,6,14,4,16,JOINT,sign,37,4600555,4.600555000,,7075,64,5518,RPI5_Heterogeneous_XMSSMT_2026-09-18/09_joint_parameter_search/02_benchmark/H6-14_W4-16/RUN01/operations.csv
H6-14_W4-16,6,14,4,16,JOINT,verify,37,2142370,2.142370000,1,7075,64,5518,RPI5_Heterogeneous_XMSSMT_2026-09-18/09_joint_parameter_search/02_benchmark/H6-14_W4-16/RUN01/operations.csv
H6-14_W4-16,6,14,4,16,JOINT,sign,38,3222778,3.222778000,,7075,64,5518,RPI5_Heterogeneous_XMSSMT_2026-09-18/09_joint_parameter_search/02_benchmark/H6-14_W4-16/RUN01/operations.csv
H6-14_W4-16,6,14,4,16,JOINT,verify,38,2168333,2.168333000,1,7075,64,5518,RPI5_Heterogeneous_XMSSMT_2026-09-18/09_joint_parameter_search/02_benchmark/H6-14_W4-16/RUN01/operations.csv
H6-14_W4-16,6,14,4,16,JOINT,sign,39,5905092,5.905092000,,7075,64,5518,RPI5_Heterogeneous_XMSSMT_2026-09-18/09_joint_parameter_search/02_benchmark/H6-14_W4-16/RUN01/operations.csv
H6-14_W4-16,6,14,4,16,JOINT,verify,39,2183056,2.183056000,1,7075,64,5518,RPI5_Heterogeneous_XMSSMT_2026-09-18/09_joint_parameter_search/02_benchmark/H6-14_W4-16/RUN01/operations.csv
H6-14_W4-16,6,14,4,16,JOINT,sign,40,7198166,7.198166000,,7075,64,5518,RPI5_Heterogeneous_XMSSMT_2026-09-18/09_joint_parameter_search/02_benchmark/H6-14_W4-16/RUN01/operations.csv
H6-14_W4-16,6,14,4,16,JOINT,verify,40,2216778,2.216778000,1,7075,64,5518,RPI5_Heterogeneous_XMSSMT_2026-09-18/09_joint_parameter_search/02_benchmark/H6-14_W4-16/RUN01/operations.csv
H6-14_W4-16,6,14,4,16,JOINT,sign,41,4550555,4.550555000,,7075,64,5518,RPI5_Heterogeneous_XMSSMT_2026-09-18/09_joint_parameter_search/02_benchmark/H6-14_W4-16/RUN01/operations.csv
H6-14_W4-16,6,14,4,16,JOINT,verify,41,2203167,2.203167000,1,7075,64,5518,RPI5_Heterogeneous_XMSSMT_2026-09-18/09_joint_parameter_search/02_benchmark/H6-14_W4-16/RUN01/operations.csv
H6-14_W4-16,6,14,4,16,JOINT,sign,42,3178981,3.178981000,,7075,64,5518,RPI5_Heterogeneous_XMSSMT_2026-09-18/09_joint_parameter_search/02_benchmark/H6-14_W4-16/RUN01/operations.csv
H6-14_W4-16,6,14,4,16,JOINT,verify,42,2213204,2.213204000,1,7075,64,5518,RPI5_Heterogeneous_XMSSMT_2026-09-18/09_joint_parameter_search/02_benchmark/H6-14_W4-16/RUN01/operations.csv
H6-14_W4-16,6,14,4,16,JOINT,sign,43,5914796,5.914796000,,7075,64,5518,RPI5_Heterogeneous_XMSSMT_2026-09-18/09_joint_parameter_search/02_benchmark/H6-14_W4-16/RUN01/operations.csv
H6-14_W4-16,6,14,4,16,JOINT,verify,43,2173629,2.173629000,1,7075,64,5518,RPI5_Heterogeneous_XMSSMT_2026-09-18/09_joint_parameter_search/02_benchmark/H6-14_W4-16/RUN01/operations.csv
H6-14_W4-16,6,14,4,16,JOINT,sign,44,3240389,3.240389000,,7075,64,5518,RPI5_Heterogeneous_XMSSMT_2026-09-18/09_joint_parameter_search/02_benchmark/H6-14_W4-16/RUN01/operations.csv
H6-14_W4-16,6,14,4,16,JOINT,verify,44,2155519,2.155519000,1,7075,64,5518,RPI5_Heterogeneous_XMSSMT_2026-09-18/09_joint_parameter_search/02_benchmark/H6-14_W4-16/RUN01/operations.csv
H6-14_W4-16,6,14,4,16,JOINT,sign,45,3187241,3.187241000,,7075,64,5518,RPI5_Heterogeneous_XMSSMT_2026-09-18/09_joint_parameter_search/02_benchmark/H6-14_W4-16/RUN01/operations.csv
H6-14_W4-16,6,14,4,16,JOINT,verify,45,2213649,2.213649000,1,7075,64,5518,RPI5_Heterogeneous_XMSSMT_2026-09-18/09_joint_parameter_search/02_benchmark/H6-14_W4-16/RUN01/operations.csv
H6-14_W4-16,6,14,4,16,JOINT,sign,46,3249148,3.249148000,,7075,64,5518,RPI5_Heterogeneous_XMSSMT_2026-09-18/09_joint_parameter_search/02_benchmark/H6-14_W4-16/RUN01/operations.csv
H6-14_W4-16,6,14,4,16,JOINT,verify,46,2142815,2.142815000,1,7075,64,5518,RPI5_Heterogeneous_XMSSMT_2026-09-18/09_joint_parameter_search/02_benchmark/H6-14_W4-16/RUN01/operations.csv
H6-14_W4-16,6,14,4,16,JOINT,sign,47,5899166,5.899166000,,7075,64,5518,RPI5_Heterogeneous_XMSSMT_2026-09-18/09_joint_parameter_search/02_benchmark/H6-14_W4-16/RUN01/operations.csv
H6-14_W4-16,6,14,4,16,JOINT,verify,47,2193296,2.193296000,1,7075,64,5518,RPI5_Heterogeneous_XMSSMT_2026-09-18/09_joint_parameter_search/02_benchmark/H6-14_W4-16/RUN01/operations.csv
H6-14_W4-16,6,14,4,16,JOINT,sign,48,7252944,7.252944000,,7075,64,5518,RPI5_Heterogeneous_XMSSMT_2026-09-18/09_joint_parameter_search/02_benchmark/H6-14_W4-16/RUN01/operations.csv
H6-14_W4-16,6,14,4,16,JOINT,verify,48,2162759,2.162759000,1,7075,64,5518,RPI5_Heterogeneous_XMSSMT_2026-09-18/09_joint_parameter_search/02_benchmark/H6-14_W4-16/RUN01/operations.csv
H6-14_W4-16,6,14,4,16,JOINT,sign,49,4506056,4.506056000,,7075,64,5518,RPI5_Heterogeneous_XMSSMT_2026-09-18/09_joint_parameter_search/02_benchmark/H6-14_W4-16/RUN01/operations.csv
H6-14_W4-16,6,14,4,16,JOINT,verify,49,2235334,2.235334000,1,7075,64,5518,RPI5_Heterogeneous_XMSSMT_2026-09-18/09_joint_parameter_search/02_benchmark/H6-14_W4-16/RUN01/operations.csv
H6-14_W4-16,6,14,4,16,JOINT,sign,50,3183926,3.183926000,,7075,64,5518,RPI5_Heterogeneous_XMSSMT_2026-09-18/09_joint_parameter_search/02_benchmark/H6-14_W4-16/RUN01/operations.csv
H6-14_W4-16,6,14,4,16,JOINT,verify,50,2207130,2.207130000,1,7075,64,5518,RPI5_Heterogeneous_XMSSMT_2026-09-18/09_joint_parameter_search/02_benchmark/H6-14_W4-16/RUN01/operations.csv
H6-14_W4-16,6,14,4,16,JOINT,sign,51,5882297,5.882297000,,7075,64,5518,RPI5_Heterogeneous_XMSSMT_2026-09-18/09_joint_parameter_search/02_benchmark/H6-14_W4-16/RUN01/operations.csv
H6-14_W4-16,6,14,4,16,JOINT,verify,51,2193333,2.193333000,1,7075,64,5518,RPI5_Heterogeneous_XMSSMT_2026-09-18/09_joint_parameter_search/02_benchmark/H6-14_W4-16/RUN01/operations.csv
H6-14_W4-16,6,14,4,16,JOINT,sign,52,3218686,3.218686000,,7075,64,5518,RPI5_Heterogeneous_XMSSMT_2026-09-18/09_joint_parameter_search/02_benchmark/H6-14_W4-16/RUN01/operations.csv
H6-14_W4-16,6,14,4,16,JOINT,verify,52,2188630,2.188630000,1,7075,64,5518,RPI5_Heterogeneous_XMSSMT_2026-09-18/09_joint_parameter_search/02_benchmark/H6-14_W4-16/RUN01/operations.csv
H6-14_W4-16,6,14,4,16,JOINT,sign,53,3241315,3.241315000,,7075,64,5518,RPI5_Heterogeneous_XMSSMT_2026-09-18/09_joint_parameter_search/02_benchmark/H6-14_W4-16/RUN01/operations.csv
H6-14_W4-16,6,14,4,16,JOINT,verify,53,2172982,2.172982000,1,7075,64,5518,RPI5_Heterogeneous_XMSSMT_2026-09-18/09_joint_parameter_search/02_benchmark/H6-14_W4-16/RUN01/operations.csv
H6-14_W4-16,6,14,4,16,JOINT,sign,54,3252167,3.252167000,,7075,64,5518,RPI5_Heterogeneous_XMSSMT_2026-09-18/09_joint_parameter_search/02_benchmark/H6-14_W4-16/RUN01/operations.csv
H6-14_W4-16,6,14,4,16,JOINT,verify,54,2149722,2.149722000,1,7075,64,5518,RPI5_Heterogeneous_XMSSMT_2026-09-18/09_joint_parameter_search/02_benchmark/H6-14_W4-16/RUN01/operations.csv
H6-14_W4-16,6,14,4,16,JOINT,sign,55,5947908,5.947908000,,7075,64,5518,RPI5_Heterogeneous_XMSSMT_2026-09-18/09_joint_parameter_search/02_benchmark/H6-14_W4-16/RUN01/operations.csv
H6-14_W4-16,6,14,4,16,JOINT,verify,55,2136277,2.136277000,1,7075,64,5518,RPI5_Heterogeneous_XMSSMT_2026-09-18/09_joint_parameter_search/02_benchmark/H6-14_W4-16/RUN01/operations.csv
H6-14_W4-16,6,14,4,16,JOINT,sign,56,3215834,3.215834000,,7075,64,5518,RPI5_Heterogeneous_XMSSMT_2026-09-18/09_joint_parameter_search/02_benchmark/H6-14_W4-16/RUN01/operations.csv
H6-14_W4-16,6,14,4,16,JOINT,verify,56,2184018,2.184018000,1,7075,64,5518,RPI5_Heterogeneous_XMSSMT_2026-09-18/09_joint_parameter_search/02_benchmark/H6-14_W4-16/RUN01/operations.csv
H6-14_W4-16,6,14,4,16,JOINT,sign,57,3209685,3.209685000,,7075,64,5518,RPI5_Heterogeneous_XMSSMT_2026-09-18/09_joint_parameter_search/02_benchmark/H6-14_W4-16/RUN01/operations.csv
H6-14_W4-16,6,14,4,16,JOINT,verify,57,2191926,2.191926000,1,7075,64,5518,RPI5_Heterogeneous_XMSSMT_2026-09-18/09_joint_parameter_search/02_benchmark/H6-14_W4-16/RUN01/operations.csv
H6-14_W4-16,6,14,4,16,JOINT,sign,58,3163537,3.163537000,,7075,64,5518,RPI5_Heterogeneous_XMSSMT_2026-09-18/09_joint_parameter_search/02_benchmark/H6-14_W4-16/RUN01/operations.csv
H6-14_W4-16,6,14,4,16,JOINT,verify,58,2235000,2.235000000,1,7075,64,5518,RPI5_Heterogeneous_XMSSMT_2026-09-18/09_joint_parameter_search/02_benchmark/H6-14_W4-16/RUN01/operations.csv
H6-14_W4-16,6,14,4,16,JOINT,sign,59,3206741,3.206741000,,7075,64,5518,RPI5_Heterogeneous_XMSSMT_2026-09-18/09_joint_parameter_search/02_benchmark/H6-14_W4-16/RUN01/operations.csv
H6-14_W4-16,6,14,4,16,JOINT,verify,59,2195260,2.195260000,1,7075,64,5518,RPI5_Heterogeneous_XMSSMT_2026-09-18/09_joint_parameter_search/02_benchmark/H6-14_W4-16/RUN01/operations.csv
H6-14_W4-16,6,14,4,16,JOINT,sign,60,3250074,3.250074000,,7075,64,5518,RPI5_Heterogeneous_XMSSMT_2026-09-18/09_joint_parameter_search/02_benchmark/H6-14_W4-16/RUN01/operations.csv
H6-14_W4-16,6,14,4,16,JOINT,verify,60,2155981,2.155981000,1,7075,64,5518,RPI5_Heterogeneous_XMSSMT_2026-09-18/09_joint_parameter_search/02_benchmark/H6-14_W4-16/RUN01/operations.csv
H6-14_W4-16,6,14,4,16,JOINT,sign,61,1860833,1.860833000,,7075,64,5518,RPI5_Heterogeneous_XMSSMT_2026-09-18/09_joint_parameter_search/02_benchmark/H6-14_W4-16/RUN01/operations.csv
H6-14_W4-16,6,14,4,16,JOINT,verify,61,2198871,2.198871000,1,7075,64,5518,RPI5_Heterogeneous_XMSSMT_2026-09-18/09_joint_parameter_search/02_benchmark/H6-14_W4-16/RUN01/operations.csv
H6-14_W4-16,6,14,4,16,JOINT,sign,62,3212426,3.212426000,,7075,64,5518,RPI5_Heterogeneous_XMSSMT_2026-09-18/09_joint_parameter_search/02_benchmark/H6-14_W4-16/RUN01/operations.csv
H6-14_W4-16,6,14,4,16,JOINT,verify,62,2173778,2.173778000,1,7075,64,5518,RPI5_Heterogeneous_XMSSMT_2026-09-18/09_joint_parameter_search/02_benchmark/H6-14_W4-16/RUN01/operations.csv
H6-14_W4-16,6,14,4,16,JOINT,sign,63,5382889,5.382889000,,7075,64,5518,RPI5_Heterogeneous_XMSSMT_2026-09-18/09_joint_parameter_search/02_benchmark/H6-14_W4-16/RUN01/operations.csv
H6-14_W4-16,6,14,4,16,JOINT,verify,63,2172000,2.172000000,1,7075,64,5518,RPI5_Heterogeneous_XMSSMT_2026-09-18/09_joint_parameter_search/02_benchmark/H6-14_W4-16/RUN01/operations.csv
H6-14_W4-16,6,14,4,16,JOINT,sign,64,3155278,3.155278000,,7075,64,5518,RPI5_Heterogeneous_XMSSMT_2026-09-18/09_joint_parameter_search/02_benchmark/H6-14_W4-16/RUN01/operations.csv
H6-14_W4-16,6,14,4,16,JOINT,verify,64,2188352,2.188352000,1,7075,64,5518,RPI5_Heterogeneous_XMSSMT_2026-09-18/09_joint_parameter_search/02_benchmark/H6-14_W4-16/RUN01/operations.csv
H6-14_W4-16,6,14,4,16,JOINT,sign,65,3189018,3.189018000,,7075,64,5518,RPI5_Heterogeneous_XMSSMT_2026-09-18/09_joint_parameter_search/02_benchmark/H6-14_W4-16/RUN01/operations.csv
H6-14_W4-16,6,14,4,16,JOINT,verify,65,2162130,2.162130000,1,7075,64,5518,RPI5_Heterogeneous_XMSSMT_2026-09-18/09_joint_parameter_search/02_benchmark/H6-14_W4-16/RUN01/operations.csv
H6-14_W4-16,6,14,4,16,JOINT,sign,66,3212111,3.212111000,,7075,64,5518,RPI5_Heterogeneous_XMSSMT_2026-09-18/09_joint_parameter_search/02_benchmark/H6-14_W4-16/RUN01/operations.csv
H6-14_W4-16,6,14,4,16,JOINT,verify,66,2157575,2.157575000,1,7075,64,5518,RPI5_Heterogeneous_XMSSMT_2026-09-18/09_joint_parameter_search/02_benchmark/H6-14_W4-16/RUN01/operations.csv
H6-14_W4-16,6,14,4,16,JOINT,sign,67,5891593,5.891593000,,7075,64,5518,RPI5_Heterogeneous_XMSSMT_2026-09-18/09_joint_parameter_search/02_benchmark/H6-14_W4-16/RUN01/operations.csv
H6-14_W4-16,6,14,4,16,JOINT,verify,67,2137722,2.137722000,1,7075,64,5518,RPI5_Heterogeneous_XMSSMT_2026-09-18/09_joint_parameter_search/02_benchmark/H6-14_W4-16/RUN01/operations.csv
H6-14_W4-16,6,14,4,16,JOINT,sign,68,3219907,3.219907000,,7075,64,5518,RPI5_Heterogeneous_XMSSMT_2026-09-18/09_joint_parameter_search/02_benchmark/H6-14_W4-16/RUN01/operations.csv
H6-14_W4-16,6,14,4,16,JOINT,verify,68,2127500,2.127500000,1,7075,64,5518,RPI5_Heterogeneous_XMSSMT_2026-09-18/09_joint_parameter_search/02_benchmark/H6-14_W4-16/RUN01/operations.csv
H6-14_W4-16,6,14,4,16,JOINT,sign,69,3150241,3.150241000,,7075,64,5518,RPI5_Heterogeneous_XMSSMT_2026-09-18/09_joint_parameter_search/02_benchmark/H6-14_W4-16/RUN01/operations.csv
H6-14_W4-16,6,14,4,16,JOINT,verify,69,2207463,2.207463000,1,7075,64,5518,RPI5_Heterogeneous_XMSSMT_2026-09-18/09_joint_parameter_search/02_benchmark/H6-14_W4-16/RUN01/operations.csv
H6-14_W4-16,6,14,4,16,JOINT,sign,70,3176167,3.176167000,,7075,64,5518,RPI5_Heterogeneous_XMSSMT_2026-09-18/09_joint_parameter_search/02_benchmark/H6-14_W4-16/RUN01/operations.csv
H6-14_W4-16,6,14,4,16,JOINT,verify,70,2171185,2.171185000,1,7075,64,5518,RPI5_Heterogeneous_XMSSMT_2026-09-18/09_joint_parameter_search/02_benchmark/H6-14_W4-16/RUN01/operations.csv
H6-14_W4-16,6,14,4,16,JOINT,sign,71,5905481,5.905481000,,7075,64,5518,RPI5_Heterogeneous_XMSSMT_2026-09-18/09_joint_parameter_search/02_benchmark/H6-14_W4-16/RUN01/operations.csv
H6-14_W4-16,6,14,4,16,JOINT,verify,71,2193240,2.193240000,1,7075,64,5518,RPI5_Heterogeneous_XMSSMT_2026-09-18/09_joint_parameter_search/02_benchmark/H6-14_W4-16/RUN01/operations.csv
H6-14_W4-16,6,14,4,16,JOINT,sign,72,7264963,7.264963000,,7075,64,5518,RPI5_Heterogeneous_XMSSMT_2026-09-18/09_joint_parameter_search/02_benchmark/H6-14_W4-16/RUN01/operations.csv
H6-14_W4-16,6,14,4,16,JOINT,verify,72,2099815,2.099815000,1,7075,64,5518,RPI5_Heterogeneous_XMSSMT_2026-09-18/09_joint_parameter_search/02_benchmark/H6-14_W4-16/RUN01/operations.csv
H6-14_W4-16,6,14,4,16,JOINT,sign,73,4534926,4.534926000,,7075,64,5518,RPI5_Heterogeneous_XMSSMT_2026-09-18/09_joint_parameter_search/02_benchmark/H6-14_W4-16/RUN01/operations.csv
H6-14_W4-16,6,14,4,16,JOINT,verify,73,2173148,2.173148000,1,7075,64,5518,RPI5_Heterogeneous_XMSSMT_2026-09-18/09_joint_parameter_search/02_benchmark/H6-14_W4-16/RUN01/operations.csv
H6-14_W4-16,6,14,4,16,JOINT,sign,74,3219241,3.219241000,,7075,64,5518,RPI5_Heterogeneous_XMSSMT_2026-09-18/09_joint_parameter_search/02_benchmark/H6-14_W4-16/RUN01/operations.csv
H6-14_W4-16,6,14,4,16,JOINT,verify,74,2131908,2.131908000,1,7075,64,5518,RPI5_Heterogeneous_XMSSMT_2026-09-18/09_joint_parameter_search/02_benchmark/H6-14_W4-16/RUN01/operations.csv
H6-14_W4-16,6,14,4,16,JOINT,sign,75,5929704,5.929704000,,7075,64,5518,RPI5_Heterogeneous_XMSSMT_2026-09-18/09_joint_parameter_search/02_benchmark/H6-14_W4-16/RUN01/operations.csv
H6-14_W4-16,6,14,4,16,JOINT,verify,75,2100814,2.100814000,1,7075,64,5518,RPI5_Heterogeneous_XMSSMT_2026-09-18/09_joint_parameter_search/02_benchmark/H6-14_W4-16/RUN01/operations.csv
H6-14_W4-16,6,14,4,16,JOINT,sign,76,3187519,3.187519000,,7075,64,5518,RPI5_Heterogeneous_XMSSMT_2026-09-18/09_joint_parameter_search/02_benchmark/H6-14_W4-16/RUN01/operations.csv
H6-14_W4-16,6,14,4,16,JOINT,verify,76,2170093,2.170093000,1,7075,64,5518,RPI5_Heterogeneous_XMSSMT_2026-09-18/09_joint_parameter_search/02_benchmark/H6-14_W4-16/RUN01/operations.csv
H6-14_W4-16,6,14,4,16,JOINT,sign,77,3190055,3.190055000,,7075,64,5518,RPI5_Heterogeneous_XMSSMT_2026-09-18/09_joint_parameter_search/02_benchmark/H6-14_W4-16/RUN01/operations.csv
H6-14_W4-16,6,14,4,16,JOINT,verify,77,2164241,2.164241000,1,7075,64,5518,RPI5_Heterogeneous_XMSSMT_2026-09-18/09_joint_parameter_search/02_benchmark/H6-14_W4-16/RUN01/operations.csv
H6-14_W4-16,6,14,4,16,JOINT,sign,78,3169074,3.169074000,,7075,64,5518,RPI5_Heterogeneous_XMSSMT_2026-09-18/09_joint_parameter_search/02_benchmark/H6-14_W4-16/RUN01/operations.csv
H6-14_W4-16,6,14,4,16,JOINT,verify,78,2173222,2.173222000,1,7075,64,5518,RPI5_Heterogeneous_XMSSMT_2026-09-18/09_joint_parameter_search/02_benchmark/H6-14_W4-16/RUN01/operations.csv
H6-14_W4-16,6,14,4,16,JOINT,sign,79,5907851,5.907851000,,7075,64,5518,RPI5_Heterogeneous_XMSSMT_2026-09-18/09_joint_parameter_search/02_benchmark/H6-14_W4-16/RUN01/operations.csv
H6-14_W4-16,6,14,4,16,JOINT,verify,79,2138574,2.138574000,1,7075,64,5518,RPI5_Heterogeneous_XMSSMT_2026-09-18/09_joint_parameter_search/02_benchmark/H6-14_W4-16/RUN01/operations.csv
H6-14_W4-16,6,14,4,16,JOINT,sign,80,7233612,7.233612000,,7075,64,5518,RPI5_Heterogeneous_XMSSMT_2026-09-18/09_joint_parameter_search/02_benchmark/H6-14_W4-16/RUN01/operations.csv
H6-14_W4-16,6,14,4,16,JOINT,verify,80,2125185,2.125185000,1,7075,64,5518,RPI5_Heterogeneous_XMSSMT_2026-09-18/09_joint_parameter_search/02_benchmark/H6-14_W4-16/RUN01/operations.csv
H6-14_W4-16,6,14,4,16,JOINT,sign,81,5916759,5.916759000,,7075,64,5518,RPI5_Heterogeneous_XMSSMT_2026-09-18/09_joint_parameter_search/02_benchmark/H6-14_W4-16/RUN01/operations.csv
H6-14_W4-16,6,14,4,16,JOINT,verify,81,2124630,2.124630000,1,7075,64,5518,RPI5_Heterogeneous_XMSSMT_2026-09-18/09_joint_parameter_search/02_benchmark/H6-14_W4-16/RUN01/operations.csv
H6-14_W4-16,6,14,4,16,JOINT,sign,82,7232129,7.232129000,,7075,64,5518,RPI5_Heterogeneous_XMSSMT_2026-09-18/09_joint_parameter_search/02_benchmark/H6-14_W4-16/RUN01/operations.csv
H6-14_W4-16,6,14,4,16,JOINT,verify,82,2135130,2.135130000,1,7075,64,5518,RPI5_Heterogeneous_XMSSMT_2026-09-18/09_joint_parameter_search/02_benchmark/H6-14_W4-16/RUN01/operations.csv
H6-14_W4-16,6,14,4,16,JOINT,sign,83,5822575,5.822575000,,7075,64,5518,RPI5_Heterogeneous_XMSSMT_2026-09-18/09_joint_parameter_search/02_benchmark/H6-14_W4-16/RUN01/operations.csv
H6-14_W4-16,6,14,4,16,JOINT,verify,83,2208445,2.208445000,1,7075,64,5518,RPI5_Heterogeneous_XMSSMT_2026-09-18/09_joint_parameter_search/02_benchmark/H6-14_W4-16/RUN01/operations.csv
H6-14_W4-16,6,14,4,16,JOINT,sign,84,7195871,7.195871000,,7075,64,5518,RPI5_Heterogeneous_XMSSMT_2026-09-18/09_joint_parameter_search/02_benchmark/H6-14_W4-16/RUN01/operations.csv
H6-14_W4-16,6,14,4,16,JOINT,verify,84,2163259,2.163259000,1,7075,64,5518,RPI5_Heterogeneous_XMSSMT_2026-09-18/09_joint_parameter_search/02_benchmark/H6-14_W4-16/RUN01/operations.csv
H6-14_W4-16,6,14,4,16,JOINT,sign,85,4536462,4.536462000,,7075,64,5518,RPI5_Heterogeneous_XMSSMT_2026-09-18/09_joint_parameter_search/02_benchmark/H6-14_W4-16/RUN01/operations.csv
H6-14_W4-16,6,14,4,16,JOINT,verify,85,2164944,2.164944000,1,7075,64,5518,RPI5_Heterogeneous_XMSSMT_2026-09-18/09_joint_parameter_search/02_benchmark/H6-14_W4-16/RUN01/operations.csv
H6-14_W4-16,6,14,4,16,JOINT,sign,86,3212074,3.212074000,,7075,64,5518,RPI5_Heterogeneous_XMSSMT_2026-09-18/09_joint_parameter_search/02_benchmark/H6-14_W4-16/RUN01/operations.csv
H6-14_W4-16,6,14,4,16,JOINT,verify,86,2137129,2.137129000,1,7075,64,5518,RPI5_Heterogeneous_XMSSMT_2026-09-18/09_joint_parameter_search/02_benchmark/H6-14_W4-16/RUN01/operations.csv
H6-14_W4-16,6,14,4,16,JOINT,sign,87,5858945,5.858945000,,7075,64,5518,RPI5_Heterogeneous_XMSSMT_2026-09-18/09_joint_parameter_search/02_benchmark/H6-14_W4-16/RUN01/operations.csv
H6-14_W4-16,6,14,4,16,JOINT,verify,87,2180963,2.180963000,1,7075,64,5518,RPI5_Heterogeneous_XMSSMT_2026-09-18/09_joint_parameter_search/02_benchmark/H6-14_W4-16/RUN01/operations.csv
H6-14_W4-16,6,14,4,16,JOINT,sign,88,7222222,7.222222000,,7075,64,5518,RPI5_Heterogeneous_XMSSMT_2026-09-18/09_joint_parameter_search/02_benchmark/H6-14_W4-16/RUN01/operations.csv
H6-14_W4-16,6,14,4,16,JOINT,verify,88,2139611,2.139611000,1,7075,64,5518,RPI5_Heterogeneous_XMSSMT_2026-09-18/09_joint_parameter_search/02_benchmark/H6-14_W4-16/RUN01/operations.csv
H6-14_W4-16,6,14,4,16,JOINT,sign,89,4568908,4.568908000,,7075,64,5518,RPI5_Heterogeneous_XMSSMT_2026-09-18/09_joint_parameter_search/02_benchmark/H6-14_W4-16/RUN01/operations.csv
H6-14_W4-16,6,14,4,16,JOINT,verify,89,2132130,2.132130000,1,7075,64,5518,RPI5_Heterogeneous_XMSSMT_2026-09-18/09_joint_parameter_search/02_benchmark/H6-14_W4-16/RUN01/operations.csv
H6-14_W4-16,6,14,4,16,JOINT,sign,90,3171204,3.171204000,,7075,64,5518,RPI5_Heterogeneous_XMSSMT_2026-09-18/09_joint_parameter_search/02_benchmark/H6-14_W4-16/RUN01/operations.csv
H6-14_W4-16,6,14,4,16,JOINT,verify,90,2178482,2.178482000,1,7075,64,5518,RPI5_Heterogeneous_XMSSMT_2026-09-18/09_joint_parameter_search/02_benchmark/H6-14_W4-16/RUN01/operations.csv
H6-14_W4-16,6,14,4,16,JOINT,sign,91,5908407,5.908407000,,7075,64,5518,RPI5_Heterogeneous_XMSSMT_2026-09-18/09_joint_parameter_search/02_benchmark/H6-14_W4-16/RUN01/operations.csv
H6-14_W4-16,6,14,4,16,JOINT,verify,91,2123074,2.123074000,1,7075,64,5518,RPI5_Heterogeneous_XMSSMT_2026-09-18/09_joint_parameter_search/02_benchmark/H6-14_W4-16/RUN01/operations.csv
H6-14_W4-16,6,14,4,16,JOINT,sign,92,3187685,3.187685000,,7075,64,5518,RPI5_Heterogeneous_XMSSMT_2026-09-18/09_joint_parameter_search/02_benchmark/H6-14_W4-16/RUN01/operations.csv
H6-14_W4-16,6,14,4,16,JOINT,verify,92,2157759,2.157759000,1,7075,64,5518,RPI5_Heterogeneous_XMSSMT_2026-09-18/09_joint_parameter_search/02_benchmark/H6-14_W4-16/RUN01/operations.csv
H6-14_W4-16,6,14,4,16,JOINT,sign,93,3222425,3.222425000,,7075,64,5518,RPI5_Heterogeneous_XMSSMT_2026-09-18/09_joint_parameter_search/02_benchmark/H6-14_W4-16/RUN01/operations.csv
H6-14_W4-16,6,14,4,16,JOINT,verify,93,2129593,2.129593000,1,7075,64,5518,RPI5_Heterogeneous_XMSSMT_2026-09-18/09_joint_parameter_search/02_benchmark/H6-14_W4-16/RUN01/operations.csv
H6-14_W4-16,6,14,4,16,JOINT,sign,94,3183852,3.183852000,,7075,64,5518,RPI5_Heterogeneous_XMSSMT_2026-09-18/09_joint_parameter_search/02_benchmark/H6-14_W4-16/RUN01/operations.csv
H6-14_W4-16,6,14,4,16,JOINT,verify,94,2168240,2.168240000,1,7075,64,5518,RPI5_Heterogeneous_XMSSMT_2026-09-18/09_joint_parameter_search/02_benchmark/H6-14_W4-16/RUN01/operations.csv
H6-14_W4-16,6,14,4,16,JOINT,sign,95,5867703,5.867703000,,7075,64,5518,RPI5_Heterogeneous_XMSSMT_2026-09-18/09_joint_parameter_search/02_benchmark/H6-14_W4-16/RUN01/operations.csv
H6-14_W4-16,6,14,4,16,JOINT,verify,95,2170648,2.170648000,1,7075,64,5518,RPI5_Heterogeneous_XMSSMT_2026-09-18/09_joint_parameter_search/02_benchmark/H6-14_W4-16/RUN01/operations.csv
H6-14_W4-16,6,14,4,16,JOINT,sign,96,7235686,7.235686000,,7075,64,5518,RPI5_Heterogeneous_XMSSMT_2026-09-18/09_joint_parameter_search/02_benchmark/H6-14_W4-16/RUN01/operations.csv
H6-14_W4-16,6,14,4,16,JOINT,verify,96,2125277,2.125277000,1,7075,64,5518,RPI5_Heterogeneous_XMSSMT_2026-09-18/09_joint_parameter_search/02_benchmark/H6-14_W4-16/RUN01/operations.csv
H6-14_W4-16,6,14,4,16,JOINT,sign,97,5873537,5.873537000,,7075,64,5518,RPI5_Heterogeneous_XMSSMT_2026-09-18/09_joint_parameter_search/02_benchmark/H6-14_W4-16/RUN01/operations.csv
H6-14_W4-16,6,14,4,16,JOINT,verify,97,2173686,2.173686000,1,7075,64,5518,RPI5_Heterogeneous_XMSSMT_2026-09-18/09_joint_parameter_search/02_benchmark/H6-14_W4-16/RUN01/operations.csv
H6-14_W4-16,6,14,4,16,JOINT,sign,98,7224630,7.224630000,,7075,64,5518,RPI5_Heterogeneous_XMSSMT_2026-09-18/09_joint_parameter_search/02_benchmark/H6-14_W4-16/RUN01/operations.csv
H6-14_W4-16,6,14,4,16,JOINT,verify,98,2171574,2.171574000,1,7075,64,5518,RPI5_Heterogeneous_XMSSMT_2026-09-18/09_joint_parameter_search/02_benchmark/H6-14_W4-16/RUN01/operations.csv
H6-14_W4-16,6,14,4,16,JOINT,sign,99,5850278,5.850278000,,7075,64,5518,RPI5_Heterogeneous_XMSSMT_2026-09-18/09_joint_parameter_search/02_benchmark/H6-14_W4-16/RUN01/operations.csv
H6-14_W4-16,6,14,4,16,JOINT,verify,99,2190592,2.190592000,1,7075,64,5518,RPI5_Heterogeneous_XMSSMT_2026-09-18/09_joint_parameter_search/02_benchmark/H6-14_W4-16/RUN01/operations.csv
H6-14_W16-4,6,14,16,4,JOINT,keygen,0,22278273209,22278.273209000,,7075,64,7630,RPI5_Heterogeneous_XMSSMT_2026-09-18/09_joint_parameter_search/02_benchmark/H6-14_W16-4/RUN01/operations.csv
H6-14_W16-4,6,14,16,4,JOINT,keygen,1,22322840820,22322.840820000,,7075,64,7630,RPI5_Heterogeneous_XMSSMT_2026-09-18/09_joint_parameter_search/02_benchmark/H6-14_W16-4/RUN01/operations.csv
H6-14_W16-4,6,14,16,4,JOINT,keygen,2,22315135931,22315.135931000,,7075,64,7630,RPI5_Heterogeneous_XMSSMT_2026-09-18/09_joint_parameter_search/02_benchmark/H6-14_W16-4/RUN01/operations.csv
H6-14_W16-4,6,14,16,4,JOINT,keygen,3,22315630450,22315.630450000,,7075,64,7630,RPI5_Heterogeneous_XMSSMT_2026-09-18/09_joint_parameter_search/02_benchmark/H6-14_W16-4/RUN01/operations.csv
H6-14_W16-4,6,14,16,4,JOINT,keygen,4,22313763449,22313.763449000,,7075,64,7630,RPI5_Heterogeneous_XMSSMT_2026-09-18/09_joint_parameter_search/02_benchmark/H6-14_W16-4/RUN01/operations.csv
H6-14_W16-4,6,14,16,4,JOINT,keygen,5,22317900764,22317.900764000,,7075,64,7630,RPI5_Heterogeneous_XMSSMT_2026-09-18/09_joint_parameter_search/02_benchmark/H6-14_W16-4/RUN01/operations.csv
H6-14_W16-4,6,14,16,4,JOINT,keygen,6,22320204598,22320.204598000,,7075,64,7630,RPI5_Heterogeneous_XMSSMT_2026-09-18/09_joint_parameter_search/02_benchmark/H6-14_W16-4/RUN01/operations.csv
H6-14_W16-4,6,14,16,4,JOINT,keygen,7,22314312727,22314.312727000,,7075,64,7630,RPI5_Heterogeneous_XMSSMT_2026-09-18/09_joint_parameter_search/02_benchmark/H6-14_W16-4/RUN01/operations.csv
H6-14_W16-4,6,14,16,4,JOINT,keygen,8,22325250098,22325.250098000,,7075,64,7630,RPI5_Heterogeneous_XMSSMT_2026-09-18/09_joint_parameter_search/02_benchmark/H6-14_W16-4/RUN01/operations.csv
H6-14_W16-4,6,14,16,4,JOINT,keygen,9,22323315524,22323.315524000,,7075,64,7630,RPI5_Heterogeneous_XMSSMT_2026-09-18/09_joint_parameter_search/02_benchmark/H6-14_W16-4/RUN01/operations.csv
H6-14_W16-4,6,14,16,4,JOINT,sign,0,5975223,5.975223000,,7075,64,7630,RPI5_Heterogeneous_XMSSMT_2026-09-18/09_joint_parameter_search/02_benchmark/H6-14_W16-4/RUN01/operations.csv
H6-14_W16-4,6,14,16,4,JOINT,verify,0,2155204,2.155204000,1,7075,64,7630,RPI5_Heterogeneous_XMSSMT_2026-09-18/09_joint_parameter_search/02_benchmark/H6-14_W16-4/RUN01/operations.csv
H6-14_W16-4,6,14,16,4,JOINT,sign,1,5906741,5.906741000,,7075,64,7630,RPI5_Heterogeneous_XMSSMT_2026-09-18/09_joint_parameter_search/02_benchmark/H6-14_W16-4/RUN01/operations.csv
H6-14_W16-4,6,14,16,4,JOINT,verify,1,2214852,2.214852000,1,7075,64,7630,RPI5_Heterogeneous_XMSSMT_2026-09-18/09_joint_parameter_search/02_benchmark/H6-14_W16-4/RUN01/operations.csv
H6-14_W16-4,6,14,16,4,JOINT,sign,2,5934037,5.934037000,,7075,64,7630,RPI5_Heterogeneous_XMSSMT_2026-09-18/09_joint_parameter_search/02_benchmark/H6-14_W16-4/RUN01/operations.csv
H6-14_W16-4,6,14,16,4,JOINT,verify,2,2182259,2.182259000,1,7075,64,7630,RPI5_Heterogeneous_XMSSMT_2026-09-18/09_joint_parameter_search/02_benchmark/H6-14_W16-4/RUN01/operations.csv
H6-14_W16-4,6,14,16,4,JOINT,sign,3,10752500,10.752500000,,7075,64,7630,RPI5_Heterogeneous_XMSSMT_2026-09-18/09_joint_parameter_search/02_benchmark/H6-14_W16-4/RUN01/operations.csv
H6-14_W16-4,6,14,16,4,JOINT,verify,3,2183834,2.183834000,1,7075,64,7630,RPI5_Heterogeneous_XMSSMT_2026-09-18/09_joint_parameter_search/02_benchmark/H6-14_W16-4/RUN01/operations.csv
H6-14_W16-4,6,14,16,4,JOINT,sign,4,5956907,5.956907000,,7075,64,7630,RPI5_Heterogeneous_XMSSMT_2026-09-18/09_joint_parameter_search/02_benchmark/H6-14_W16-4/RUN01/operations.csv
H6-14_W16-4,6,14,16,4,JOINT,verify,4,2154352,2.154352000,1,7075,64,7630,RPI5_Heterogeneous_XMSSMT_2026-09-18/09_joint_parameter_search/02_benchmark/H6-14_W16-4/RUN01/operations.csv
H6-14_W16-4,6,14,16,4,JOINT,sign,5,5838629,5.838629000,,7075,64,7630,RPI5_Heterogeneous_XMSSMT_2026-09-18/09_joint_parameter_search/02_benchmark/H6-14_W16-4/RUN01/operations.csv
H6-14_W16-4,6,14,16,4,JOINT,verify,5,2280112,2.280112000,1,7075,64,7630,RPI5_Heterogeneous_XMSSMT_2026-09-18/09_joint_parameter_search/02_benchmark/H6-14_W16-4/RUN01/operations.csv
H6-14_W16-4,6,14,16,4,JOINT,sign,6,5894019,5.894019000,,7075,64,7630,RPI5_Heterogeneous_XMSSMT_2026-09-18/09_joint_parameter_search/02_benchmark/H6-14_W16-4/RUN01/operations.csv
H6-14_W16-4,6,14,16,4,JOINT,verify,6,2214130,2.214130000,1,7075,64,7630,RPI5_Heterogeneous_XMSSMT_2026-09-18/09_joint_parameter_search/02_benchmark/H6-14_W16-4/RUN01/operations.csv
H6-14_W16-4,6,14,16,4,JOINT,sign,7,10845408,10.845408000,,7075,64,7630,RPI5_Heterogeneous_XMSSMT_2026-09-18/09_joint_parameter_search/02_benchmark/H6-14_W16-4/RUN01/operations.csv
H6-14_W16-4,6,14,16,4,JOINT,verify,7,2090019,2.090019000,1,7075,64,7630,RPI5_Heterogeneous_XMSSMT_2026-09-18/09_joint_parameter_search/02_benchmark/H6-14_W16-4/RUN01/operations.csv
H6-14_W16-4,6,14,16,4,JOINT,sign,8,13202278,13.202278000,,7075,64,7630,RPI5_Heterogeneous_XMSSMT_2026-09-18/09_joint_parameter_search/02_benchmark/H6-14_W16-4/RUN01/operations.csv
H6-14_W16-4,6,14,16,4,JOINT,verify,8,2119482,2.119482000,1,7075,64,7630,RPI5_Heterogeneous_XMSSMT_2026-09-18/09_joint_parameter_search/02_benchmark/H6-14_W16-4/RUN01/operations.csv
H6-14_W16-4,6,14,16,4,JOINT,sign,9,8307222,8.307222000,,7075,64,7630,RPI5_Heterogeneous_XMSSMT_2026-09-18/09_joint_parameter_search/02_benchmark/H6-14_W16-4/RUN01/operations.csv
H6-14_W16-4,6,14,16,4,JOINT,verify,9,2215389,2.215389000,1,7075,64,7630,RPI5_Heterogeneous_XMSSMT_2026-09-18/09_joint_parameter_search/02_benchmark/H6-14_W16-4/RUN01/operations.csv
H6-14_W16-4,6,14,16,4,JOINT,sign,10,5897037,5.897037000,,7075,64,7630,RPI5_Heterogeneous_XMSSMT_2026-09-18/09_joint_parameter_search/02_benchmark/H6-14_W16-4/RUN01/operations.csv
H6-14_W16-4,6,14,16,4,JOINT,verify,10,2212556,2.212556000,1,7075,64,7630,RPI5_Heterogeneous_XMSSMT_2026-09-18/09_joint_parameter_search/02_benchmark/H6-14_W16-4/RUN01/operations.csv
H6-14_W16-4,6,14,16,4,JOINT,sign,11,10839352,10.839352000,,7075,64,7630,RPI5_Heterogeneous_XMSSMT_2026-09-18/09_joint_parameter_search/02_benchmark/H6-14_W16-4/RUN01/operations.csv
H6-14_W16-4,6,14,16,4,JOINT,verify,11,2087074,2.087074000,1,7075,64,7630,RPI5_Heterogeneous_XMSSMT_2026-09-18/09_joint_parameter_search/02_benchmark/H6-14_W16-4/RUN01/operations.csv
H6-14_W16-4,6,14,16,4,JOINT,sign,12,5924537,5.924537000,,7075,64,7630,RPI5_Heterogeneous_XMSSMT_2026-09-18/09_joint_parameter_search/02_benchmark/H6-14_W16-4/RUN01/operations.csv
H6-14_W16-4,6,14,16,4,JOINT,verify,12,2183222,2.183222000,1,7075,64,7630,RPI5_Heterogeneous_XMSSMT_2026-09-18/09_joint_parameter_search/02_benchmark/H6-14_W16-4/RUN01/operations.csv
H6-14_W16-4,6,14,16,4,JOINT,sign,13,5910482,5.910482000,,7075,64,7630,RPI5_Heterogeneous_XMSSMT_2026-09-18/09_joint_parameter_search/02_benchmark/H6-14_W16-4/RUN01/operations.csv
H6-14_W16-4,6,14,16,4,JOINT,verify,13,2279722,2.279722000,1,7075,64,7630,RPI5_Heterogeneous_XMSSMT_2026-09-18/09_joint_parameter_search/02_benchmark/H6-14_W16-4/RUN01/operations.csv
H6-14_W16-4,6,14,16,4,JOINT,sign,14,5860815,5.860815000,,7075,64,7630,RPI5_Heterogeneous_XMSSMT_2026-09-18/09_joint_parameter_search/02_benchmark/H6-14_W16-4/RUN01/operations.csv
H6-14_W16-4,6,14,16,4,JOINT,verify,14,2290260,2.290260000,1,7075,64,7630,RPI5_Heterogeneous_XMSSMT_2026-09-18/09_joint_parameter_search/02_benchmark/H6-14_W16-4/RUN01/operations.csv
H6-14_W16-4,6,14,16,4,JOINT,sign,15,10893667,10.893667000,,7075,64,7630,RPI5_Heterogeneous_XMSSMT_2026-09-18/09_joint_parameter_search/02_benchmark/H6-14_W16-4/RUN01/operations.csv
H6-14_W16-4,6,14,16,4,JOINT,verify,15,2055166,2.055166000,1,7075,64,7630,RPI5_Heterogeneous_XMSSMT_2026-09-18/09_joint_parameter_search/02_benchmark/H6-14_W16-4/RUN01/operations.csv
H6-14_W16-4,6,14,16,4,JOINT,sign,16,13147741,13.147741000,,7075,64,7630,RPI5_Heterogeneous_XMSSMT_2026-09-18/09_joint_parameter_search/02_benchmark/H6-14_W16-4/RUN01/operations.csv
H6-14_W16-4,6,14,16,4,JOINT,verify,16,2185037,2.185037000,1,7075,64,7630,RPI5_Heterogeneous_XMSSMT_2026-09-18/09_joint_parameter_search/02_benchmark/H6-14_W16-4/RUN01/operations.csv
H6-14_W16-4,6,14,16,4,JOINT,sign,17,10623444,10.623444000,,7075,64,7630,RPI5_Heterogeneous_XMSSMT_2026-09-18/09_joint_parameter_search/02_benchmark/H6-14_W16-4/RUN01/operations.csv
H6-14_W16-4,6,14,16,4,JOINT,verify,17,2314315,2.314315000,1,7075,64,7630,RPI5_Heterogeneous_XMSSMT_2026-09-18/09_joint_parameter_search/02_benchmark/H6-14_W16-4/RUN01/operations.csv
H6-14_W16-4,6,14,16,4,JOINT,sign,18,13123408,13.123408000,,7075,64,7630,RPI5_Heterogeneous_XMSSMT_2026-09-18/09_joint_parameter_search/02_benchmark/H6-14_W16-4/RUN01/operations.csv
H6-14_W16-4,6,14,16,4,JOINT,verify,18,2222722,2.222722000,1,7075,64,7630,RPI5_Heterogeneous_XMSSMT_2026-09-18/09_joint_parameter_search/02_benchmark/H6-14_W16-4/RUN01/operations.csv
H6-14_W16-4,6,14,16,4,JOINT,sign,19,10751056,10.751056000,,7075,64,7630,RPI5_Heterogeneous_XMSSMT_2026-09-18/09_joint_parameter_search/02_benchmark/H6-14_W16-4/RUN01/operations.csv
H6-14_W16-4,6,14,16,4,JOINT,verify,19,2184759,2.184759000,1,7075,64,7630,RPI5_Heterogeneous_XMSSMT_2026-09-18/09_joint_parameter_search/02_benchmark/H6-14_W16-4/RUN01/operations.csv
H6-14_W16-4,6,14,16,4,JOINT,sign,20,13055018,13.055018000,,7075,64,7630,RPI5_Heterogeneous_XMSSMT_2026-09-18/09_joint_parameter_search/02_benchmark/H6-14_W16-4/RUN01/operations.csv
H6-14_W16-4,6,14,16,4,JOINT,verify,20,2280778,2.280778000,1,7075,64,7630,RPI5_Heterogeneous_XMSSMT_2026-09-18/09_joint_parameter_search/02_benchmark/H6-14_W16-4/RUN01/operations.csv
H6-14_W16-4,6,14,16,4,JOINT,sign,21,8357297,8.357297000,,7075,64,7630,RPI5_Heterogeneous_XMSSMT_2026-09-18/09_joint_parameter_search/02_benchmark/H6-14_W16-4/RUN01/operations.csv
H6-14_W16-4,6,14,16,4,JOINT,verify,21,2204259,2.204259000,1,7075,64,7630,RPI5_Heterogeneous_XMSSMT_2026-09-18/09_joint_parameter_search/02_benchmark/H6-14_W16-4/RUN01/operations.csv
H6-14_W16-4,6,14,16,4,JOINT,sign,22,6004334,6.004334000,,7075,64,7630,RPI5_Heterogeneous_XMSSMT_2026-09-18/09_joint_parameter_search/02_benchmark/H6-14_W16-4/RUN01/operations.csv
H6-14_W16-4,6,14,16,4,JOINT,verify,22,2123685,2.123685000,1,7075,64,7630,RPI5_Heterogeneous_XMSSMT_2026-09-18/09_joint_parameter_search/02_benchmark/H6-14_W16-4/RUN01/operations.csv
H6-14_W16-4,6,14,16,4,JOINT,sign,23,10809870,10.809870000,,7075,64,7630,RPI5_Heterogeneous_XMSSMT_2026-09-18/09_joint_parameter_search/02_benchmark/H6-14_W16-4/RUN01/operations.csv
H6-14_W16-4,6,14,16,4,JOINT,verify,23,2120537,2.120537000,1,7075,64,7630,RPI5_Heterogeneous_XMSSMT_2026-09-18/09_joint_parameter_search/02_benchmark/H6-14_W16-4/RUN01/operations.csv
H6-14_W16-4,6,14,16,4,JOINT,sign,24,12952630,12.952630000,,7075,64,7630,RPI5_Heterogeneous_XMSSMT_2026-09-18/09_joint_parameter_search/02_benchmark/H6-14_W16-4/RUN01/operations.csv
H6-14_W16-4,6,14,16,4,JOINT,verify,24,2379000,2.379000000,1,7075,64,7630,RPI5_Heterogeneous_XMSSMT_2026-09-18/09_joint_parameter_search/02_benchmark/H6-14_W16-4/RUN01/operations.csv
H6-14_W16-4,6,14,16,4,JOINT,sign,25,8354500,8.354500000,,7075,64,7630,RPI5_Heterogeneous_XMSSMT_2026-09-18/09_joint_parameter_search/02_benchmark/H6-14_W16-4/RUN01/operations.csv
H6-14_W16-4,6,14,16,4,JOINT,verify,25,2181315,2.181315000,1,7075,64,7630,RPI5_Heterogeneous_XMSSMT_2026-09-18/09_joint_parameter_search/02_benchmark/H6-14_W16-4/RUN01/operations.csv
H6-14_W16-4,6,14,16,4,JOINT,sign,26,5891537,5.891537000,,7075,64,7630,RPI5_Heterogeneous_XMSSMT_2026-09-18/09_joint_parameter_search/02_benchmark/H6-14_W16-4/RUN01/operations.csv
H6-14_W16-4,6,14,16,4,JOINT,verify,26,2208871,2.208871000,1,7075,64,7630,RPI5_Heterogeneous_XMSSMT_2026-09-18/09_joint_parameter_search/02_benchmark/H6-14_W16-4/RUN01/operations.csv
H6-14_W16-4,6,14,16,4,JOINT,sign,27,10637926,10.637926000,,7075,64,7630,RPI5_Heterogeneous_XMSSMT_2026-09-18/09_joint_parameter_search/02_benchmark/H6-14_W16-4/RUN01/operations.csv
H6-14_W16-4,6,14,16,4,JOINT,verify,27,2279203,2.279203000,1,7075,64,7630,RPI5_Heterogeneous_XMSSMT_2026-09-18/09_joint_parameter_search/02_benchmark/H6-14_W16-4/RUN01/operations.csv
H6-14_W16-4,6,14,16,4,JOINT,sign,28,5950704,5.950704000,,7075,64,7630,RPI5_Heterogeneous_XMSSMT_2026-09-18/09_joint_parameter_search/02_benchmark/H6-14_W16-4/RUN01/operations.csv
H6-14_W16-4,6,14,16,4,JOINT,verify,28,2151778,2.151778000,1,7075,64,7630,RPI5_Heterogeneous_XMSSMT_2026-09-18/09_joint_parameter_search/02_benchmark/H6-14_W16-4/RUN01/operations.csv
H6-14_W16-4,6,14,16,4,JOINT,sign,29,6080686,6.080686000,,7075,64,7630,RPI5_Heterogeneous_XMSSMT_2026-09-18/09_joint_parameter_search/02_benchmark/H6-14_W16-4/RUN01/operations.csv
H6-14_W16-4,6,14,16,4,JOINT,verify,29,2019203,2.019203000,1,7075,64,7630,RPI5_Heterogeneous_XMSSMT_2026-09-18/09_joint_parameter_search/02_benchmark/H6-14_W16-4/RUN01/operations.csv
H6-14_W16-4,6,14,16,4,JOINT,sign,30,5919277,5.919277000,,7075,64,7630,RPI5_Heterogeneous_XMSSMT_2026-09-18/09_joint_parameter_search/02_benchmark/H6-14_W16-4/RUN01/operations.csv
H6-14_W16-4,6,14,16,4,JOINT,verify,30,2184296,2.184296000,1,7075,64,7630,RPI5_Heterogeneous_XMSSMT_2026-09-18/09_joint_parameter_search/02_benchmark/H6-14_W16-4/RUN01/operations.csv
H6-14_W16-4,6,14,16,4,JOINT,sign,31,10798685,10.798685000,,7075,64,7630,RPI5_Heterogeneous_XMSSMT_2026-09-18/09_joint_parameter_search/02_benchmark/H6-14_W16-4/RUN01/operations.csv
H6-14_W16-4,6,14,16,4,JOINT,verify,31,2116704,2.116704000,1,7075,64,7630,RPI5_Heterogeneous_XMSSMT_2026-09-18/09_joint_parameter_search/02_benchmark/H6-14_W16-4/RUN01/operations.csv
H6-14_W16-4,6,14,16,4,JOINT,sign,32,13084703,13.084703000,,7075,64,7630,RPI5_Heterogeneous_XMSSMT_2026-09-18/09_joint_parameter_search/02_benchmark/H6-14_W16-4/RUN01/operations.csv
H6-14_W16-4,6,14,16,4,JOINT,verify,32,2212926,2.212926000,1,7075,64,7630,RPI5_Heterogeneous_XMSSMT_2026-09-18/09_joint_parameter_search/02_benchmark/H6-14_W16-4/RUN01/operations.csv
H6-14_W16-4,6,14,16,4,JOINT,sign,33,10728703,10.728703000,,7075,64,7630,RPI5_Heterogeneous_XMSSMT_2026-09-18/09_joint_parameter_search/02_benchmark/H6-14_W16-4/RUN01/operations.csv
H6-14_W16-4,6,14,16,4,JOINT,verify,33,2180185,2.180185000,1,7075,64,7630,RPI5_Heterogeneous_XMSSMT_2026-09-18/09_joint_parameter_search/02_benchmark/H6-14_W16-4/RUN01/operations.csv
H6-14_W16-4,6,14,16,4,JOINT,sign,34,13153481,13.153481000,,7075,64,7630,RPI5_Heterogeneous_XMSSMT_2026-09-18/09_joint_parameter_search/02_benchmark/H6-14_W16-4/RUN01/operations.csv
H6-14_W16-4,6,14,16,4,JOINT,verify,34,2149074,2.149074000,1,7075,64,7630,RPI5_Heterogeneous_XMSSMT_2026-09-18/09_joint_parameter_search/02_benchmark/H6-14_W16-4/RUN01/operations.csv
H6-14_W16-4,6,14,16,4,JOINT,sign,35,10826593,10.826593000,,7075,64,7630,RPI5_Heterogeneous_XMSSMT_2026-09-18/09_joint_parameter_search/02_benchmark/H6-14_W16-4/RUN01/operations.csv
H6-14_W16-4,6,14,16,4,JOINT,verify,35,2082556,2.082556000,1,7075,64,7630,RPI5_Heterogeneous_XMSSMT_2026-09-18/09_joint_parameter_search/02_benchmark/H6-14_W16-4/RUN01/operations.csv
H6-14_W16-4,6,14,16,4,JOINT,sign,36,13019463,13.019463000,,7075,64,7630,RPI5_Heterogeneous_XMSSMT_2026-09-18/09_joint_parameter_search/02_benchmark/H6-14_W16-4/RUN01/operations.csv
H6-14_W16-4,6,14,16,4,JOINT,verify,36,2282315,2.282315000,1,7075,64,7630,RPI5_Heterogeneous_XMSSMT_2026-09-18/09_joint_parameter_search/02_benchmark/H6-14_W16-4/RUN01/operations.csv
H6-14_W16-4,6,14,16,4,JOINT,sign,37,8431259,8.431259000,,7075,64,7630,RPI5_Heterogeneous_XMSSMT_2026-09-18/09_joint_parameter_search/02_benchmark/H6-14_W16-4/RUN01/operations.csv
H6-14_W16-4,6,14,16,4,JOINT,verify,37,2083204,2.083204000,1,7075,64,7630,RPI5_Heterogeneous_XMSSMT_2026-09-18/09_joint_parameter_search/02_benchmark/H6-14_W16-4/RUN01/operations.csv
H6-14_W16-4,6,14,16,4,JOINT,sign,38,5948241,5.948241000,,7075,64,7630,RPI5_Heterogeneous_XMSSMT_2026-09-18/09_joint_parameter_search/02_benchmark/H6-14_W16-4/RUN01/operations.csv
H6-14_W16-4,6,14,16,4,JOINT,verify,38,2148259,2.148259000,1,7075,64,7630,RPI5_Heterogeneous_XMSSMT_2026-09-18/09_joint_parameter_search/02_benchmark/H6-14_W16-4/RUN01/operations.csv
H6-14_W16-4,6,14,16,4,JOINT,sign,39,10730277,10.730277000,,7075,64,7630,RPI5_Heterogeneous_XMSSMT_2026-09-18/09_joint_parameter_search/02_benchmark/H6-14_W16-4/RUN01/operations.csv
H6-14_W16-4,6,14,16,4,JOINT,verify,39,2182685,2.182685000,1,7075,64,7630,RPI5_Heterogeneous_XMSSMT_2026-09-18/09_joint_parameter_search/02_benchmark/H6-14_W16-4/RUN01/operations.csv
H6-14_W16-4,6,14,16,4,JOINT,sign,40,13150037,13.150037000,,7075,64,7630,RPI5_Heterogeneous_XMSSMT_2026-09-18/09_joint_parameter_search/02_benchmark/H6-14_W16-4/RUN01/operations.csv
H6-14_W16-4,6,14,16,4,JOINT,verify,40,2148407,2.148407000,1,7075,64,7630,RPI5_Heterogeneous_XMSSMT_2026-09-18/09_joint_parameter_search/02_benchmark/H6-14_W16-4/RUN01/operations.csv
H6-14_W16-4,6,14,16,4,JOINT,sign,41,8205667,8.205667000,,7075,64,7630,RPI5_Heterogeneous_XMSSMT_2026-09-18/09_joint_parameter_search/02_benchmark/H6-14_W16-4/RUN01/operations.csv
H6-14_W16-4,6,14,16,4,JOINT,verify,41,2305778,2.305778000,1,7075,64,7630,RPI5_Heterogeneous_XMSSMT_2026-09-18/09_joint_parameter_search/02_benchmark/H6-14_W16-4/RUN01/operations.csv
H6-14_W16-4,6,14,16,4,JOINT,sign,42,6076611,6.076611000,,7075,64,7630,RPI5_Heterogeneous_XMSSMT_2026-09-18/09_joint_parameter_search/02_benchmark/H6-14_W16-4/RUN01/operations.csv
H6-14_W16-4,6,14,16,4,JOINT,verify,42,2019611,2.019611000,1,7075,64,7630,RPI5_Heterogeneous_XMSSMT_2026-09-18/09_joint_parameter_search/02_benchmark/H6-14_W16-4/RUN01/operations.csv
H6-14_W16-4,6,14,16,4,JOINT,sign,43,10746037,10.746037000,,7075,64,7630,RPI5_Heterogeneous_XMSSMT_2026-09-18/09_joint_parameter_search/02_benchmark/H6-14_W16-4/RUN01/operations.csv
H6-14_W16-4,6,14,16,4,JOINT,verify,43,2179074,2.179074000,1,7075,64,7630,RPI5_Heterogeneous_XMSSMT_2026-09-18/09_joint_parameter_search/02_benchmark/H6-14_W16-4/RUN01/operations.csv
H6-14_W16-4,6,14,16,4,JOINT,sign,44,5829296,5.829296000,,7075,64,7630,RPI5_Heterogeneous_XMSSMT_2026-09-18/09_joint_parameter_search/02_benchmark/H6-14_W16-4/RUN01/operations.csv
H6-14_W16-4,6,14,16,4,JOINT,verify,44,2278129,2.278129000,1,7075,64,7630,RPI5_Heterogeneous_XMSSMT_2026-09-18/09_joint_parameter_search/02_benchmark/H6-14_W16-4/RUN01/operations.csv
H6-14_W16-4,6,14,16,4,JOINT,sign,45,6047833,6.047833000,,7075,64,7630,RPI5_Heterogeneous_XMSSMT_2026-09-18/09_joint_parameter_search/02_benchmark/H6-14_W16-4/RUN01/operations.csv
H6-14_W16-4,6,14,16,4,JOINT,verify,45,2051018,2.051018000,1,7075,64,7630,RPI5_Heterogeneous_XMSSMT_2026-09-18/09_joint_parameter_search/02_benchmark/H6-14_W16-4/RUN01/operations.csv
H6-14_W16-4,6,14,16,4,JOINT,sign,46,6112037,6.112037000,,7075,64,7630,RPI5_Heterogeneous_XMSSMT_2026-09-18/09_joint_parameter_search/02_benchmark/H6-14_W16-4/RUN01/operations.csv
H6-14_W16-4,6,14,16,4,JOINT,verify,46,1987778,1.987778000,1,7075,64,7630,RPI5_Heterogeneous_XMSSMT_2026-09-18/09_joint_parameter_search/02_benchmark/H6-14_W16-4/RUN01/operations.csv
H6-14_W16-4,6,14,16,4,JOINT,sign,47,10695260,10.695260000,,7075,64,7630,RPI5_Heterogeneous_XMSSMT_2026-09-18/09_joint_parameter_search/02_benchmark/H6-14_W16-4/RUN01/operations.csv
H6-14_W16-4,6,14,16,4,JOINT,verify,47,2213815,2.213815000,1,7075,64,7630,RPI5_Heterogeneous_XMSSMT_2026-09-18/09_joint_parameter_search/02_benchmark/H6-14_W16-4/RUN01/operations.csv
H6-14_W16-4,6,14,16,4,JOINT,sign,48,12956612,12.956612000,,7075,64,7630,RPI5_Heterogeneous_XMSSMT_2026-09-18/09_joint_parameter_search/02_benchmark/H6-14_W16-4/RUN01/operations.csv
H6-14_W16-4,6,14,16,4,JOINT,verify,48,2344815,2.344815000,1,7075,64,7630,RPI5_Heterogeneous_XMSSMT_2026-09-18/09_joint_parameter_search/02_benchmark/H6-14_W16-4/RUN01/operations.csv
H6-14_W16-4,6,14,16,4,JOINT,sign,49,8490093,8.490093000,,7075,64,7630,RPI5_Heterogeneous_XMSSMT_2026-09-18/09_joint_parameter_search/02_benchmark/H6-14_W16-4/RUN01/operations.csv
H6-14_W16-4,6,14,16,4,JOINT,verify,49,2017944,2.017944000,1,7075,64,7630,RPI5_Heterogeneous_XMSSMT_2026-09-18/09_joint_parameter_search/02_benchmark/H6-14_W16-4/RUN01/operations.csv
H6-14_W16-4,6,14,16,4,JOINT,sign,50,5887667,5.887667000,,7075,64,7630,RPI5_Heterogeneous_XMSSMT_2026-09-18/09_joint_parameter_search/02_benchmark/H6-14_W16-4/RUN01/operations.csv
H6-14_W16-4,6,14,16,4,JOINT,verify,50,2211592,2.211592000,1,7075,64,7630,RPI5_Heterogeneous_XMSSMT_2026-09-18/09_joint_parameter_search/02_benchmark/H6-14_W16-4/RUN01/operations.csv
H6-14_W16-4,6,14,16,4,JOINT,sign,51,10761759,10.761759000,,7075,64,7630,RPI5_Heterogeneous_XMSSMT_2026-09-18/09_joint_parameter_search/02_benchmark/H6-14_W16-4/RUN01/operations.csv
H6-14_W16-4,6,14,16,4,JOINT,verify,51,2146963,2.146963000,1,7075,64,7630,RPI5_Heterogeneous_XMSSMT_2026-09-18/09_joint_parameter_search/02_benchmark/H6-14_W16-4/RUN01/operations.csv
H6-14_W16-4,6,14,16,4,JOINT,sign,52,5959722,5.959722000,,7075,64,7630,RPI5_Heterogeneous_XMSSMT_2026-09-18/09_joint_parameter_search/02_benchmark/H6-14_W16-4/RUN01/operations.csv
H6-14_W16-4,6,14,16,4,JOINT,verify,52,2154407,2.154407000,1,7075,64,7630,RPI5_Heterogeneous_XMSSMT_2026-09-18/09_joint_parameter_search/02_benchmark/H6-14_W16-4/RUN01/operations.csv
H6-14_W16-4,6,14,16,4,JOINT,sign,53,5924037,5.924037000,,7075,64,7630,RPI5_Heterogeneous_XMSSMT_2026-09-18/09_joint_parameter_search/02_benchmark/H6-14_W16-4/RUN01/operations.csv
H6-14_W16-4,6,14,16,4,JOINT,verify,53,2180444,2.180444000,1,7075,64,7630,RPI5_Heterogeneous_XMSSMT_2026-09-18/09_joint_parameter_search/02_benchmark/H6-14_W16-4/RUN01/operations.csv
H6-14_W16-4,6,14,16,4,JOINT,sign,54,5887444,5.887444000,,7075,64,7630,RPI5_Heterogeneous_XMSSMT_2026-09-18/09_joint_parameter_search/02_benchmark/H6-14_W16-4/RUN01/operations.csv
H6-14_W16-4,6,14,16,4,JOINT,verify,54,2215408,2.215408000,1,7075,64,7630,RPI5_Heterogeneous_XMSSMT_2026-09-18/09_joint_parameter_search/02_benchmark/H6-14_W16-4/RUN01/operations.csv
H6-14_W16-4,6,14,16,4,JOINT,sign,55,10594630,10.594630000,,7075,64,7630,RPI5_Heterogeneous_XMSSMT_2026-09-18/09_joint_parameter_search/02_benchmark/H6-14_W16-4/RUN01/operations.csv
H6-14_W16-4,6,14,16,4,JOINT,verify,55,2312111,2.312111000,1,7075,64,7630,RPI5_Heterogeneous_XMSSMT_2026-09-18/09_joint_parameter_search/02_benchmark/H6-14_W16-4/RUN01/operations.csv
H6-14_W16-4,6,14,16,4,JOINT,sign,56,5960796,5.960796000,,7075,64,7630,RPI5_Heterogeneous_XMSSMT_2026-09-18/09_joint_parameter_search/02_benchmark/H6-14_W16-4/RUN01/operations.csv
H6-14_W16-4,6,14,16,4,JOINT,verify,56,2150778,2.150778000,1,7075,64,7630,RPI5_Heterogeneous_XMSSMT_2026-09-18/09_joint_parameter_search/02_benchmark/H6-14_W16-4/RUN01/operations.csv
H6-14_W16-4,6,14,16,4,JOINT,sign,57,6083981,6.083981000,,7075,64,7630,RPI5_Heterogeneous_XMSSMT_2026-09-18/09_joint_parameter_search/02_benchmark/H6-14_W16-4/RUN01/operations.csv
H6-14_W16-4,6,14,16,4,JOINT,verify,57,2025371,2.025371000,1,7075,64,7630,RPI5_Heterogeneous_XMSSMT_2026-09-18/09_joint_parameter_search/02_benchmark/H6-14_W16-4/RUN01/operations.csv
H6-14_W16-4,6,14,16,4,JOINT,sign,58,5793833,5.793833000,,7075,64,7630,RPI5_Heterogeneous_XMSSMT_2026-09-18/09_joint_parameter_search/02_benchmark/H6-14_W16-4/RUN01/operations.csv
H6-14_W16-4,6,14,16,4,JOINT,verify,58,2312426,2.312426000,1,7075,64,7630,RPI5_Heterogeneous_XMSSMT_2026-09-18/09_joint_parameter_search/02_benchmark/H6-14_W16-4/RUN01/operations.csv
H6-14_W16-4,6,14,16,4,JOINT,sign,59,5925611,5.925611000,,7075,64,7630,RPI5_Heterogeneous_XMSSMT_2026-09-18/09_joint_parameter_search/02_benchmark/H6-14_W16-4/RUN01/operations.csv
H6-14_W16-4,6,14,16,4,JOINT,verify,59,2187945,2.187945000,1,7075,64,7630,RPI5_Heterogeneous_XMSSMT_2026-09-18/09_joint_parameter_search/02_benchmark/H6-14_W16-4/RUN01/operations.csv
H6-14_W16-4,6,14,16,4,JOINT,sign,60,6059592,6.059592000,,7075,64,7630,RPI5_Heterogeneous_XMSSMT_2026-09-18/09_joint_parameter_search/02_benchmark/H6-14_W16-4/RUN01/operations.csv
H6-14_W16-4,6,14,16,4,JOINT,verify,60,2056351,2.056351000,1,7075,64,7630,RPI5_Heterogeneous_XMSSMT_2026-09-18/09_joint_parameter_search/02_benchmark/H6-14_W16-4/RUN01/operations.csv
H6-14_W16-4,6,14,16,4,JOINT,sign,61,3684537,3.684537000,,7075,64,7630,RPI5_Heterogeneous_XMSSMT_2026-09-18/09_joint_parameter_search/02_benchmark/H6-14_W16-4/RUN01/operations.csv
H6-14_W16-4,6,14,16,4,JOINT,verify,61,2020037,2.020037000,1,7075,64,7630,RPI5_Heterogeneous_XMSSMT_2026-09-18/09_joint_parameter_search/02_benchmark/H6-14_W16-4/RUN01/operations.csv
H6-14_W16-4,6,14,16,4,JOINT,sign,62,5898037,5.898037000,,7075,64,7630,RPI5_Heterogeneous_XMSSMT_2026-09-18/09_joint_parameter_search/02_benchmark/H6-14_W16-4/RUN01/operations.csv
H6-14_W16-4,6,14,16,4,JOINT,verify,62,2212796,2.212796000,1,7075,64,7630,RPI5_Heterogeneous_XMSSMT_2026-09-18/09_joint_parameter_search/02_benchmark/H6-14_W16-4/RUN01/operations.csv
H6-14_W16-4,6,14,16,4,JOINT,sign,63,5397315,5.397315000,,7075,64,7630,RPI5_Heterogeneous_XMSSMT_2026-09-18/09_joint_parameter_search/02_benchmark/H6-14_W16-4/RUN01/operations.csv
H6-14_W16-4,6,14,16,4,JOINT,verify,63,2142407,2.142407000,1,7075,64,7630,RPI5_Heterogeneous_XMSSMT_2026-09-18/09_joint_parameter_search/02_benchmark/H6-14_W16-4/RUN01/operations.csv
H6-14_W16-4,6,14,16,4,JOINT,sign,64,5812352,5.812352000,,7075,64,7630,RPI5_Heterogeneous_XMSSMT_2026-09-18/09_joint_parameter_search/02_benchmark/H6-14_W16-4/RUN01/operations.csv
H6-14_W16-4,6,14,16,4,JOINT,verify,64,2304388,2.304388000,1,7075,64,7630,RPI5_Heterogeneous_XMSSMT_2026-09-18/09_joint_parameter_search/02_benchmark/H6-14_W16-4/RUN01/operations.csv
H6-14_W16-4,6,14,16,4,JOINT,sign,65,5779259,5.779259000,,7075,64,7630,RPI5_Heterogeneous_XMSSMT_2026-09-18/09_joint_parameter_search/02_benchmark/H6-14_W16-4/RUN01/operations.csv
H6-14_W16-4,6,14,16,4,JOINT,verify,65,2334593,2.334593000,1,7075,64,7630,RPI5_Heterogeneous_XMSSMT_2026-09-18/09_joint_parameter_search/02_benchmark/H6-14_W16-4/RUN01/operations.csv
H6-14_W16-4,6,14,16,4,JOINT,sign,66,5779222,5.779222000,,7075,64,7630,RPI5_Heterogeneous_XMSSMT_2026-09-18/09_joint_parameter_search/02_benchmark/H6-14_W16-4/RUN01/operations.csv
H6-14_W16-4,6,14,16,4,JOINT,verify,66,2335685,2.335685000,1,7075,64,7630,RPI5_Heterogeneous_XMSSMT_2026-09-18/09_joint_parameter_search/02_benchmark/H6-14_W16-4/RUN01/operations.csv
H6-14_W16-4,6,14,16,4,JOINT,sign,67,10849130,10.849130000,,7075,64,7630,RPI5_Heterogeneous_XMSSMT_2026-09-18/09_joint_parameter_search/02_benchmark/H6-14_W16-4/RUN01/operations.csv
H6-14_W16-4,6,14,16,4,JOINT,verify,67,2084500,2.084500000,1,7075,64,7630,RPI5_Heterogeneous_XMSSMT_2026-09-18/09_joint_parameter_search/02_benchmark/H6-14_W16-4/RUN01/operations.csv
H6-14_W16-4,6,14,16,4,JOINT,sign,68,6027167,6.027167000,,7075,64,7630,RPI5_Heterogeneous_XMSSMT_2026-09-18/09_joint_parameter_search/02_benchmark/H6-14_W16-4/RUN01/operations.csv
H6-14_W16-4,6,14,16,4,JOINT,verify,68,2077759,2.077759000,1,7075,64,7630,RPI5_Heterogeneous_XMSSMT_2026-09-18/09_joint_parameter_search/02_benchmark/H6-14_W16-4/RUN01/operations.csv
H6-14_W16-4,6,14,16,4,JOINT,sign,69,5875074,5.875074000,,7075,64,7630,RPI5_Heterogeneous_XMSSMT_2026-09-18/09_joint_parameter_search/02_benchmark/H6-14_W16-4/RUN01/operations.csv
H6-14_W16-4,6,14,16,4,JOINT,verify,69,2242555,2.242555000,1,7075,64,7630,RPI5_Heterogeneous_XMSSMT_2026-09-18/09_joint_parameter_search/02_benchmark/H6-14_W16-4/RUN01/operations.csv
H6-14_W16-4,6,14,16,4,JOINT,sign,70,5964685,5.964685000,,7075,64,7630,RPI5_Heterogeneous_XMSSMT_2026-09-18/09_joint_parameter_search/02_benchmark/H6-14_W16-4/RUN01/operations.csv
H6-14_W16-4,6,14,16,4,JOINT,verify,70,2144463,2.144463000,1,7075,64,7630,RPI5_Heterogeneous_XMSSMT_2026-09-18/09_joint_parameter_search/02_benchmark/H6-14_W16-4/RUN01/operations.csv
H6-14_W16-4,6,14,16,4,JOINT,sign,71,10803667,10.803667000,,7075,64,7630,RPI5_Heterogeneous_XMSSMT_2026-09-18/09_joint_parameter_search/02_benchmark/H6-14_W16-4/RUN01/operations.csv
H6-14_W16-4,6,14,16,4,JOINT,verify,71,2112351,2.112351000,1,7075,64,7630,RPI5_Heterogeneous_XMSSMT_2026-09-18/09_joint_parameter_search/02_benchmark/H6-14_W16-4/RUN01/operations.csv
H6-14_W16-4,6,14,16,4,JOINT,sign,72,13049092,13.049092000,,7075,64,7630,RPI5_Heterogeneous_XMSSMT_2026-09-18/09_joint_parameter_search/02_benchmark/H6-14_W16-4/RUN01/operations.csv
H6-14_W16-4,6,14,16,4,JOINT,verify,72,2243075,2.243075000,1,7075,64,7630,RPI5_Heterogeneous_XMSSMT_2026-09-18/09_joint_parameter_search/02_benchmark/H6-14_W16-4/RUN01/operations.csv
H6-14_W16-4,6,14,16,4,JOINT,sign,73,8434741,8.434741000,,7075,64,7630,RPI5_Heterogeneous_XMSSMT_2026-09-18/09_joint_parameter_search/02_benchmark/H6-14_W16-4/RUN01/operations.csv
H6-14_W16-4,6,14,16,4,JOINT,verify,73,2076833,2.076833000,1,7075,64,7630,RPI5_Heterogeneous_XMSSMT_2026-09-18/09_joint_parameter_search/02_benchmark/H6-14_W16-4/RUN01/operations.csv
H6-14_W16-4,6,14,16,4,JOINT,sign,74,5905037,5.905037000,,7075,64,7630,RPI5_Heterogeneous_XMSSMT_2026-09-18/09_joint_parameter_search/02_benchmark/H6-14_W16-4/RUN01/operations.csv
H6-14_W16-4,6,14,16,4,JOINT,verify,74,2206760,2.206760000,1,7075,64,7630,RPI5_Heterogeneous_XMSSMT_2026-09-18/09_joint_parameter_search/02_benchmark/H6-14_W16-4/RUN01/operations.csv
H6-14_W16-4,6,14,16,4,JOINT,sign,75,10798074,10.798074000,,7075,64,7630,RPI5_Heterogeneous_XMSSMT_2026-09-18/09_joint_parameter_search/02_benchmark/H6-14_W16-4/RUN01/operations.csv
H6-14_W16-4,6,14,16,4,JOINT,verify,75,2112352,2.112352000,1,7075,64,7630,RPI5_Heterogeneous_XMSSMT_2026-09-18/09_joint_parameter_search/02_benchmark/H6-14_W16-4/RUN01/operations.csv
H6-14_W16-4,6,14,16,4,JOINT,sign,76,5899723,5.899723000,,7075,64,7630,RPI5_Heterogeneous_XMSSMT_2026-09-18/09_joint_parameter_search/02_benchmark/H6-14_W16-4/RUN01/operations.csv
H6-14_W16-4,6,14,16,4,JOINT,verify,76,2212018,2.212018000,1,7075,64,7630,RPI5_Heterogeneous_XMSSMT_2026-09-18/09_joint_parameter_search/02_benchmark/H6-14_W16-4/RUN01/operations.csv
H6-14_W16-4,6,14,16,4,JOINT,sign,77,5947240,5.947240000,,7075,64,7630,RPI5_Heterogeneous_XMSSMT_2026-09-18/09_joint_parameter_search/02_benchmark/H6-14_W16-4/RUN01/operations.csv
H6-14_W16-4,6,14,16,4,JOINT,verify,77,2181296,2.181296000,1,7075,64,7630,RPI5_Heterogeneous_XMSSMT_2026-09-18/09_joint_parameter_search/02_benchmark/H6-14_W16-4/RUN01/operations.csv
H6-14_W16-4,6,14,16,4,JOINT,sign,78,5944371,5.944371000,,7075,64,7630,RPI5_Heterogeneous_XMSSMT_2026-09-18/09_joint_parameter_search/02_benchmark/H6-14_W16-4/RUN01/operations.csv
H6-14_W16-4,6,14,16,4,JOINT,verify,78,2177334,2.177334000,1,7075,64,7630,RPI5_Heterogeneous_XMSSMT_2026-09-18/09_joint_parameter_search/02_benchmark/H6-14_W16-4/RUN01/operations.csv
H6-14_W16-4,6,14,16,4,JOINT,sign,79,10791389,10.791389000,,7075,64,7630,RPI5_Heterogeneous_XMSSMT_2026-09-18/09_joint_parameter_search/02_benchmark/H6-14_W16-4/RUN01/operations.csv
H6-14_W16-4,6,14,16,4,JOINT,verify,79,2148259,2.148259000,1,7075,64,7630,RPI5_Heterogeneous_XMSSMT_2026-09-18/09_joint_parameter_search/02_benchmark/H6-14_W16-4/RUN01/operations.csv
H6-14_W16-4,6,14,16,4,JOINT,sign,80,13083926,13.083926000,,7075,64,7630,RPI5_Heterogeneous_XMSSMT_2026-09-18/09_joint_parameter_search/02_benchmark/H6-14_W16-4/RUN01/operations.csv
H6-14_W16-4,6,14,16,4,JOINT,verify,80,2244519,2.244519000,1,7075,64,7630,RPI5_Heterogeneous_XMSSMT_2026-09-18/09_joint_parameter_search/02_benchmark/H6-14_W16-4/RUN01/operations.csv
H6-14_W16-4,6,14,16,4,JOINT,sign,81,10695833,10.695833000,,7075,64,7630,RPI5_Heterogeneous_XMSSMT_2026-09-18/09_joint_parameter_search/02_benchmark/H6-14_W16-4/RUN01/operations.csv
H6-14_W16-4,6,14,16,4,JOINT,verify,81,2244574,2.244574000,1,7075,64,7630,RPI5_Heterogeneous_XMSSMT_2026-09-18/09_joint_parameter_search/02_benchmark/H6-14_W16-4/RUN01/operations.csv
H6-14_W16-4,6,14,16,4,JOINT,sign,82,13143352,13.143352000,,7075,64,7630,RPI5_Heterogeneous_XMSSMT_2026-09-18/09_joint_parameter_search/02_benchmark/H6-14_W16-4/RUN01/operations.csv
H6-14_W16-4,6,14,16,4,JOINT,verify,82,2180352,2.180352000,1,7075,64,7630,RPI5_Heterogeneous_XMSSMT_2026-09-18/09_joint_parameter_search/02_benchmark/H6-14_W16-4/RUN01/operations.csv
H6-14_W16-4,6,14,16,4,JOINT,sign,83,10685723,10.685723000,,7075,64,7630,RPI5_Heterogeneous_XMSSMT_2026-09-18/09_joint_parameter_search/02_benchmark/H6-14_W16-4/RUN01/operations.csv
H6-14_W16-4,6,14,16,4,JOINT,verify,83,2239056,2.239056000,1,7075,64,7630,RPI5_Heterogeneous_XMSSMT_2026-09-18/09_joint_parameter_search/02_benchmark/H6-14_W16-4/RUN01/operations.csv
H6-14_W16-4,6,14,16,4,JOINT,sign,84,13118037,13.118037000,,7075,64,7630,RPI5_Heterogeneous_XMSSMT_2026-09-18/09_joint_parameter_search/02_benchmark/H6-14_W16-4/RUN01/operations.csv
H6-14_W16-4,6,14,16,4,JOINT,verify,84,2175870,2.175870000,1,7075,64,7630,RPI5_Heterogeneous_XMSSMT_2026-09-18/09_joint_parameter_search/02_benchmark/H6-14_W16-4/RUN01/operations.csv
H6-14_W16-4,6,14,16,4,JOINT,sign,85,8186462,8.186462000,,7075,64,7630,RPI5_Heterogeneous_XMSSMT_2026-09-18/09_joint_parameter_search/02_benchmark/H6-14_W16-4/RUN01/operations.csv
H6-14_W16-4,6,14,16,4,JOINT,verify,85,2335130,2.335130000,1,7075,64,7630,RPI5_Heterogeneous_XMSSMT_2026-09-18/09_joint_parameter_search/02_benchmark/H6-14_W16-4/RUN01/operations.csv
H6-14_W16-4,6,14,16,4,JOINT,sign,86,5966926,5.966926000,,7075,64,7630,RPI5_Heterogeneous_XMSSMT_2026-09-18/09_joint_parameter_search/02_benchmark/H6-14_W16-4/RUN01/operations.csv
H6-14_W16-4,6,14,16,4,JOINT,verify,86,2142222,2.142222000,1,7075,64,7630,RPI5_Heterogeneous_XMSSMT_2026-09-18/09_joint_parameter_search/02_benchmark/H6-14_W16-4/RUN01/operations.csv
H6-14_W16-4,6,14,16,4,JOINT,sign,87,10740593,10.740593000,,7075,64,7630,RPI5_Heterogeneous_XMSSMT_2026-09-18/09_joint_parameter_search/02_benchmark/H6-14_W16-4/RUN01/operations.csv
H6-14_W16-4,6,14,16,4,JOINT,verify,87,2178222,2.178222000,1,7075,64,7630,RPI5_Heterogeneous_XMSSMT_2026-09-18/09_joint_parameter_search/02_benchmark/H6-14_W16-4/RUN01/operations.csv
H6-14_W16-4,6,14,16,4,JOINT,sign,88,12957944,12.957944000,,7075,64,7630,RPI5_Heterogeneous_XMSSMT_2026-09-18/09_joint_parameter_search/02_benchmark/H6-14_W16-4/RUN01/operations.csv
H6-14_W16-4,6,14,16,4,JOINT,verify,88,2337092,2.337092000,1,7075,64,7630,RPI5_Heterogeneous_XMSSMT_2026-09-18/09_joint_parameter_search/02_benchmark/H6-14_W16-4/RUN01/operations.csv
H6-14_W16-4,6,14,16,4,JOINT,sign,89,8302259,8.302259000,,7075,64,7630,RPI5_Heterogeneous_XMSSMT_2026-09-18/09_joint_parameter_search/02_benchmark/H6-14_W16-4/RUN01/operations.csv
H6-14_W16-4,6,14,16,4,JOINT,verify,89,2205944,2.205944000,1,7075,64,7630,RPI5_Heterogeneous_XMSSMT_2026-09-18/09_joint_parameter_search/02_benchmark/H6-14_W16-4/RUN01/operations.csv
H6-14_W16-4,6,14,16,4,JOINT,sign,90,5948111,5.948111000,,7075,64,7630,RPI5_Heterogeneous_XMSSMT_2026-09-18/09_joint_parameter_search/02_benchmark/H6-14_W16-4/RUN01/operations.csv
H6-14_W16-4,6,14,16,4,JOINT,verify,90,2211518,2.211518000,1,7075,64,7630,RPI5_Heterogeneous_XMSSMT_2026-09-18/09_joint_parameter_search/02_benchmark/H6-14_W16-4/RUN01/operations.csv
H6-14_W16-4,6,14,16,4,JOINT,sign,91,10822333,10.822333000,,7075,64,7630,RPI5_Heterogeneous_XMSSMT_2026-09-18/09_joint_parameter_search/02_benchmark/H6-14_W16-4/RUN01/operations.csv
H6-14_W16-4,6,14,16,4,JOINT,verify,91,2117407,2.117407000,1,7075,64,7630,RPI5_Heterogeneous_XMSSMT_2026-09-18/09_joint_parameter_search/02_benchmark/H6-14_W16-4/RUN01/operations.csv
H6-14_W16-4,6,14,16,4,JOINT,sign,92,5785445,5.785445000,,7075,64,7630,RPI5_Heterogeneous_XMSSMT_2026-09-18/09_joint_parameter_search/02_benchmark/H6-14_W16-4/RUN01/operations.csv
H6-14_W16-4,6,14,16,4,JOINT,verify,92,2341445,2.341445000,1,7075,64,7630,RPI5_Heterogeneous_XMSSMT_2026-09-18/09_joint_parameter_search/02_benchmark/H6-14_W16-4/RUN01/operations.csv
H6-14_W16-4,6,14,16,4,JOINT,sign,93,5941593,5.941593000,,7075,64,7630,RPI5_Heterogeneous_XMSSMT_2026-09-18/09_joint_parameter_search/02_benchmark/H6-14_W16-4/RUN01/operations.csv
H6-14_W16-4,6,14,16,4,JOINT,verify,93,2179982,2.179982000,1,7075,64,7630,RPI5_Heterogeneous_XMSSMT_2026-09-18/09_joint_parameter_search/02_benchmark/H6-14_W16-4/RUN01/operations.csv
H6-14_W16-4,6,14,16,4,JOINT,sign,94,6003778,6.003778000,,7075,64,7630,RPI5_Heterogeneous_XMSSMT_2026-09-18/09_joint_parameter_search/02_benchmark/H6-14_W16-4/RUN01/operations.csv
H6-14_W16-4,6,14,16,4,JOINT,verify,94,2113963,2.113963000,1,7075,64,7630,RPI5_Heterogeneous_XMSSMT_2026-09-18/09_joint_parameter_search/02_benchmark/H6-14_W16-4/RUN01/operations.csv
H6-14_W16-4,6,14,16,4,JOINT,sign,95,10808630,10.808630000,,7075,64,7630,RPI5_Heterogeneous_XMSSMT_2026-09-18/09_joint_parameter_search/02_benchmark/H6-14_W16-4/RUN01/operations.csv
H6-14_W16-4,6,14,16,4,JOINT,verify,95,2114166,2.114166000,1,7075,64,7630,RPI5_Heterogeneous_XMSSMT_2026-09-18/09_joint_parameter_search/02_benchmark/H6-14_W16-4/RUN01/operations.csv
H6-14_W16-4,6,14,16,4,JOINT,sign,96,13166296,13.166296000,,7075,64,7630,RPI5_Heterogeneous_XMSSMT_2026-09-18/09_joint_parameter_search/02_benchmark/H6-14_W16-4/RUN01/operations.csv
H6-14_W16-4,6,14,16,4,JOINT,verify,96,2155314,2.155314000,1,7075,64,7630,RPI5_Heterogeneous_XMSSMT_2026-09-18/09_joint_parameter_search/02_benchmark/H6-14_W16-4/RUN01/operations.csv
H6-14_W16-4,6,14,16,4,JOINT,sign,97,10767241,10.767241000,,7075,64,7630,RPI5_Heterogeneous_XMSSMT_2026-09-18/09_joint_parameter_search/02_benchmark/H6-14_W16-4/RUN01/operations.csv
H6-14_W16-4,6,14,16,4,JOINT,verify,97,2146000,2.146000000,1,7075,64,7630,RPI5_Heterogeneous_XMSSMT_2026-09-18/09_joint_parameter_search/02_benchmark/H6-14_W16-4/RUN01/operations.csv
H6-14_W16-4,6,14,16,4,JOINT,sign,98,13063944,13.063944000,,7075,64,7630,RPI5_Heterogeneous_XMSSMT_2026-09-18/09_joint_parameter_search/02_benchmark/H6-14_W16-4/RUN01/operations.csv
H6-14_W16-4,6,14,16,4,JOINT,verify,98,2241204,2.241204000,1,7075,64,7630,RPI5_Heterogeneous_XMSSMT_2026-09-18/09_joint_parameter_search/02_benchmark/H6-14_W16-4/RUN01/operations.csv
H6-14_W16-4,6,14,16,4,JOINT,sign,99,10731555,10.731555000,,7075,64,7630,RPI5_Heterogeneous_XMSSMT_2026-09-18/09_joint_parameter_search/02_benchmark/H6-14_W16-4/RUN01/operations.csv
H6-14_W16-4,6,14,16,4,JOINT,verify,99,2177667,2.177667000,1,7075,64,7630,RPI5_Heterogeneous_XMSSMT_2026-09-18/09_joint_parameter_search/02_benchmark/H6-14_W16-4/RUN01/operations.csv
H6-14_W4-4,6,14,4,4,JOINT,keygen,0,22105951561,22105.951561000,,9187,64,7630,RPI5_Heterogeneous_XMSSMT_2026-09-18/09_joint_parameter_search/02_benchmark/H6-14_W4-4/RUN01/operations.csv
H6-14_W4-4,6,14,4,4,JOINT,keygen,1,22079686209,22079.686209000,,9187,64,7630,RPI5_Heterogeneous_XMSSMT_2026-09-18/09_joint_parameter_search/02_benchmark/H6-14_W4-4/RUN01/operations.csv
H6-14_W4-4,6,14,4,4,JOINT,keygen,2,22064573339,22064.573339000,,9187,64,7630,RPI5_Heterogeneous_XMSSMT_2026-09-18/09_joint_parameter_search/02_benchmark/H6-14_W4-4/RUN01/operations.csv
H6-14_W4-4,6,14,4,4,JOINT,keygen,3,22054406006,22054.406006000,,9187,64,7630,RPI5_Heterogeneous_XMSSMT_2026-09-18/09_joint_parameter_search/02_benchmark/H6-14_W4-4/RUN01/operations.csv
H6-14_W4-4,6,14,4,4,JOINT,keygen,4,22053604765,22053.604765000,,9187,64,7630,RPI5_Heterogeneous_XMSSMT_2026-09-18/09_joint_parameter_search/02_benchmark/H6-14_W4-4/RUN01/operations.csv
H6-14_W4-4,6,14,4,4,JOINT,keygen,5,22007460265,22007.460265000,,9187,64,7630,RPI5_Heterogeneous_XMSSMT_2026-09-18/09_joint_parameter_search/02_benchmark/H6-14_W4-4/RUN01/operations.csv
H6-14_W4-4,6,14,4,4,JOINT,keygen,6,22014266394,22014.266394000,,9187,64,7630,RPI5_Heterogeneous_XMSSMT_2026-09-18/09_joint_parameter_search/02_benchmark/H6-14_W4-4/RUN01/operations.csv
H6-14_W4-4,6,14,4,4,JOINT,keygen,7,22030176579,22030.176579000,,9187,64,7630,RPI5_Heterogeneous_XMSSMT_2026-09-18/09_joint_parameter_search/02_benchmark/H6-14_W4-4/RUN01/operations.csv
H6-14_W4-4,6,14,4,4,JOINT,keygen,8,22031347154,22031.347154000,,9187,64,7630,RPI5_Heterogeneous_XMSSMT_2026-09-18/09_joint_parameter_search/02_benchmark/H6-14_W4-4/RUN01/operations.csv
H6-14_W4-4,6,14,4,4,JOINT,keygen,9,22068915246,22068.915246000,,9187,64,7630,RPI5_Heterogeneous_XMSSMT_2026-09-18/09_joint_parameter_search/02_benchmark/H6-14_W4-4/RUN01/operations.csv
H6-14_W4-4,6,14,4,4,JOINT,sign,0,3240074,3.240074000,,9187,64,7630,RPI5_Heterogeneous_XMSSMT_2026-09-18/09_joint_parameter_search/02_benchmark/H6-14_W4-4/RUN01/operations.csv
H6-14_W4-4,6,14,4,4,JOINT,verify,0,1613704,1.613704000,1,9187,64,7630,RPI5_Heterogeneous_XMSSMT_2026-09-18/09_joint_parameter_search/02_benchmark/H6-14_W4-4/RUN01/operations.csv
H6-14_W4-4,6,14,4,4,JOINT,sign,1,3211315,3.211315000,,9187,64,7630,RPI5_Heterogeneous_XMSSMT_2026-09-18/09_joint_parameter_search/02_benchmark/H6-14_W4-4/RUN01/operations.csv
H6-14_W4-4,6,14,4,4,JOINT,verify,1,1631982,1.631982000,1,9187,64,7630,RPI5_Heterogeneous_XMSSMT_2026-09-18/09_joint_parameter_search/02_benchmark/H6-14_W4-4/RUN01/operations.csv
H6-14_W4-4,6,14,4,4,JOINT,sign,2,3167444,3.167444000,,9187,64,7630,RPI5_Heterogeneous_XMSSMT_2026-09-18/09_joint_parameter_search/02_benchmark/H6-14_W4-4/RUN01/operations.csv
H6-14_W4-4,6,14,4,4,JOINT,verify,2,1668834,1.668834000,1,9187,64,7630,RPI5_Heterogeneous_XMSSMT_2026-09-18/09_joint_parameter_search/02_benchmark/H6-14_W4-4/RUN01/operations.csv
H6-14_W4-4,6,14,4,4,JOINT,sign,3,5916055,5.916055000,,9187,64,7630,RPI5_Heterogeneous_XMSSMT_2026-09-18/09_joint_parameter_search/02_benchmark/H6-14_W4-4/RUN01/operations.csv
H6-14_W4-4,6,14,4,4,JOINT,verify,3,1606833,1.606833000,1,9187,64,7630,RPI5_Heterogeneous_XMSSMT_2026-09-18/09_joint_parameter_search/02_benchmark/H6-14_W4-4/RUN01/operations.csv
H6-14_W4-4,6,14,4,4,JOINT,sign,4,3225815,3.225815000,,9187,64,7630,RPI5_Heterogeneous_XMSSMT_2026-09-18/09_joint_parameter_search/02_benchmark/H6-14_W4-4/RUN01/operations.csv
H6-14_W4-4,6,14,4,4,JOINT,verify,4,1611222,1.611222000,1,9187,64,7630,RPI5_Heterogeneous_XMSSMT_2026-09-18/09_joint_parameter_search/02_benchmark/H6-14_W4-4/RUN01/operations.csv
H6-14_W4-4,6,14,4,4,JOINT,sign,5,3195093,3.195093000,,9187,64,7630,RPI5_Heterogeneous_XMSSMT_2026-09-18/09_joint_parameter_search/02_benchmark/H6-14_W4-4/RUN01/operations.csv
H6-14_W4-4,6,14,4,4,JOINT,verify,5,1652926,1.652926000,1,9187,64,7630,RPI5_Heterogeneous_XMSSMT_2026-09-18/09_joint_parameter_search/02_benchmark/H6-14_W4-4/RUN01/operations.csv
H6-14_W4-4,6,14,4,4,JOINT,sign,6,3147241,3.147241000,,9187,64,7630,RPI5_Heterogeneous_XMSSMT_2026-09-18/09_joint_parameter_search/02_benchmark/H6-14_W4-4/RUN01/operations.csv
H6-14_W4-4,6,14,4,4,JOINT,verify,6,1684167,1.684167000,1,9187,64,7630,RPI5_Heterogeneous_XMSSMT_2026-09-18/09_joint_parameter_search/02_benchmark/H6-14_W4-4/RUN01/operations.csv
H6-14_W4-4,6,14,4,4,JOINT,sign,7,5890648,5.890648000,,9187,64,7630,RPI5_Heterogeneous_XMSSMT_2026-09-18/09_joint_parameter_search/02_benchmark/H6-14_W4-4/RUN01/operations.csv
H6-14_W4-4,6,14,4,4,JOINT,verify,7,1632667,1.632667000,1,9187,64,7630,RPI5_Heterogeneous_XMSSMT_2026-09-18/09_joint_parameter_search/02_benchmark/H6-14_W4-4/RUN01/operations.csv
H6-14_W4-4,6,14,4,4,JOINT,sign,8,7171871,7.171871000,,9187,64,7630,RPI5_Heterogeneous_XMSSMT_2026-09-18/09_joint_parameter_search/02_benchmark/H6-14_W4-4/RUN01/operations.csv
H6-14_W4-4,6,14,4,4,JOINT,verify,8,1687259,1.687259000,1,9187,64,7630,RPI5_Heterogeneous_XMSSMT_2026-09-18/09_joint_parameter_search/02_benchmark/H6-14_W4-4/RUN01/operations.csv
H6-14_W4-4,6,14,4,4,JOINT,sign,9,4586148,4.586148000,,9187,64,7630,RPI5_Heterogeneous_XMSSMT_2026-09-18/09_joint_parameter_search/02_benchmark/H6-14_W4-4/RUN01/operations.csv
H6-14_W4-4,6,14,4,4,JOINT,verify,9,1603889,1.603889000,1,9187,64,7630,RPI5_Heterogeneous_XMSSMT_2026-09-18/09_joint_parameter_search/02_benchmark/H6-14_W4-4/RUN01/operations.csv
H6-14_W4-4,6,14,4,4,JOINT,sign,10,3232426,3.232426000,,9187,64,7630,RPI5_Heterogeneous_XMSSMT_2026-09-18/09_joint_parameter_search/02_benchmark/H6-14_W4-4/RUN01/operations.csv
H6-14_W4-4,6,14,4,4,JOINT,verify,10,1609333,1.609333000,1,9187,64,7630,RPI5_Heterogeneous_XMSSMT_2026-09-18/09_joint_parameter_search/02_benchmark/H6-14_W4-4/RUN01/operations.csv
H6-14_W4-4,6,14,4,4,JOINT,sign,11,5916185,5.916185000,,9187,64,7630,RPI5_Heterogeneous_XMSSMT_2026-09-18/09_joint_parameter_search/02_benchmark/H6-14_W4-4/RUN01/operations.csv
H6-14_W4-4,6,14,4,4,JOINT,verify,11,1617186,1.617186000,1,9187,64,7630,RPI5_Heterogeneous_XMSSMT_2026-09-18/09_joint_parameter_search/02_benchmark/H6-14_W4-4/RUN01/operations.csv
H6-14_W4-4,6,14,4,4,JOINT,sign,12,3283481,3.283481000,,9187,64,7630,RPI5_Heterogeneous_XMSSMT_2026-09-18/09_joint_parameter_search/02_benchmark/H6-14_W4-4/RUN01/operations.csv
H6-14_W4-4,6,14,4,4,JOINT,verify,12,1549908,1.549908000,1,9187,64,7630,RPI5_Heterogeneous_XMSSMT_2026-09-18/09_joint_parameter_search/02_benchmark/H6-14_W4-4/RUN01/operations.csv
H6-14_W4-4,6,14,4,4,JOINT,sign,13,3235352,3.235352000,,9187,64,7630,RPI5_Heterogeneous_XMSSMT_2026-09-18/09_joint_parameter_search/02_benchmark/H6-14_W4-4/RUN01/operations.csv
H6-14_W4-4,6,14,4,4,JOINT,verify,13,1608852,1.608852000,1,9187,64,7630,RPI5_Heterogeneous_XMSSMT_2026-09-18/09_joint_parameter_search/02_benchmark/H6-14_W4-4/RUN01/operations.csv
H6-14_W4-4,6,14,4,4,JOINT,sign,14,3183537,3.183537000,,9187,64,7630,RPI5_Heterogeneous_XMSSMT_2026-09-18/09_joint_parameter_search/02_benchmark/H6-14_W4-4/RUN01/operations.csv
H6-14_W4-4,6,14,4,4,JOINT,verify,14,1651778,1.651778000,1,9187,64,7630,RPI5_Heterogeneous_XMSSMT_2026-09-18/09_joint_parameter_search/02_benchmark/H6-14_W4-4/RUN01/operations.csv
H6-14_W4-4,6,14,4,4,JOINT,sign,15,5885000,5.885000000,,9187,64,7630,RPI5_Heterogeneous_XMSSMT_2026-09-18/09_joint_parameter_search/02_benchmark/H6-14_W4-4/RUN01/operations.csv
H6-14_W4-4,6,14,4,4,JOINT,verify,15,1645796,1.645796000,1,9187,64,7630,RPI5_Heterogeneous_XMSSMT_2026-09-18/09_joint_parameter_search/02_benchmark/H6-14_W4-4/RUN01/operations.csv
H6-14_W4-4,6,14,4,4,JOINT,sign,16,7208963,7.208963000,,9187,64,7630,RPI5_Heterogeneous_XMSSMT_2026-09-18/09_joint_parameter_search/02_benchmark/H6-14_W4-4/RUN01/operations.csv
H6-14_W4-4,6,14,4,4,JOINT,verify,16,1648667,1.648667000,1,9187,64,7630,RPI5_Heterogeneous_XMSSMT_2026-09-18/09_joint_parameter_search/02_benchmark/H6-14_W4-4/RUN01/operations.csv
H6-14_W4-4,6,14,4,4,JOINT,sign,17,5928370,5.928370000,,9187,64,7630,RPI5_Heterogeneous_XMSSMT_2026-09-18/09_joint_parameter_search/02_benchmark/H6-14_W4-4/RUN01/operations.csv
H6-14_W4-4,6,14,4,4,JOINT,verify,17,1594834,1.594834000,1,9187,64,7630,RPI5_Heterogeneous_XMSSMT_2026-09-18/09_joint_parameter_search/02_benchmark/H6-14_W4-4/RUN01/operations.csv
H6-14_W4-4,6,14,4,4,JOINT,sign,18,7240667,7.240667000,,9187,64,7630,RPI5_Heterogeneous_XMSSMT_2026-09-18/09_joint_parameter_search/02_benchmark/H6-14_W4-4/RUN01/operations.csv
H6-14_W4-4,6,14,4,4,JOINT,verify,18,1617240,1.617240000,1,9187,64,7630,RPI5_Heterogeneous_XMSSMT_2026-09-18/09_joint_parameter_search/02_benchmark/H6-14_W4-4/RUN01/operations.csv
H6-14_W4-4,6,14,4,4,JOINT,sign,19,5891278,5.891278000,,9187,64,7630,RPI5_Heterogeneous_XMSSMT_2026-09-18/09_joint_parameter_search/02_benchmark/H6-14_W4-4/RUN01/operations.csv
H6-14_W4-4,6,14,4,4,JOINT,verify,19,1663019,1.663019000,1,9187,64,7630,RPI5_Heterogeneous_XMSSMT_2026-09-18/09_joint_parameter_search/02_benchmark/H6-14_W4-4/RUN01/operations.csv
H6-14_W4-4,6,14,4,4,JOINT,sign,20,7210500,7.210500000,,9187,64,7630,RPI5_Heterogeneous_XMSSMT_2026-09-18/09_joint_parameter_search/02_benchmark/H6-14_W4-4/RUN01/operations.csv
H6-14_W4-4,6,14,4,4,JOINT,verify,20,1650186,1.650186000,1,9187,64,7630,RPI5_Heterogeneous_XMSSMT_2026-09-18/09_joint_parameter_search/02_benchmark/H6-14_W4-4/RUN01/operations.csv
H6-14_W4-4,6,14,4,4,JOINT,sign,21,4572463,4.572463000,,9187,64,7630,RPI5_Heterogeneous_XMSSMT_2026-09-18/09_joint_parameter_search/02_benchmark/H6-14_W4-4/RUN01/operations.csv
H6-14_W4-4,6,14,4,4,JOINT,verify,21,1613907,1.613907000,1,9187,64,7630,RPI5_Heterogeneous_XMSSMT_2026-09-18/09_joint_parameter_search/02_benchmark/H6-14_W4-4/RUN01/operations.csv
H6-14_W4-4,6,14,4,4,JOINT,sign,22,3251741,3.251741000,,9187,64,7630,RPI5_Heterogeneous_XMSSMT_2026-09-18/09_joint_parameter_search/02_benchmark/H6-14_W4-4/RUN01/operations.csv
H6-14_W4-4,6,14,4,4,JOINT,verify,22,1585074,1.585074000,1,9187,64,7630,RPI5_Heterogeneous_XMSSMT_2026-09-18/09_joint_parameter_search/02_benchmark/H6-14_W4-4/RUN01/operations.csv
H6-14_W4-4,6,14,4,4,JOINT,sign,23,5871982,5.871982000,,9187,64,7630,RPI5_Heterogeneous_XMSSMT_2026-09-18/09_joint_parameter_search/02_benchmark/H6-14_W4-4/RUN01/operations.csv
H6-14_W4-4,6,14,4,4,JOINT,verify,23,1653203,1.653203000,1,9187,64,7630,RPI5_Heterogeneous_XMSSMT_2026-09-18/09_joint_parameter_search/02_benchmark/H6-14_W4-4/RUN01/operations.csv
H6-14_W4-4,6,14,4,4,JOINT,sign,24,7258796,7.258796000,,9187,64,7630,RPI5_Heterogeneous_XMSSMT_2026-09-18/09_joint_parameter_search/02_benchmark/H6-14_W4-4/RUN01/operations.csv
H6-14_W4-4,6,14,4,4,JOINT,verify,24,1606648,1.606648000,1,9187,64,7630,RPI5_Heterogeneous_XMSSMT_2026-09-18/09_joint_parameter_search/02_benchmark/H6-14_W4-4/RUN01/operations.csv
H6-14_W4-4,6,14,4,4,JOINT,sign,25,4552944,4.552944000,,9187,64,7630,RPI5_Heterogeneous_XMSSMT_2026-09-18/09_joint_parameter_search/02_benchmark/H6-14_W4-4/RUN01/operations.csv
H6-14_W4-4,6,14,4,4,JOINT,verify,25,1634352,1.634352000,1,9187,64,7630,RPI5_Heterogeneous_XMSSMT_2026-09-18/09_joint_parameter_search/02_benchmark/H6-14_W4-4/RUN01/operations.csv
H6-14_W4-4,6,14,4,4,JOINT,sign,26,3189982,3.189982000,,9187,64,7630,RPI5_Heterogeneous_XMSSMT_2026-09-18/09_joint_parameter_search/02_benchmark/H6-14_W4-4/RUN01/operations.csv
H6-14_W4-4,6,14,4,4,JOINT,verify,26,1644203,1.644203000,1,9187,64,7630,RPI5_Heterogeneous_XMSSMT_2026-09-18/09_joint_parameter_search/02_benchmark/H6-14_W4-4/RUN01/operations.csv
H6-14_W4-4,6,14,4,4,JOINT,sign,27,5909315,5.909315000,,9187,64,7630,RPI5_Heterogeneous_XMSSMT_2026-09-18/09_joint_parameter_search/02_benchmark/H6-14_W4-4/RUN01/operations.csv
H6-14_W4-4,6,14,4,4,JOINT,verify,27,1611389,1.611389000,1,9187,64,7630,RPI5_Heterogeneous_XMSSMT_2026-09-18/09_joint_parameter_search/02_benchmark/H6-14_W4-4/RUN01/operations.csv
H6-14_W4-4,6,14,4,4,JOINT,sign,28,3236167,3.236167000,,9187,64,7630,RPI5_Heterogeneous_XMSSMT_2026-09-18/09_joint_parameter_search/02_benchmark/H6-14_W4-4/RUN01/operations.csv
H6-14_W4-4,6,14,4,4,JOINT,verify,28,1592222,1.592222000,1,9187,64,7630,RPI5_Heterogeneous_XMSSMT_2026-09-18/09_joint_parameter_search/02_benchmark/H6-14_W4-4/RUN01/operations.csv
H6-14_W4-4,6,14,4,4,JOINT,sign,29,3256759,3.256759000,,9187,64,7630,RPI5_Heterogeneous_XMSSMT_2026-09-18/09_joint_parameter_search/02_benchmark/H6-14_W4-4/RUN01/operations.csv
H6-14_W4-4,6,14,4,4,JOINT,verify,29,1581630,1.581630000,1,9187,64,7630,RPI5_Heterogeneous_XMSSMT_2026-09-18/09_joint_parameter_search/02_benchmark/H6-14_W4-4/RUN01/operations.csv
H6-14_W4-4,6,14,4,4,JOINT,sign,30,3214908,3.214908000,,9187,64,7630,RPI5_Heterogeneous_XMSSMT_2026-09-18/09_joint_parameter_search/02_benchmark/H6-14_W4-4/RUN01/operations.csv
H6-14_W4-4,6,14,4,4,JOINT,verify,30,1618778,1.618778000,1,9187,64,7630,RPI5_Heterogeneous_XMSSMT_2026-09-18/09_joint_parameter_search/02_benchmark/H6-14_W4-4/RUN01/operations.csv
H6-14_W4-4,6,14,4,4,JOINT,sign,31,5887833,5.887833000,,9187,64,7630,RPI5_Heterogeneous_XMSSMT_2026-09-18/09_joint_parameter_search/02_benchmark/H6-14_W4-4/RUN01/operations.csv
H6-14_W4-4,6,14,4,4,JOINT,verify,31,1638777,1.638777000,1,9187,64,7630,RPI5_Heterogeneous_XMSSMT_2026-09-18/09_joint_parameter_search/02_benchmark/H6-14_W4-4/RUN01/operations.csv
H6-14_W4-4,6,14,4,4,JOINT,sign,32,7233796,7.233796000,,9187,64,7630,RPI5_Heterogeneous_XMSSMT_2026-09-18/09_joint_parameter_search/02_benchmark/H6-14_W4-4/RUN01/operations.csv
H6-14_W4-4,6,14,4,4,JOINT,verify,32,1614259,1.614259000,1,9187,64,7630,RPI5_Heterogeneous_XMSSMT_2026-09-18/09_joint_parameter_search/02_benchmark/H6-14_W4-4/RUN01/operations.csv
H6-14_W4-4,6,14,4,4,JOINT,sign,33,5918370,5.918370000,,9187,64,7630,RPI5_Heterogeneous_XMSSMT_2026-09-18/09_joint_parameter_search/02_benchmark/H6-14_W4-4/RUN01/operations.csv
H6-14_W4-4,6,14,4,4,JOINT,verify,33,1600666,1.600666000,1,9187,64,7630,RPI5_Heterogeneous_XMSSMT_2026-09-18/09_joint_parameter_search/02_benchmark/H6-14_W4-4/RUN01/operations.csv
H6-14_W4-4,6,14,4,4,JOINT,sign,34,7211111,7.211111000,,9187,64,7630,RPI5_Heterogeneous_XMSSMT_2026-09-18/09_joint_parameter_search/02_benchmark/H6-14_W4-4/RUN01/operations.csv
H6-14_W4-4,6,14,4,4,JOINT,verify,34,1640407,1.640407000,1,9187,64,7630,RPI5_Heterogeneous_XMSSMT_2026-09-18/09_joint_parameter_search/02_benchmark/H6-14_W4-4/RUN01/operations.csv
H6-14_W4-4,6,14,4,4,JOINT,sign,35,5908000,5.908000000,,9187,64,7630,RPI5_Heterogeneous_XMSSMT_2026-09-18/09_joint_parameter_search/02_benchmark/H6-14_W4-4/RUN01/operations.csv
H6-14_W4-4,6,14,4,4,JOINT,verify,35,1610907,1.610907000,1,9187,64,7630,RPI5_Heterogeneous_XMSSMT_2026-09-18/09_joint_parameter_search/02_benchmark/H6-14_W4-4/RUN01/operations.csv
H6-14_W4-4,6,14,4,4,JOINT,sign,36,7213518,7.213518000,,9187,64,7630,RPI5_Heterogeneous_XMSSMT_2026-09-18/09_joint_parameter_search/02_benchmark/H6-14_W4-4/RUN01/operations.csv
H6-14_W4-4,6,14,4,4,JOINT,verify,36,1632056,1.632056000,1,9187,64,7630,RPI5_Heterogeneous_XMSSMT_2026-09-18/09_joint_parameter_search/02_benchmark/H6-14_W4-4/RUN01/operations.csv
H6-14_W4-4,6,14,4,4,JOINT,sign,37,4553722,4.553722000,,9187,64,7630,RPI5_Heterogeneous_XMSSMT_2026-09-18/09_joint_parameter_search/02_benchmark/H6-14_W4-4/RUN01/operations.csv
H6-14_W4-4,6,14,4,4,JOINT,verify,37,1638204,1.638204000,1,9187,64,7630,RPI5_Heterogeneous_XMSSMT_2026-09-18/09_joint_parameter_search/02_benchmark/H6-14_W4-4/RUN01/operations.csv
H6-14_W4-4,6,14,4,4,JOINT,sign,38,3188815,3.188815000,,9187,64,7630,RPI5_Heterogeneous_XMSSMT_2026-09-18/09_joint_parameter_search/02_benchmark/H6-14_W4-4/RUN01/operations.csv
H6-14_W4-4,6,14,4,4,JOINT,verify,38,1645574,1.645574000,1,9187,64,7630,RPI5_Heterogeneous_XMSSMT_2026-09-18/09_joint_parameter_search/02_benchmark/H6-14_W4-4/RUN01/operations.csv
H6-14_W4-4,6,14,4,4,JOINT,sign,39,5926797,5.926797000,,9187,64,7630,RPI5_Heterogeneous_XMSSMT_2026-09-18/09_joint_parameter_search/02_benchmark/H6-14_W4-4/RUN01/operations.csv
H6-14_W4-4,6,14,4,4,JOINT,verify,39,1617389,1.617389000,1,9187,64,7630,RPI5_Heterogeneous_XMSSMT_2026-09-18/09_joint_parameter_search/02_benchmark/H6-14_W4-4/RUN01/operations.csv
H6-14_W4-4,6,14,4,4,JOINT,sign,40,7213000,7.213000000,,9187,64,7630,RPI5_Heterogeneous_XMSSMT_2026-09-18/09_joint_parameter_search/02_benchmark/H6-14_W4-4/RUN01/operations.csv
H6-14_W4-4,6,14,4,4,JOINT,verify,40,1639037,1.639037000,1,9187,64,7630,RPI5_Heterogeneous_XMSSMT_2026-09-18/09_joint_parameter_search/02_benchmark/H6-14_W4-4/RUN01/operations.csv
H6-14_W4-4,6,14,4,4,JOINT,sign,41,4509574,4.509574000,,9187,64,7630,RPI5_Heterogeneous_XMSSMT_2026-09-18/09_joint_parameter_search/02_benchmark/H6-14_W4-4/RUN01/operations.csv
H6-14_W4-4,6,14,4,4,JOINT,verify,41,1675574,1.675574000,1,9187,64,7630,RPI5_Heterogeneous_XMSSMT_2026-09-18/09_joint_parameter_search/02_benchmark/H6-14_W4-4/RUN01/operations.csv
H6-14_W4-4,6,14,4,4,JOINT,sign,42,3178592,3.178592000,,9187,64,7630,RPI5_Heterogeneous_XMSSMT_2026-09-18/09_joint_parameter_search/02_benchmark/H6-14_W4-4/RUN01/operations.csv
H6-14_W4-4,6,14,4,4,JOINT,verify,42,1653611,1.653611000,1,9187,64,7630,RPI5_Heterogeneous_XMSSMT_2026-09-18/09_joint_parameter_search/02_benchmark/H6-14_W4-4/RUN01/operations.csv
H6-14_W4-4,6,14,4,4,JOINT,sign,43,5920500,5.920500000,,9187,64,7630,RPI5_Heterogeneous_XMSSMT_2026-09-18/09_joint_parameter_search/02_benchmark/H6-14_W4-4/RUN01/operations.csv
H6-14_W4-4,6,14,4,4,JOINT,verify,43,1601759,1.601759000,1,9187,64,7630,RPI5_Heterogeneous_XMSSMT_2026-09-18/09_joint_parameter_search/02_benchmark/H6-14_W4-4/RUN01/operations.csv
H6-14_W4-4,6,14,4,4,JOINT,sign,44,3183611,3.183611000,,9187,64,7630,RPI5_Heterogeneous_XMSSMT_2026-09-18/09_joint_parameter_search/02_benchmark/H6-14_W4-4/RUN01/operations.csv
H6-14_W4-4,6,14,4,4,JOINT,verify,44,1650000,1.650000000,1,9187,64,7630,RPI5_Heterogeneous_XMSSMT_2026-09-18/09_joint_parameter_search/02_benchmark/H6-14_W4-4/RUN01/operations.csv
H6-14_W4-4,6,14,4,4,JOINT,sign,45,3188945,3.188945000,,9187,64,7630,RPI5_Heterogeneous_XMSSMT_2026-09-18/09_joint_parameter_search/02_benchmark/H6-14_W4-4/RUN01/operations.csv
H6-14_W4-4,6,14,4,4,JOINT,verify,45,1651444,1.651444000,1,9187,64,7630,RPI5_Heterogeneous_XMSSMT_2026-09-18/09_joint_parameter_search/02_benchmark/H6-14_W4-4/RUN01/operations.csv
H6-14_W4-4,6,14,4,4,JOINT,sign,46,3201074,3.201074000,,9187,64,7630,RPI5_Heterogeneous_XMSSMT_2026-09-18/09_joint_parameter_search/02_benchmark/H6-14_W4-4/RUN01/operations.csv
H6-14_W4-4,6,14,4,4,JOINT,verify,46,1632388,1.632388000,1,9187,64,7630,RPI5_Heterogeneous_XMSSMT_2026-09-18/09_joint_parameter_search/02_benchmark/H6-14_W4-4/RUN01/operations.csv
H6-14_W4-4,6,14,4,4,JOINT,sign,47,5879519,5.879519000,,9187,64,7630,RPI5_Heterogeneous_XMSSMT_2026-09-18/09_joint_parameter_search/02_benchmark/H6-14_W4-4/RUN01/operations.csv
H6-14_W4-4,6,14,4,4,JOINT,verify,47,1651649,1.651649000,1,9187,64,7630,RPI5_Heterogeneous_XMSSMT_2026-09-18/09_joint_parameter_search/02_benchmark/H6-14_W4-4/RUN01/operations.csv
H6-14_W4-4,6,14,4,4,JOINT,sign,48,7267352,7.267352000,,9187,64,7630,RPI5_Heterogeneous_XMSSMT_2026-09-18/09_joint_parameter_search/02_benchmark/H6-14_W4-4/RUN01/operations.csv
H6-14_W4-4,6,14,4,4,JOINT,verify,48,1633111,1.633111000,1,9187,64,7630,RPI5_Heterogeneous_XMSSMT_2026-09-18/09_joint_parameter_search/02_benchmark/H6-14_W4-4/RUN01/operations.csv
H6-14_W4-4,6,14,4,4,JOINT,sign,49,4571408,4.571408000,,9187,64,7630,RPI5_Heterogeneous_XMSSMT_2026-09-18/09_joint_parameter_search/02_benchmark/H6-14_W4-4/RUN01/operations.csv
H6-14_W4-4,6,14,4,4,JOINT,verify,49,1614666,1.614666000,1,9187,64,7630,RPI5_Heterogeneous_XMSSMT_2026-09-18/09_joint_parameter_search/02_benchmark/H6-14_W4-4/RUN01/operations.csv
H6-14_W4-4,6,14,4,4,JOINT,sign,50,3233704,3.233704000,,9187,64,7630,RPI5_Heterogeneous_XMSSMT_2026-09-18/09_joint_parameter_search/02_benchmark/H6-14_W4-4/RUN01/operations.csv
H6-14_W4-4,6,14,4,4,JOINT,verify,50,1600203,1.600203000,1,9187,64,7630,RPI5_Heterogeneous_XMSSMT_2026-09-18/09_joint_parameter_search/02_benchmark/H6-14_W4-4/RUN01/operations.csv
H6-14_W4-4,6,14,4,4,JOINT,sign,51,5876277,5.876277000,,9187,64,7630,RPI5_Heterogeneous_XMSSMT_2026-09-18/09_joint_parameter_search/02_benchmark/H6-14_W4-4/RUN01/operations.csv
H6-14_W4-4,6,14,4,4,JOINT,verify,51,1645185,1.645185000,1,9187,64,7630,RPI5_Heterogeneous_XMSSMT_2026-09-18/09_joint_parameter_search/02_benchmark/H6-14_W4-4/RUN01/operations.csv
H6-14_W4-4,6,14,4,4,JOINT,sign,52,3200852,3.200852000,,9187,64,7630,RPI5_Heterogeneous_XMSSMT_2026-09-18/09_joint_parameter_search/02_benchmark/H6-14_W4-4/RUN01/operations.csv
H6-14_W4-4,6,14,4,4,JOINT,verify,52,1635593,1.635593000,1,9187,64,7630,RPI5_Heterogeneous_XMSSMT_2026-09-18/09_joint_parameter_search/02_benchmark/H6-14_W4-4/RUN01/operations.csv
H6-14_W4-4,6,14,4,4,JOINT,sign,53,3236204,3.236204000,,9187,64,7630,RPI5_Heterogeneous_XMSSMT_2026-09-18/09_joint_parameter_search/02_benchmark/H6-14_W4-4/RUN01/operations.csv
H6-14_W4-4,6,14,4,4,JOINT,verify,53,1606703,1.606703000,1,9187,64,7630,RPI5_Heterogeneous_XMSSMT_2026-09-18/09_joint_parameter_search/02_benchmark/H6-14_W4-4/RUN01/operations.csv
H6-14_W4-4,6,14,4,4,JOINT,sign,54,3232797,3.232797000,,9187,64,7630,RPI5_Heterogeneous_XMSSMT_2026-09-18/09_joint_parameter_search/02_benchmark/H6-14_W4-4/RUN01/operations.csv
H6-14_W4-4,6,14,4,4,JOINT,verify,54,1607908,1.607908000,1,9187,64,7630,RPI5_Heterogeneous_XMSSMT_2026-09-18/09_joint_parameter_search/02_benchmark/H6-14_W4-4/RUN01/operations.csv
H6-14_W4-4,6,14,4,4,JOINT,sign,55,5948537,5.948537000,,9187,64,7630,RPI5_Heterogeneous_XMSSMT_2026-09-18/09_joint_parameter_search/02_benchmark/H6-14_W4-4/RUN01/operations.csv
H6-14_W4-4,6,14,4,4,JOINT,verify,55,1588519,1.588519000,1,9187,64,7630,RPI5_Heterogeneous_XMSSMT_2026-09-18/09_joint_parameter_search/02_benchmark/H6-14_W4-4/RUN01/operations.csv
H6-14_W4-4,6,14,4,4,JOINT,sign,56,3218556,3.218556000,,9187,64,7630,RPI5_Heterogeneous_XMSSMT_2026-09-18/09_joint_parameter_search/02_benchmark/H6-14_W4-4/RUN01/operations.csv
H6-14_W4-4,6,14,4,4,JOINT,verify,56,1619722,1.619722000,1,9187,64,7630,RPI5_Heterogeneous_XMSSMT_2026-09-18/09_joint_parameter_search/02_benchmark/H6-14_W4-4/RUN01/operations.csv
H6-14_W4-4,6,14,4,4,JOINT,sign,57,3173370,3.173370000,,9187,64,7630,RPI5_Heterogeneous_XMSSMT_2026-09-18/09_joint_parameter_search/02_benchmark/H6-14_W4-4/RUN01/operations.csv
H6-14_W4-4,6,14,4,4,JOINT,verify,57,1670667,1.670667000,1,9187,64,7630,RPI5_Heterogeneous_XMSSMT_2026-09-18/09_joint_parameter_search/02_benchmark/H6-14_W4-4/RUN01/operations.csv
H6-14_W4-4,6,14,4,4,JOINT,sign,58,3222019,3.222019000,,9187,64,7630,RPI5_Heterogeneous_XMSSMT_2026-09-18/09_joint_parameter_search/02_benchmark/H6-14_W4-4/RUN01/operations.csv
H6-14_W4-4,6,14,4,4,JOINT,verify,58,1617814,1.617814000,1,9187,64,7630,RPI5_Heterogeneous_XMSSMT_2026-09-18/09_joint_parameter_search/02_benchmark/H6-14_W4-4/RUN01/operations.csv
H6-14_W4-4,6,14,4,4,JOINT,sign,59,3245296,3.245296000,,9187,64,7630,RPI5_Heterogeneous_XMSSMT_2026-09-18/09_joint_parameter_search/02_benchmark/H6-14_W4-4/RUN01/operations.csv
H6-14_W4-4,6,14,4,4,JOINT,verify,59,1607296,1.607296000,1,9187,64,7630,RPI5_Heterogeneous_XMSSMT_2026-09-18/09_joint_parameter_search/02_benchmark/H6-14_W4-4/RUN01/operations.csv
H6-14_W4-4,6,14,4,4,JOINT,sign,60,3178592,3.178592000,,9187,64,7630,RPI5_Heterogeneous_XMSSMT_2026-09-18/09_joint_parameter_search/02_benchmark/H6-14_W4-4/RUN01/operations.csv
H6-14_W4-4,6,14,4,4,JOINT,verify,60,1654371,1.654371000,1,9187,64,7630,RPI5_Heterogeneous_XMSSMT_2026-09-18/09_joint_parameter_search/02_benchmark/H6-14_W4-4/RUN01/operations.csv
H6-14_W4-4,6,14,4,4,JOINT,sign,61,1854797,1.854797000,,9187,64,7630,RPI5_Heterogeneous_XMSSMT_2026-09-18/09_joint_parameter_search/02_benchmark/H6-14_W4-4/RUN01/operations.csv
H6-14_W4-4,6,14,4,4,JOINT,verify,61,1647611,1.647611000,1,9187,64,7630,RPI5_Heterogeneous_XMSSMT_2026-09-18/09_joint_parameter_search/02_benchmark/H6-14_W4-4/RUN01/operations.csv
H6-14_W4-4,6,14,4,4,JOINT,sign,62,3198148,3.198148000,,9187,64,7630,RPI5_Heterogeneous_XMSSMT_2026-09-18/09_joint_parameter_search/02_benchmark/H6-14_W4-4/RUN01/operations.csv
H6-14_W4-4,6,14,4,4,JOINT,verify,62,1638537,1.638537000,1,9187,64,7630,RPI5_Heterogeneous_XMSSMT_2026-09-18/09_joint_parameter_search/02_benchmark/H6-14_W4-4/RUN01/operations.csv
H6-14_W4-4,6,14,4,4,JOINT,sign,63,3791500,3.791500000,,9187,64,7630,RPI5_Heterogeneous_XMSSMT_2026-09-18/09_joint_parameter_search/02_benchmark/H6-14_W4-4/RUN01/operations.csv
H6-14_W4-4,6,14,4,4,JOINT,verify,63,1600111,1.600111000,1,9187,64,7630,RPI5_Heterogeneous_XMSSMT_2026-09-18/09_joint_parameter_search/02_benchmark/H6-14_W4-4/RUN01/operations.csv
H6-14_W4-4,6,14,4,4,JOINT,sign,64,3249185,3.249185000,,9187,64,7630,RPI5_Heterogeneous_XMSSMT_2026-09-18/09_joint_parameter_search/02_benchmark/H6-14_W4-4/RUN01/operations.csv
H6-14_W4-4,6,14,4,4,JOINT,verify,64,1632019,1.632019000,1,9187,64,7630,RPI5_Heterogeneous_XMSSMT_2026-09-18/09_joint_parameter_search/02_benchmark/H6-14_W4-4/RUN01/operations.csv
H6-14_W4-4,6,14,4,4,JOINT,sign,65,3229352,3.229352000,,9187,64,7630,RPI5_Heterogeneous_XMSSMT_2026-09-18/09_joint_parameter_search/02_benchmark/H6-14_W4-4/RUN01/operations.csv
H6-14_W4-4,6,14,4,4,JOINT,verify,65,1656833,1.656833000,1,9187,64,7630,RPI5_Heterogeneous_XMSSMT_2026-09-18/09_joint_parameter_search/02_benchmark/H6-14_W4-4/RUN01/operations.csv
H6-14_W4-4,6,14,4,4,JOINT,sign,66,3220686,3.220686000,,9187,64,7630,RPI5_Heterogeneous_XMSSMT_2026-09-18/09_joint_parameter_search/02_benchmark/H6-14_W4-4/RUN01/operations.csv
H6-14_W4-4,6,14,4,4,JOINT,verify,66,1669629,1.669629000,1,9187,64,7630,RPI5_Heterogeneous_XMSSMT_2026-09-18/09_joint_parameter_search/02_benchmark/H6-14_W4-4/RUN01/operations.csv
H6-14_W4-4,6,14,4,4,JOINT,sign,67,5920815,5.920815000,,9187,64,7630,RPI5_Heterogeneous_XMSSMT_2026-09-18/09_joint_parameter_search/02_benchmark/H6-14_W4-4/RUN01/operations.csv
H6-14_W4-4,6,14,4,4,JOINT,verify,67,1645203,1.645203000,1,9187,64,7630,RPI5_Heterogeneous_XMSSMT_2026-09-18/09_joint_parameter_search/02_benchmark/H6-14_W4-4/RUN01/operations.csv
H6-14_W4-4,6,14,4,4,JOINT,sign,68,3185019,3.185019000,,9187,64,7630,RPI5_Heterogeneous_XMSSMT_2026-09-18/09_joint_parameter_search/02_benchmark/H6-14_W4-4/RUN01/operations.csv
H6-14_W4-4,6,14,4,4,JOINT,verify,68,1689833,1.689833000,1,9187,64,7630,RPI5_Heterogeneous_XMSSMT_2026-09-18/09_joint_parameter_search/02_benchmark/H6-14_W4-4/RUN01/operations.csv
H6-14_W4-4,6,14,4,4,JOINT,sign,69,3222074,3.222074000,,9187,64,7630,RPI5_Heterogeneous_XMSSMT_2026-09-18/09_joint_parameter_search/02_benchmark/H6-14_W4-4/RUN01/operations.csv
H6-14_W4-4,6,14,4,4,JOINT,verify,69,1661297,1.661297000,1,9187,64,7630,RPI5_Heterogeneous_XMSSMT_2026-09-18/09_joint_parameter_search/02_benchmark/H6-14_W4-4/RUN01/operations.csv
H6-14_W4-4,6,14,4,4,JOINT,sign,70,3189556,3.189556000,,9187,64,7630,RPI5_Heterogeneous_XMSSMT_2026-09-18/09_joint_parameter_search/02_benchmark/H6-14_W4-4/RUN01/operations.csv
H6-14_W4-4,6,14,4,4,JOINT,verify,70,1687148,1.687148000,1,9187,64,7630,RPI5_Heterogeneous_XMSSMT_2026-09-18/09_joint_parameter_search/02_benchmark/H6-14_W4-4/RUN01/operations.csv
H6-14_W4-4,6,14,4,4,JOINT,sign,71,5911371,5.911371000,,9187,64,7630,RPI5_Heterogeneous_XMSSMT_2026-09-18/09_joint_parameter_search/02_benchmark/H6-14_W4-4/RUN01/operations.csv
H6-14_W4-4,6,14,4,4,JOINT,verify,71,1650481,1.650481000,1,9187,64,7630,RPI5_Heterogeneous_XMSSMT_2026-09-18/09_joint_parameter_search/02_benchmark/H6-14_W4-4/RUN01/operations.csv
H6-14_W4-4,6,14,4,4,JOINT,sign,72,7296852,7.296852000,,9187,64,7630,RPI5_Heterogeneous_XMSSMT_2026-09-18/09_joint_parameter_search/02_benchmark/H6-14_W4-4/RUN01/operations.csv
H6-14_W4-4,6,14,4,4,JOINT,verify,72,1591852,1.591852000,1,9187,64,7630,RPI5_Heterogeneous_XMSSMT_2026-09-18/09_joint_parameter_search/02_benchmark/H6-14_W4-4/RUN01/operations.csv
H6-14_W4-4,6,14,4,4,JOINT,sign,73,4596870,4.596870000,,9187,64,7630,RPI5_Heterogeneous_XMSSMT_2026-09-18/09_joint_parameter_search/02_benchmark/H6-14_W4-4/RUN01/operations.csv
H6-14_W4-4,6,14,4,4,JOINT,verify,73,1630500,1.630500000,1,9187,64,7630,RPI5_Heterogeneous_XMSSMT_2026-09-18/09_joint_parameter_search/02_benchmark/H6-14_W4-4/RUN01/operations.csv
H6-14_W4-4,6,14,4,4,JOINT,sign,74,3224055,3.224055000,,9187,64,7630,RPI5_Heterogeneous_XMSSMT_2026-09-18/09_joint_parameter_search/02_benchmark/H6-14_W4-4/RUN01/operations.csv
H6-14_W4-4,6,14,4,4,JOINT,verify,74,1656166,1.656166000,1,9187,64,7630,RPI5_Heterogeneous_XMSSMT_2026-09-18/09_joint_parameter_search/02_benchmark/H6-14_W4-4/RUN01/operations.csv
H6-14_W4-4,6,14,4,4,JOINT,sign,75,5907796,5.907796000,,9187,64,7630,RPI5_Heterogeneous_XMSSMT_2026-09-18/09_joint_parameter_search/02_benchmark/H6-14_W4-4/RUN01/operations.csv
H6-14_W4-4,6,14,4,4,JOINT,verify,75,1655241,1.655241000,1,9187,64,7630,RPI5_Heterogeneous_XMSSMT_2026-09-18/09_joint_parameter_search/02_benchmark/H6-14_W4-4/RUN01/operations.csv
H6-14_W4-4,6,14,4,4,JOINT,sign,76,3223444,3.223444000,,9187,64,7630,RPI5_Heterogeneous_XMSSMT_2026-09-18/09_joint_parameter_search/02_benchmark/H6-14_W4-4/RUN01/operations.csv
H6-14_W4-4,6,14,4,4,JOINT,verify,76,1648167,1.648167000,1,9187,64,7630,RPI5_Heterogeneous_XMSSMT_2026-09-18/09_joint_parameter_search/02_benchmark/H6-14_W4-4/RUN01/operations.csv
H6-14_W4-4,6,14,4,4,JOINT,sign,77,3185241,3.185241000,,9187,64,7630,RPI5_Heterogeneous_XMSSMT_2026-09-18/09_joint_parameter_search/02_benchmark/H6-14_W4-4/RUN01/operations.csv
H6-14_W4-4,6,14,4,4,JOINT,verify,77,1700871,1.700871000,1,9187,64,7630,RPI5_Heterogeneous_XMSSMT_2026-09-18/09_joint_parameter_search/02_benchmark/H6-14_W4-4/RUN01/operations.csv
H6-14_W4-4,6,14,4,4,JOINT,sign,78,3174037,3.174037000,,9187,64,7630,RPI5_Heterogeneous_XMSSMT_2026-09-18/09_joint_parameter_search/02_benchmark/H6-14_W4-4/RUN01/operations.csv
H6-14_W4-4,6,14,4,4,JOINT,verify,78,1701963,1.701963000,1,9187,64,7630,RPI5_Heterogeneous_XMSSMT_2026-09-18/09_joint_parameter_search/02_benchmark/H6-14_W4-4/RUN01/operations.csv
H6-14_W4-4,6,14,4,4,JOINT,sign,79,5915704,5.915704000,,9187,64,7630,RPI5_Heterogeneous_XMSSMT_2026-09-18/09_joint_parameter_search/02_benchmark/H6-14_W4-4/RUN01/operations.csv
H6-14_W4-4,6,14,4,4,JOINT,verify,79,1652908,1.652908000,1,9187,64,7630,RPI5_Heterogeneous_XMSSMT_2026-09-18/09_joint_parameter_search/02_benchmark/H6-14_W4-4/RUN01/operations.csv
H6-14_W4-4,6,14,4,4,JOINT,sign,80,7245981,7.245981000,,9187,64,7630,RPI5_Heterogeneous_XMSSMT_2026-09-18/09_joint_parameter_search/02_benchmark/H6-14_W4-4/RUN01/operations.csv
H6-14_W4-4,6,14,4,4,JOINT,verify,80,1644278,1.644278000,1,9187,64,7630,RPI5_Heterogeneous_XMSSMT_2026-09-18/09_joint_parameter_search/02_benchmark/H6-14_W4-4/RUN01/operations.csv
H6-14_W4-4,6,14,4,4,JOINT,sign,81,5870537,5.870537000,,9187,64,7630,RPI5_Heterogeneous_XMSSMT_2026-09-18/09_joint_parameter_search/02_benchmark/H6-14_W4-4/RUN01/operations.csv
H6-14_W4-4,6,14,4,4,JOINT,verify,81,1706611,1.706611000,1,9187,64,7630,RPI5_Heterogeneous_XMSSMT_2026-09-18/09_joint_parameter_search/02_benchmark/H6-14_W4-4/RUN01/operations.csv
H6-14_W4-4,6,14,4,4,JOINT,sign,82,7250371,7.250371000,,9187,64,7630,RPI5_Heterogeneous_XMSSMT_2026-09-18/09_joint_parameter_search/02_benchmark/H6-14_W4-4/RUN01/operations.csv
H6-14_W4-4,6,14,4,4,JOINT,verify,82,1648074,1.648074000,1,9187,64,7630,RPI5_Heterogeneous_XMSSMT_2026-09-18/09_joint_parameter_search/02_benchmark/H6-14_W4-4/RUN01/operations.csv
H6-14_W4-4,6,14,4,4,JOINT,sign,83,5913037,5.913037000,,9187,64,7630,RPI5_Heterogeneous_XMSSMT_2026-09-18/09_joint_parameter_search/02_benchmark/H6-14_W4-4/RUN01/operations.csv
H6-14_W4-4,6,14,4,4,JOINT,verify,83,1644592,1.644592000,1,9187,64,7630,RPI5_Heterogeneous_XMSSMT_2026-09-18/09_joint_parameter_search/02_benchmark/H6-14_W4-4/RUN01/operations.csv
H6-14_W4-4,6,14,4,4,JOINT,sign,84,7241334,7.241334000,,9187,64,7630,RPI5_Heterogeneous_XMSSMT_2026-09-18/09_joint_parameter_search/02_benchmark/H6-14_W4-4/RUN01/operations.csv
H6-14_W4-4,6,14,4,4,JOINT,verify,84,1648407,1.648407000,1,9187,64,7630,RPI5_Heterogeneous_XMSSMT_2026-09-18/09_joint_parameter_search/02_benchmark/H6-14_W4-4/RUN01/operations.csv
H6-14_W4-4,6,14,4,4,JOINT,sign,85,4544907,4.544907000,,9187,64,7630,RPI5_Heterogeneous_XMSSMT_2026-09-18/09_joint_parameter_search/02_benchmark/H6-14_W4-4/RUN01/operations.csv
H6-14_W4-4,6,14,4,4,JOINT,verify,85,1683055,1.683055000,1,9187,64,7630,RPI5_Heterogeneous_XMSSMT_2026-09-18/09_joint_parameter_search/02_benchmark/H6-14_W4-4/RUN01/operations.csv
H6-14_W4-4,6,14,4,4,JOINT,sign,86,3245945,3.245945000,,9187,64,7630,RPI5_Heterogeneous_XMSSMT_2026-09-18/09_joint_parameter_search/02_benchmark/H6-14_W4-4/RUN01/operations.csv
H6-14_W4-4,6,14,4,4,JOINT,verify,86,1634185,1.634185000,1,9187,64,7630,RPI5_Heterogeneous_XMSSMT_2026-09-18/09_joint_parameter_search/02_benchmark/H6-14_W4-4/RUN01/operations.csv
H6-14_W4-4,6,14,4,4,JOINT,sign,87,5881667,5.881667000,,9187,64,7630,RPI5_Heterogeneous_XMSSMT_2026-09-18/09_joint_parameter_search/02_benchmark/H6-14_W4-4/RUN01/operations.csv
H6-14_W4-4,6,14,4,4,JOINT,verify,87,1682889,1.682889000,1,9187,64,7630,RPI5_Heterogeneous_XMSSMT_2026-09-18/09_joint_parameter_search/02_benchmark/H6-14_W4-4/RUN01/operations.csv
H6-14_W4-4,6,14,4,4,JOINT,sign,88,7241166,7.241166000,,9187,64,7630,RPI5_Heterogeneous_XMSSMT_2026-09-18/09_joint_parameter_search/02_benchmark/H6-14_W4-4/RUN01/operations.csv
H6-14_W4-4,6,14,4,4,JOINT,verify,88,1649148,1.649148000,1,9187,64,7630,RPI5_Heterogeneous_XMSSMT_2026-09-18/09_joint_parameter_search/02_benchmark/H6-14_W4-4/RUN01/operations.csv
H6-14_W4-4,6,14,4,4,JOINT,sign,89,4576056,4.576056000,,9187,64,7630,RPI5_Heterogeneous_XMSSMT_2026-09-18/09_joint_parameter_search/02_benchmark/H6-14_W4-4/RUN01/operations.csv
H6-14_W4-4,6,14,4,4,JOINT,verify,89,1649037,1.649037000,1,9187,64,7630,RPI5_Heterogeneous_XMSSMT_2026-09-18/09_joint_parameter_search/02_benchmark/H6-14_W4-4/RUN01/operations.csv
H6-14_W4-4,6,14,4,4,JOINT,sign,90,3232833,3.232833000,,9187,64,7630,RPI5_Heterogeneous_XMSSMT_2026-09-18/09_joint_parameter_search/02_benchmark/H6-14_W4-4/RUN01/operations.csv
H6-14_W4-4,6,14,4,4,JOINT,verify,90,1646204,1.646204000,1,9187,64,7630,RPI5_Heterogeneous_XMSSMT_2026-09-18/09_joint_parameter_search/02_benchmark/H6-14_W4-4/RUN01/operations.csv
H6-14_W4-4,6,14,4,4,JOINT,sign,91,5919037,5.919037000,,9187,64,7630,RPI5_Heterogeneous_XMSSMT_2026-09-18/09_joint_parameter_search/02_benchmark/H6-14_W4-4/RUN01/operations.csv
H6-14_W4-4,6,14,4,4,JOINT,verify,91,1651797,1.651797000,1,9187,64,7630,RPI5_Heterogeneous_XMSSMT_2026-09-18/09_joint_parameter_search/02_benchmark/H6-14_W4-4/RUN01/operations.csv
H6-14_W4-4,6,14,4,4,JOINT,sign,92,3255908,3.255908000,,9187,64,7630,RPI5_Heterogeneous_XMSSMT_2026-09-18/09_joint_parameter_search/02_benchmark/H6-14_W4-4/RUN01/operations.csv
H6-14_W4-4,6,14,4,4,JOINT,verify,92,1617908,1.617908000,1,9187,64,7630,RPI5_Heterogeneous_XMSSMT_2026-09-18/09_joint_parameter_search/02_benchmark/H6-14_W4-4/RUN01/operations.csv
H6-14_W4-4,6,14,4,4,JOINT,sign,93,3186944,3.186944000,,9187,64,7630,RPI5_Heterogeneous_XMSSMT_2026-09-18/09_joint_parameter_search/02_benchmark/H6-14_W4-4/RUN01/operations.csv
H6-14_W4-4,6,14,4,4,JOINT,verify,93,1690907,1.690907000,1,9187,64,7630,RPI5_Heterogeneous_XMSSMT_2026-09-18/09_joint_parameter_search/02_benchmark/H6-14_W4-4/RUN01/operations.csv
H6-14_W4-4,6,14,4,4,JOINT,sign,94,3225259,3.225259000,,9187,64,7630,RPI5_Heterogeneous_XMSSMT_2026-09-18/09_joint_parameter_search/02_benchmark/H6-14_W4-4/RUN01/operations.csv
H6-14_W4-4,6,14,4,4,JOINT,verify,94,1647111,1.647111000,1,9187,64,7630,RPI5_Heterogeneous_XMSSMT_2026-09-18/09_joint_parameter_search/02_benchmark/H6-14_W4-4/RUN01/operations.csv
H6-14_W4-4,6,14,4,4,JOINT,sign,95,5907759,5.907759000,,9187,64,7630,RPI5_Heterogeneous_XMSSMT_2026-09-18/09_joint_parameter_search/02_benchmark/H6-14_W4-4/RUN01/operations.csv
H6-14_W4-4,6,14,4,4,JOINT,verify,95,1653371,1.653371000,1,9187,64,7630,RPI5_Heterogeneous_XMSSMT_2026-09-18/09_joint_parameter_search/02_benchmark/H6-14_W4-4/RUN01/operations.csv
H6-14_W4-4,6,14,4,4,JOINT,sign,96,7234203,7.234203000,,9187,64,7630,RPI5_Heterogeneous_XMSSMT_2026-09-18/09_joint_parameter_search/02_benchmark/H6-14_W4-4/RUN01/operations.csv
H6-14_W4-4,6,14,4,4,JOINT,verify,96,1646630,1.646630000,1,9187,64,7630,RPI5_Heterogeneous_XMSSMT_2026-09-18/09_joint_parameter_search/02_benchmark/H6-14_W4-4/RUN01/operations.csv
H6-14_W4-4,6,14,4,4,JOINT,sign,97,5900852,5.900852000,,9187,64,7630,RPI5_Heterogeneous_XMSSMT_2026-09-18/09_joint_parameter_search/02_benchmark/H6-14_W4-4/RUN01/operations.csv
H6-14_W4-4,6,14,4,4,JOINT,verify,97,1654222,1.654222000,1,9187,64,7630,RPI5_Heterogeneous_XMSSMT_2026-09-18/09_joint_parameter_search/02_benchmark/H6-14_W4-4/RUN01/operations.csv
H6-14_W4-4,6,14,4,4,JOINT,sign,98,7200889,7.200889000,,9187,64,7630,RPI5_Heterogeneous_XMSSMT_2026-09-18/09_joint_parameter_search/02_benchmark/H6-14_W4-4/RUN01/operations.csv
H6-14_W4-4,6,14,4,4,JOINT,verify,98,1698907,1.698907000,1,9187,64,7630,RPI5_Heterogeneous_XMSSMT_2026-09-18/09_joint_parameter_search/02_benchmark/H6-14_W4-4/RUN01/operations.csv
H6-14_W4-4,6,14,4,4,JOINT,sign,99,5860240,5.860240000,,9187,64,7630,RPI5_Heterogeneous_XMSSMT_2026-09-18/09_joint_parameter_search/02_benchmark/H6-14_W4-4/RUN01/operations.csv
H6-14_W4-4,6,14,4,4,JOINT,verify,99,1698741,1.698741000,1,9187,64,7630,RPI5_Heterogeneous_XMSSMT_2026-09-18/09_joint_parameter_search/02_benchmark/H6-14_W4-4/RUN01/operations.csv
H14-6_W16-16,14,6,16,16,HEIGHT,keygen,0,39919832105,39919.832105000,,4963,64,6478,RPI5_Heterogeneous_XMSSMT_2026-09-18/08_height_heterogeneity/FINAL_BENCHMARK_FREEZE/H14-6/RUN01/operations.csv
H14-6_W16-16,14,6,16,16,HEIGHT,keygen,1,39871872217,39871.872217000,,4963,64,6478,RPI5_Heterogeneous_XMSSMT_2026-09-18/08_height_heterogeneity/FINAL_BENCHMARK_FREEZE/H14-6/RUN01/operations.csv
H14-6_W16-16,14,6,16,16,HEIGHT,keygen,2,39856635365,39856.635365000,,4963,64,6478,RPI5_Heterogeneous_XMSSMT_2026-09-18/08_height_heterogeneity/FINAL_BENCHMARK_FREEZE/H14-6/RUN01/operations.csv
H14-6_W16-16,14,6,16,16,HEIGHT,keygen,3,39856147069,39856.147069000,,4963,64,6478,RPI5_Heterogeneous_XMSSMT_2026-09-18/08_height_heterogeneity/FINAL_BENCHMARK_FREEZE/H14-6/RUN01/operations.csv
H14-6_W16-16,14,6,16,16,HEIGHT,keygen,4,39921979606,39921.979606000,,4963,64,6478,RPI5_Heterogeneous_XMSSMT_2026-09-18/08_height_heterogeneity/FINAL_BENCHMARK_FREEZE/H14-6/RUN01/operations.csv
H14-6_W16-16,14,6,16,16,HEIGHT,keygen,5,39864497032,39864.497032000,,4963,64,6478,RPI5_Heterogeneous_XMSSMT_2026-09-18/08_height_heterogeneity/FINAL_BENCHMARK_FREEZE/H14-6/RUN01/operations.csv
H14-6_W16-16,14,6,16,16,HEIGHT,keygen,6,39870136458,39870.136458000,,4963,64,6478,RPI5_Heterogeneous_XMSSMT_2026-09-18/08_height_heterogeneity/FINAL_BENCHMARK_FREEZE/H14-6/RUN01/operations.csv
H14-6_W16-16,14,6,16,16,HEIGHT,keygen,7,39855538939,39855.538939000,,4963,64,6478,RPI5_Heterogeneous_XMSSMT_2026-09-18/08_height_heterogeneity/FINAL_BENCHMARK_FREEZE/H14-6/RUN01/operations.csv
H14-6_W16-16,14,6,16,16,HEIGHT,keygen,8,39873386755,39873.386755000,,4963,64,6478,RPI5_Heterogeneous_XMSSMT_2026-09-18/08_height_heterogeneity/FINAL_BENCHMARK_FREEZE/H14-6/RUN01/operations.csv
H14-6_W16-16,14,6,16,16,HEIGHT,keygen,9,39909131995,39909.131995000,,4963,64,6478,RPI5_Heterogeneous_XMSSMT_2026-09-18/08_height_heterogeneity/FINAL_BENCHMARK_FREEZE/H14-6/RUN01/operations.csv
H14-6_W16-16,14,6,16,16,HEIGHT,sign,0,5838370,5.838370000,,4963,64,6478,RPI5_Heterogeneous_XMSSMT_2026-09-18/08_height_heterogeneity/FINAL_BENCHMARK_FREEZE/H14-6/RUN01/operations.csv
H14-6_W16-16,14,6,16,16,HEIGHT,verify,0,2925130,2.925130000,1,4963,64,6478,RPI5_Heterogeneous_XMSSMT_2026-09-18/08_height_heterogeneity/FINAL_BENCHMARK_FREEZE/H14-6/RUN01/operations.csv
H14-6_W16-16,14,6,16,16,HEIGHT,sign,1,6004481,6.004481000,,4963,64,6478,RPI5_Heterogeneous_XMSSMT_2026-09-18/08_height_heterogeneity/FINAL_BENCHMARK_FREEZE/H14-6/RUN01/operations.csv
H14-6_W16-16,14,6,16,16,HEIGHT,verify,1,2758407,2.758407000,1,4963,64,6478,RPI5_Heterogeneous_XMSSMT_2026-09-18/08_height_heterogeneity/FINAL_BENCHMARK_FREEZE/H14-6/RUN01/operations.csv
H14-6_W16-16,14,6,16,16,HEIGHT,sign,2,6030296,6.030296000,,4963,64,6478,RPI5_Heterogeneous_XMSSMT_2026-09-18/08_height_heterogeneity/FINAL_BENCHMARK_FREEZE/H14-6/RUN01/operations.csv
H14-6_W16-16,14,6,16,16,HEIGHT,verify,2,2722111,2.722111000,1,4963,64,6478,RPI5_Heterogeneous_XMSSMT_2026-09-18/08_height_heterogeneity/FINAL_BENCHMARK_FREEZE/H14-6/RUN01/operations.csv
H14-6_W16-16,14,6,16,16,HEIGHT,sign,3,11007000,11.007000000,,4963,64,6478,RPI5_Heterogeneous_XMSSMT_2026-09-18/08_height_heterogeneity/FINAL_BENCHMARK_FREEZE/H14-6/RUN01/operations.csv
H14-6_W16-16,14,6,16,16,HEIGHT,verify,3,2595445,2.595445000,1,4963,64,6478,RPI5_Heterogeneous_XMSSMT_2026-09-18/08_height_heterogeneity/FINAL_BENCHMARK_FREEZE/H14-6/RUN01/operations.csv
H14-6_W16-16,14,6,16,16,HEIGHT,sign,4,5959759,5.959759000,,4963,64,6478,RPI5_Heterogeneous_XMSSMT_2026-09-18/08_height_heterogeneity/FINAL_BENCHMARK_FREEZE/H14-6/RUN01/operations.csv
H14-6_W16-16,14,6,16,16,HEIGHT,verify,4,2790667,2.790667000,1,4963,64,6478,RPI5_Heterogeneous_XMSSMT_2026-09-18/08_height_heterogeneity/FINAL_BENCHMARK_FREEZE/H14-6/RUN01/operations.csv
H14-6_W16-16,14,6,16,16,HEIGHT,sign,5,6032000,6.032000000,,4963,64,6478,RPI5_Heterogeneous_XMSSMT_2026-09-18/08_height_heterogeneity/FINAL_BENCHMARK_FREEZE/H14-6/RUN01/operations.csv
H14-6_W16-16,14,6,16,16,HEIGHT,verify,5,2728130,2.728130000,1,4963,64,6478,RPI5_Heterogeneous_XMSSMT_2026-09-18/08_height_heterogeneity/FINAL_BENCHMARK_FREEZE/H14-6/RUN01/operations.csv
H14-6_W16-16,14,6,16,16,HEIGHT,sign,6,5995648,5.995648000,,4963,64,6478,RPI5_Heterogeneous_XMSSMT_2026-09-18/08_height_heterogeneity/FINAL_BENCHMARK_FREEZE/H14-6/RUN01/operations.csv
H14-6_W16-16,14,6,16,16,HEIGHT,verify,6,2754241,2.754241000,1,4963,64,6478,RPI5_Heterogeneous_XMSSMT_2026-09-18/08_height_heterogeneity/FINAL_BENCHMARK_FREEZE/H14-6/RUN01/operations.csv
H14-6_W16-16,14,6,16,16,HEIGHT,sign,7,20496760,20.496760000,,4963,64,6478,RPI5_Heterogeneous_XMSSMT_2026-09-18/08_height_heterogeneity/FINAL_BENCHMARK_FREEZE/H14-6/RUN01/operations.csv
H14-6_W16-16,14,6,16,16,HEIGHT,verify,7,2791407,2.791407000,1,4963,64,6478,RPI5_Heterogeneous_XMSSMT_2026-09-18/08_height_heterogeneity/FINAL_BENCHMARK_FREEZE/H14-6/RUN01/operations.csv
H14-6_W16-16,14,6,16,16,HEIGHT,sign,8,5869444,5.869444000,,4963,64,6478,RPI5_Heterogeneous_XMSSMT_2026-09-18/08_height_heterogeneity/FINAL_BENCHMARK_FREEZE/H14-6/RUN01/operations.csv
H14-6_W16-16,14,6,16,16,HEIGHT,verify,8,2886926,2.886926000,1,4963,64,6478,RPI5_Heterogeneous_XMSSMT_2026-09-18/08_height_heterogeneity/FINAL_BENCHMARK_FREEZE/H14-6/RUN01/operations.csv
H14-6_W16-16,14,6,16,16,HEIGHT,sign,9,5874759,5.874759000,,4963,64,6478,RPI5_Heterogeneous_XMSSMT_2026-09-18/08_height_heterogeneity/FINAL_BENCHMARK_FREEZE/H14-6/RUN01/operations.csv
H14-6_W16-16,14,6,16,16,HEIGHT,verify,9,2895037,2.895037000,1,4963,64,6478,RPI5_Heterogeneous_XMSSMT_2026-09-18/08_height_heterogeneity/FINAL_BENCHMARK_FREEZE/H14-6/RUN01/operations.csv
H14-6_W16-16,14,6,16,16,HEIGHT,sign,10,5804926,5.804926000,,4963,64,6478,RPI5_Heterogeneous_XMSSMT_2026-09-18/08_height_heterogeneity/FINAL_BENCHMARK_FREEZE/H14-6/RUN01/operations.csv
H14-6_W16-16,14,6,16,16,HEIGHT,verify,10,2952889,2.952889000,1,4963,64,6478,RPI5_Heterogeneous_XMSSMT_2026-09-18/08_height_heterogeneity/FINAL_BENCHMARK_FREEZE/H14-6/RUN01/operations.csv
H14-6_W16-16,14,6,16,16,HEIGHT,sign,11,10902870,10.902870000,,4963,64,6478,RPI5_Heterogeneous_XMSSMT_2026-09-18/08_height_heterogeneity/FINAL_BENCHMARK_FREEZE/H14-6/RUN01/operations.csv
H14-6_W16-16,14,6,16,16,HEIGHT,verify,11,2694204,2.694204000,1,4963,64,6478,RPI5_Heterogeneous_XMSSMT_2026-09-18/08_height_heterogeneity/FINAL_BENCHMARK_FREEZE/H14-6/RUN01/operations.csv
H14-6_W16-16,14,6,16,16,HEIGHT,sign,12,6031315,6.031315000,,4963,64,6478,RPI5_Heterogeneous_XMSSMT_2026-09-18/08_height_heterogeneity/FINAL_BENCHMARK_FREEZE/H14-6/RUN01/operations.csv
H14-6_W16-16,14,6,16,16,HEIGHT,verify,12,2722648,2.722648000,1,4963,64,6478,RPI5_Heterogeneous_XMSSMT_2026-09-18/08_height_heterogeneity/FINAL_BENCHMARK_FREEZE/H14-6/RUN01/operations.csv
H14-6_W16-16,14,6,16,16,HEIGHT,sign,13,5972370,5.972370000,,4963,64,6478,RPI5_Heterogeneous_XMSSMT_2026-09-18/08_height_heterogeneity/FINAL_BENCHMARK_FREEZE/H14-6/RUN01/operations.csv
H14-6_W16-16,14,6,16,16,HEIGHT,verify,13,2787889,2.787889000,1,4963,64,6478,RPI5_Heterogeneous_XMSSMT_2026-09-18/08_height_heterogeneity/FINAL_BENCHMARK_FREEZE/H14-6/RUN01/operations.csv
H14-6_W16-16,14,6,16,16,HEIGHT,sign,14,5999204,5.999204000,,4963,64,6478,RPI5_Heterogeneous_XMSSMT_2026-09-18/08_height_heterogeneity/FINAL_BENCHMARK_FREEZE/H14-6/RUN01/operations.csv
H14-6_W16-16,14,6,16,16,HEIGHT,verify,14,2755907,2.755907000,1,4963,64,6478,RPI5_Heterogeneous_XMSSMT_2026-09-18/08_height_heterogeneity/FINAL_BENCHMARK_FREEZE/H14-6/RUN01/operations.csv
H14-6_W16-16,14,6,16,16,HEIGHT,sign,15,20614203,20.614203000,,4963,64,6478,RPI5_Heterogeneous_XMSSMT_2026-09-18/08_height_heterogeneity/FINAL_BENCHMARK_FREEZE/H14-6/RUN01/operations.csv
H14-6_W16-16,14,6,16,16,HEIGHT,verify,15,2696556,2.696556000,1,4963,64,6478,RPI5_Heterogeneous_XMSSMT_2026-09-18/08_height_heterogeneity/FINAL_BENCHMARK_FREEZE/H14-6/RUN01/operations.csv
H14-6_W16-16,14,6,16,16,HEIGHT,sign,16,23044389,23.044389000,,4963,64,6478,RPI5_Heterogeneous_XMSSMT_2026-09-18/08_height_heterogeneity/FINAL_BENCHMARK_FREEZE/H14-6/RUN01/operations.csv
H14-6_W16-16,14,6,16,16,HEIGHT,verify,16,2662000,2.662000000,1,4963,64,6478,RPI5_Heterogeneous_XMSSMT_2026-09-18/08_height_heterogeneity/FINAL_BENCHMARK_FREEZE/H14-6/RUN01/operations.csv
H14-6_W16-16,14,6,16,16,HEIGHT,sign,17,8440408,8.440408000,,4963,64,6478,RPI5_Heterogeneous_XMSSMT_2026-09-18/08_height_heterogeneity/FINAL_BENCHMARK_FREEZE/H14-6/RUN01/operations.csv
H14-6_W16-16,14,6,16,16,HEIGHT,verify,17,2758944,2.758944000,1,4963,64,6478,RPI5_Heterogeneous_XMSSMT_2026-09-18/08_height_heterogeneity/FINAL_BENCHMARK_FREEZE/H14-6/RUN01/operations.csv
H14-6_W16-16,14,6,16,16,HEIGHT,sign,18,5867111,5.867111000,,4963,64,6478,RPI5_Heterogeneous_XMSSMT_2026-09-18/08_height_heterogeneity/FINAL_BENCHMARK_FREEZE/H14-6/RUN01/operations.csv
H14-6_W16-16,14,6,16,16,HEIGHT,verify,18,2888945,2.888945000,1,4963,64,6478,RPI5_Heterogeneous_XMSSMT_2026-09-18/08_height_heterogeneity/FINAL_BENCHMARK_FREEZE/H14-6/RUN01/operations.csv
H14-6_W16-16,14,6,16,16,HEIGHT,sign,19,10822148,10.822148000,,4963,64,6478,RPI5_Heterogeneous_XMSSMT_2026-09-18/08_height_heterogeneity/FINAL_BENCHMARK_FREEZE/H14-6/RUN01/operations.csv
H14-6_W16-16,14,6,16,16,HEIGHT,verify,19,2791074,2.791074000,1,4963,64,6478,RPI5_Heterogeneous_XMSSMT_2026-09-18/08_height_heterogeneity/FINAL_BENCHMARK_FREEZE/H14-6/RUN01/operations.csv
H14-6_W16-16,14,6,16,16,HEIGHT,sign,20,6094889,6.094889000,,4963,64,6478,RPI5_Heterogeneous_XMSSMT_2026-09-18/08_height_heterogeneity/FINAL_BENCHMARK_FREEZE/H14-6/RUN01/operations.csv
H14-6_W16-16,14,6,16,16,HEIGHT,verify,20,2669167,2.669167000,1,4963,64,6478,RPI5_Heterogeneous_XMSSMT_2026-09-18/08_height_heterogeneity/FINAL_BENCHMARK_FREEZE/H14-6/RUN01/operations.csv
H14-6_W16-16,14,6,16,16,HEIGHT,sign,21,5942408,5.942408000,,4963,64,6478,RPI5_Heterogeneous_XMSSMT_2026-09-18/08_height_heterogeneity/FINAL_BENCHMARK_FREEZE/H14-6/RUN01/operations.csv
H14-6_W16-16,14,6,16,16,HEIGHT,verify,21,2826055,2.826055000,1,4963,64,6478,RPI5_Heterogeneous_XMSSMT_2026-09-18/08_height_heterogeneity/FINAL_BENCHMARK_FREEZE/H14-6/RUN01/operations.csv
H14-6_W16-16,14,6,16,16,HEIGHT,sign,22,6029741,6.029741000,,4963,64,6478,RPI5_Heterogeneous_XMSSMT_2026-09-18/08_height_heterogeneity/FINAL_BENCHMARK_FREEZE/H14-6/RUN01/operations.csv
H14-6_W16-16,14,6,16,16,HEIGHT,verify,22,2729074,2.729074000,1,4963,64,6478,RPI5_Heterogeneous_XMSSMT_2026-09-18/08_height_heterogeneity/FINAL_BENCHMARK_FREEZE/H14-6/RUN01/operations.csv
H14-6_W16-16,14,6,16,16,HEIGHT,sign,23,20594778,20.594778000,,4963,64,6478,RPI5_Heterogeneous_XMSSMT_2026-09-18/08_height_heterogeneity/FINAL_BENCHMARK_FREEZE/H14-6/RUN01/operations.csv
H14-6_W16-16,14,6,16,16,HEIGHT,verify,23,2729481,2.729481000,1,4963,64,6478,RPI5_Heterogeneous_XMSSMT_2026-09-18/08_height_heterogeneity/FINAL_BENCHMARK_FREEZE/H14-6/RUN01/operations.csv
H14-6_W16-16,14,6,16,16,HEIGHT,sign,24,5995740,5.995740000,,4963,64,6478,RPI5_Heterogeneous_XMSSMT_2026-09-18/08_height_heterogeneity/FINAL_BENCHMARK_FREEZE/H14-6/RUN01/operations.csv
H14-6_W16-16,14,6,16,16,HEIGHT,verify,24,2762741,2.762741000,1,4963,64,6478,RPI5_Heterogeneous_XMSSMT_2026-09-18/08_height_heterogeneity/FINAL_BENCHMARK_FREEZE/H14-6/RUN01/operations.csv
H14-6_W16-16,14,6,16,16,HEIGHT,sign,25,6004092,6.004092000,,4963,64,6478,RPI5_Heterogeneous_XMSSMT_2026-09-18/08_height_heterogeneity/FINAL_BENCHMARK_FREEZE/H14-6/RUN01/operations.csv
H14-6_W16-16,14,6,16,16,HEIGHT,verify,25,2763592,2.763592000,1,4963,64,6478,RPI5_Heterogeneous_XMSSMT_2026-09-18/08_height_heterogeneity/FINAL_BENCHMARK_FREEZE/H14-6/RUN01/operations.csv
H14-6_W16-16,14,6,16,16,HEIGHT,sign,26,5871481,5.871481000,,4963,64,6478,RPI5_Heterogeneous_XMSSMT_2026-09-18/08_height_heterogeneity/FINAL_BENCHMARK_FREEZE/H14-6/RUN01/operations.csv
H14-6_W16-16,14,6,16,16,HEIGHT,verify,26,2889481,2.889481000,1,4963,64,6478,RPI5_Heterogeneous_XMSSMT_2026-09-18/08_height_heterogeneity/FINAL_BENCHMARK_FREEZE/H14-6/RUN01/operations.csv
H14-6_W16-16,14,6,16,16,HEIGHT,sign,27,10674963,10.674963000,,4963,64,6478,RPI5_Heterogeneous_XMSSMT_2026-09-18/08_height_heterogeneity/FINAL_BENCHMARK_FREEZE/H14-6/RUN01/operations.csv
H14-6_W16-16,14,6,16,16,HEIGHT,verify,27,2959593,2.959593000,1,4963,64,6478,RPI5_Heterogeneous_XMSSMT_2026-09-18/08_height_heterogeneity/FINAL_BENCHMARK_FREEZE/H14-6/RUN01/operations.csv
H14-6_W16-16,14,6,16,16,HEIGHT,sign,28,5931129,5.931129000,,4963,64,6478,RPI5_Heterogeneous_XMSSMT_2026-09-18/08_height_heterogeneity/FINAL_BENCHMARK_FREEZE/H14-6/RUN01/operations.csv
H14-6_W16-16,14,6,16,16,HEIGHT,verify,28,2821649,2.821649000,1,4963,64,6478,RPI5_Heterogeneous_XMSSMT_2026-09-18/08_height_heterogeneity/FINAL_BENCHMARK_FREEZE/H14-6/RUN01/operations.csv
H14-6_W16-16,14,6,16,16,HEIGHT,sign,29,5840056,5.840056000,,4963,64,6478,RPI5_Heterogeneous_XMSSMT_2026-09-18/08_height_heterogeneity/FINAL_BENCHMARK_FREEZE/H14-6/RUN01/operations.csv
H14-6_W16-16,14,6,16,16,HEIGHT,verify,29,2922297,2.922297000,1,4963,64,6478,RPI5_Heterogeneous_XMSSMT_2026-09-18/08_height_heterogeneity/FINAL_BENCHMARK_FREEZE/H14-6/RUN01/operations.csv
H14-6_W16-16,14,6,16,16,HEIGHT,sign,30,5808908,5.808908000,,4963,64,6478,RPI5_Heterogeneous_XMSSMT_2026-09-18/08_height_heterogeneity/FINAL_BENCHMARK_FREEZE/H14-6/RUN01/operations.csv
H14-6_W16-16,14,6,16,16,HEIGHT,verify,30,2949481,2.949481000,1,4963,64,6478,RPI5_Heterogeneous_XMSSMT_2026-09-18/08_height_heterogeneity/FINAL_BENCHMARK_FREEZE/H14-6/RUN01/operations.csv
H14-6_W16-16,14,6,16,16,HEIGHT,sign,31,20366926,20.366926000,,4963,64,6478,RPI5_Heterogeneous_XMSSMT_2026-09-18/08_height_heterogeneity/FINAL_BENCHMARK_FREEZE/H14-6/RUN01/operations.csv
H14-6_W16-16,14,6,16,16,HEIGHT,verify,31,2919334,2.919334000,1,4963,64,6478,RPI5_Heterogeneous_XMSSMT_2026-09-18/08_height_heterogeneity/FINAL_BENCHMARK_FREEZE/H14-6/RUN01/operations.csv
H14-6_W16-16,14,6,16,16,HEIGHT,sign,32,22996333,22.996333000,,4963,64,6478,RPI5_Heterogeneous_XMSSMT_2026-09-18/08_height_heterogeneity/FINAL_BENCHMARK_FREEZE/H14-6/RUN01/operations.csv
H14-6_W16-16,14,6,16,16,HEIGHT,verify,32,2694444,2.694444000,1,4963,64,6478,RPI5_Heterogeneous_XMSSMT_2026-09-18/08_height_heterogeneity/FINAL_BENCHMARK_FREEZE/H14-6/RUN01/operations.csv
H14-6_W16-16,14,6,16,16,HEIGHT,sign,33,20589722,20.589722000,,4963,64,6478,RPI5_Heterogeneous_XMSSMT_2026-09-18/08_height_heterogeneity/FINAL_BENCHMARK_FREEZE/H14-6/RUN01/operations.csv
H14-6_W16-16,14,6,16,16,HEIGHT,verify,33,2720463,2.720463000,1,4963,64,6478,RPI5_Heterogeneous_XMSSMT_2026-09-18/08_height_heterogeneity/FINAL_BENCHMARK_FREEZE/H14-6/RUN01/operations.csv
H14-6_W16-16,14,6,16,16,HEIGHT,sign,34,22811667,22.811667000,,4963,64,6478,RPI5_Heterogeneous_XMSSMT_2026-09-18/08_height_heterogeneity/FINAL_BENCHMARK_FREEZE/H14-6/RUN01/operations.csv
H14-6_W16-16,14,6,16,16,HEIGHT,verify,34,2885277,2.885277000,1,4963,64,6478,RPI5_Heterogeneous_XMSSMT_2026-09-18/08_height_heterogeneity/FINAL_BENCHMARK_FREEZE/H14-6/RUN01/operations.csv
H14-6_W16-16,14,6,16,16,HEIGHT,sign,35,20590648,20.590648000,,4963,64,6478,RPI5_Heterogeneous_XMSSMT_2026-09-18/08_height_heterogeneity/FINAL_BENCHMARK_FREEZE/H14-6/RUN01/operations.csv
H14-6_W16-16,14,6,16,16,HEIGHT,verify,35,2690629,2.690629000,1,4963,64,6478,RPI5_Heterogeneous_XMSSMT_2026-09-18/08_height_heterogeneity/FINAL_BENCHMARK_FREEZE/H14-6/RUN01/operations.csv
H14-6_W16-16,14,6,16,16,HEIGHT,sign,36,6024112,6.024112000,,4963,64,6478,RPI5_Heterogeneous_XMSSMT_2026-09-18/08_height_heterogeneity/FINAL_BENCHMARK_FREEZE/H14-6/RUN01/operations.csv
H14-6_W16-16,14,6,16,16,HEIGHT,verify,36,2726667,2.726667000,1,4963,64,6478,RPI5_Heterogeneous_XMSSMT_2026-09-18/08_height_heterogeneity/FINAL_BENCHMARK_FREEZE/H14-6/RUN01/operations.csv
H14-6_W16-16,14,6,16,16,HEIGHT,sign,37,5814648,5.814648000,,4963,64,6478,RPI5_Heterogeneous_XMSSMT_2026-09-18/08_height_heterogeneity/FINAL_BENCHMARK_FREEZE/H14-6/RUN01/operations.csv
H14-6_W16-16,14,6,16,16,HEIGHT,verify,37,2954203,2.954203000,1,4963,64,6478,RPI5_Heterogeneous_XMSSMT_2026-09-18/08_height_heterogeneity/FINAL_BENCHMARK_FREEZE/H14-6/RUN01/operations.csv
H14-6_W16-16,14,6,16,16,HEIGHT,sign,38,5974593,5.974593000,,4963,64,6478,RPI5_Heterogeneous_XMSSMT_2026-09-18/08_height_heterogeneity/FINAL_BENCHMARK_FREEZE/H14-6/RUN01/operations.csv
H14-6_W16-16,14,6,16,16,HEIGHT,verify,38,2787037,2.787037000,1,4963,64,6478,RPI5_Heterogeneous_XMSSMT_2026-09-18/08_height_heterogeneity/FINAL_BENCHMARK_FREEZE/H14-6/RUN01/operations.csv
H14-6_W16-16,14,6,16,16,HEIGHT,sign,39,20362833,20.362833000,,4963,64,6478,RPI5_Heterogeneous_XMSSMT_2026-09-18/08_height_heterogeneity/FINAL_BENCHMARK_FREEZE/H14-6/RUN01/operations.csv
H14-6_W16-16,14,6,16,16,HEIGHT,verify,39,2918648,2.918648000,1,4963,64,6478,RPI5_Heterogeneous_XMSSMT_2026-09-18/08_height_heterogeneity/FINAL_BENCHMARK_FREEZE/H14-6/RUN01/operations.csv
H14-6_W16-16,14,6,16,16,HEIGHT,sign,40,6029278,6.029278000,,4963,64,6478,RPI5_Heterogeneous_XMSSMT_2026-09-18/08_height_heterogeneity/FINAL_BENCHMARK_FREEZE/H14-6/RUN01/operations.csv
H14-6_W16-16,14,6,16,16,HEIGHT,verify,40,2721389,2.721389000,1,4963,64,6478,RPI5_Heterogeneous_XMSSMT_2026-09-18/08_height_heterogeneity/FINAL_BENCHMARK_FREEZE/H14-6/RUN01/operations.csv
H14-6_W16-16,14,6,16,16,HEIGHT,sign,41,5975612,5.975612000,,4963,64,6478,RPI5_Heterogeneous_XMSSMT_2026-09-18/08_height_heterogeneity/FINAL_BENCHMARK_FREEZE/H14-6/RUN01/operations.csv
H14-6_W16-16,14,6,16,16,HEIGHT,verify,41,2785444,2.785444000,1,4963,64,6478,RPI5_Heterogeneous_XMSSMT_2026-09-18/08_height_heterogeneity/FINAL_BENCHMARK_FREEZE/H14-6/RUN01/operations.csv
H14-6_W16-16,14,6,16,16,HEIGHT,sign,42,6034555,6.034555000,,4963,64,6478,RPI5_Heterogeneous_XMSSMT_2026-09-18/08_height_heterogeneity/FINAL_BENCHMARK_FREEZE/H14-6/RUN01/operations.csv
H14-6_W16-16,14,6,16,16,HEIGHT,verify,42,2725981,2.725981000,1,4963,64,6478,RPI5_Heterogeneous_XMSSMT_2026-09-18/08_height_heterogeneity/FINAL_BENCHMARK_FREEZE/H14-6/RUN01/operations.csv
H14-6_W16-16,14,6,16,16,HEIGHT,sign,43,10940148,10.940148000,,4963,64,6478,RPI5_Heterogeneous_XMSSMT_2026-09-18/08_height_heterogeneity/FINAL_BENCHMARK_FREEZE/H14-6/RUN01/operations.csv
H14-6_W16-16,14,6,16,16,HEIGHT,verify,43,2660352,2.660352000,1,4963,64,6478,RPI5_Heterogeneous_XMSSMT_2026-09-18/08_height_heterogeneity/FINAL_BENCHMARK_FREEZE/H14-6/RUN01/operations.csv
H14-6_W16-16,14,6,16,16,HEIGHT,sign,44,5993648,5.993648000,,4963,64,6478,RPI5_Heterogeneous_XMSSMT_2026-09-18/08_height_heterogeneity/FINAL_BENCHMARK_FREEZE/H14-6/RUN01/operations.csv
H14-6_W16-16,14,6,16,16,HEIGHT,verify,44,2755778,2.755778000,1,4963,64,6478,RPI5_Heterogeneous_XMSSMT_2026-09-18/08_height_heterogeneity/FINAL_BENCHMARK_FREEZE/H14-6/RUN01/operations.csv
H14-6_W16-16,14,6,16,16,HEIGHT,sign,45,5807963,5.807963000,,4963,64,6478,RPI5_Heterogeneous_XMSSMT_2026-09-18/08_height_heterogeneity/FINAL_BENCHMARK_FREEZE/H14-6/RUN01/operations.csv
H14-6_W16-16,14,6,16,16,HEIGHT,verify,45,2947704,2.947704000,1,4963,64,6478,RPI5_Heterogeneous_XMSSMT_2026-09-18/08_height_heterogeneity/FINAL_BENCHMARK_FREEZE/H14-6/RUN01/operations.csv
H14-6_W16-16,14,6,16,16,HEIGHT,sign,46,6122649,6.122649000,,4963,64,6478,RPI5_Heterogeneous_XMSSMT_2026-09-18/08_height_heterogeneity/FINAL_BENCHMARK_FREEZE/H14-6/RUN01/operations.csv
H14-6_W16-16,14,6,16,16,HEIGHT,verify,46,2627667,2.627667000,1,4963,64,6478,RPI5_Heterogeneous_XMSSMT_2026-09-18/08_height_heterogeneity/FINAL_BENCHMARK_FREEZE/H14-6/RUN01/operations.csv
H14-6_W16-16,14,6,16,16,HEIGHT,sign,47,20500593,20.500593000,,4963,64,6478,RPI5_Heterogeneous_XMSSMT_2026-09-18/08_height_heterogeneity/FINAL_BENCHMARK_FREEZE/H14-6/RUN01/operations.csv
H14-6_W16-16,14,6,16,16,HEIGHT,verify,47,2817834,2.817834000,1,4963,64,6478,RPI5_Heterogeneous_XMSSMT_2026-09-18/08_height_heterogeneity/FINAL_BENCHMARK_FREEZE/H14-6/RUN01/operations.csv
H14-6_W16-16,14,6,16,16,HEIGHT,sign,48,22777815,22.777815000,,4963,64,6478,RPI5_Heterogeneous_XMSSMT_2026-09-18/08_height_heterogeneity/FINAL_BENCHMARK_FREEZE/H14-6/RUN01/operations.csv
H14-6_W16-16,14,6,16,16,HEIGHT,verify,48,2887259,2.887259000,1,4963,64,6478,RPI5_Heterogeneous_XMSSMT_2026-09-18/08_height_heterogeneity/FINAL_BENCHMARK_FREEZE/H14-6/RUN01/operations.csv
H14-6_W16-16,14,6,16,16,HEIGHT,sign,49,8130592,8.130592000,,4963,64,6478,RPI5_Heterogeneous_XMSSMT_2026-09-18/08_height_heterogeneity/FINAL_BENCHMARK_FREEZE/H14-6/RUN01/operations.csv
H14-6_W16-16,14,6,16,16,HEIGHT,verify,49,3047741,3.047741000,1,4963,64,6478,RPI5_Heterogeneous_XMSSMT_2026-09-18/08_height_heterogeneity/FINAL_BENCHMARK_FREEZE/H14-6/RUN01/operations.csv
H14-6_W16-16,14,6,16,16,HEIGHT,sign,50,5923482,5.923482000,,4963,64,6478,RPI5_Heterogeneous_XMSSMT_2026-09-18/08_height_heterogeneity/FINAL_BENCHMARK_FREEZE/H14-6/RUN01/operations.csv
H14-6_W16-16,14,6,16,16,HEIGHT,verify,50,2820426,2.820426000,1,4963,64,6478,RPI5_Heterogeneous_XMSSMT_2026-09-18/08_height_heterogeneity/FINAL_BENCHMARK_FREEZE/H14-6/RUN01/operations.csv
H14-6_W16-16,14,6,16,16,HEIGHT,sign,51,10703315,10.703315000,,4963,64,6478,RPI5_Heterogeneous_XMSSMT_2026-09-18/08_height_heterogeneity/FINAL_BENCHMARK_FREEZE/H14-6/RUN01/operations.csv
H14-6_W16-16,14,6,16,16,HEIGHT,verify,51,2890371,2.890371000,1,4963,64,6478,RPI5_Heterogeneous_XMSSMT_2026-09-18/08_height_heterogeneity/FINAL_BENCHMARK_FREEZE/H14-6/RUN01/operations.csv
H14-6_W16-16,14,6,16,16,HEIGHT,sign,52,6003148,6.003148000,,4963,64,6478,RPI5_Heterogeneous_XMSSMT_2026-09-18/08_height_heterogeneity/FINAL_BENCHMARK_FREEZE/H14-6/RUN01/operations.csv
H14-6_W16-16,14,6,16,16,HEIGHT,verify,52,2756759,2.756759000,1,4963,64,6478,RPI5_Heterogeneous_XMSSMT_2026-09-18/08_height_heterogeneity/FINAL_BENCHMARK_FREEZE/H14-6/RUN01/operations.csv
H14-6_W16-16,14,6,16,16,HEIGHT,sign,53,6102074,6.102074000,,4963,64,6478,RPI5_Heterogeneous_XMSSMT_2026-09-18/08_height_heterogeneity/FINAL_BENCHMARK_FREEZE/H14-6/RUN01/operations.csv
H14-6_W16-16,14,6,16,16,HEIGHT,verify,53,2661223,2.661223000,1,4963,64,6478,RPI5_Heterogeneous_XMSSMT_2026-09-18/08_height_heterogeneity/FINAL_BENCHMARK_FREEZE/H14-6/RUN01/operations.csv
H14-6_W16-16,14,6,16,16,HEIGHT,sign,54,5961352,5.961352000,,4963,64,6478,RPI5_Heterogeneous_XMSSMT_2026-09-18/08_height_heterogeneity/FINAL_BENCHMARK_FREEZE/H14-6/RUN01/operations.csv
H14-6_W16-16,14,6,16,16,HEIGHT,verify,54,2791315,2.791315000,1,4963,64,6478,RPI5_Heterogeneous_XMSSMT_2026-09-18/08_height_heterogeneity/FINAL_BENCHMARK_FREEZE/H14-6/RUN01/operations.csv
H14-6_W16-16,14,6,16,16,HEIGHT,sign,55,20610815,20.610815000,,4963,64,6478,RPI5_Heterogeneous_XMSSMT_2026-09-18/08_height_heterogeneity/FINAL_BENCHMARK_FREEZE/H14-6/RUN01/operations.csv
H14-6_W16-16,14,6,16,16,HEIGHT,verify,55,2696537,2.696537000,1,4963,64,6478,RPI5_Heterogeneous_XMSSMT_2026-09-18/08_height_heterogeneity/FINAL_BENCHMARK_FREEZE/H14-6/RUN01/operations.csv
H14-6_W16-16,14,6,16,16,HEIGHT,sign,56,6005796,6.005796000,,4963,64,6478,RPI5_Heterogeneous_XMSSMT_2026-09-18/08_height_heterogeneity/FINAL_BENCHMARK_FREEZE/H14-6/RUN01/operations.csv
H14-6_W16-16,14,6,16,16,HEIGHT,verify,56,2759852,2.759852000,1,4963,64,6478,RPI5_Heterogeneous_XMSSMT_2026-09-18/08_height_heterogeneity/FINAL_BENCHMARK_FREEZE/H14-6/RUN01/operations.csv
H14-6_W16-16,14,6,16,16,HEIGHT,sign,57,6000778,6.000778000,,4963,64,6478,RPI5_Heterogeneous_XMSSMT_2026-09-18/08_height_heterogeneity/FINAL_BENCHMARK_FREEZE/H14-6/RUN01/operations.csv
H14-6_W16-16,14,6,16,16,HEIGHT,verify,57,2758556,2.758556000,1,4963,64,6478,RPI5_Heterogeneous_XMSSMT_2026-09-18/08_height_heterogeneity/FINAL_BENCHMARK_FREEZE/H14-6/RUN01/operations.csv
H14-6_W16-16,14,6,16,16,HEIGHT,sign,58,5832259,5.832259000,,4963,64,6478,RPI5_Heterogeneous_XMSSMT_2026-09-18/08_height_heterogeneity/FINAL_BENCHMARK_FREEZE/H14-6/RUN01/operations.csv
H14-6_W16-16,14,6,16,16,HEIGHT,verify,58,2928797,2.928797000,1,4963,64,6478,RPI5_Heterogeneous_XMSSMT_2026-09-18/08_height_heterogeneity/FINAL_BENCHMARK_FREEZE/H14-6/RUN01/operations.csv
H14-6_W16-16,14,6,16,16,HEIGHT,sign,59,10729537,10.729537000,,4963,64,6478,RPI5_Heterogeneous_XMSSMT_2026-09-18/08_height_heterogeneity/FINAL_BENCHMARK_FREEZE/H14-6/RUN01/operations.csv
H14-6_W16-16,14,6,16,16,HEIGHT,verify,59,2890426,2.890426000,1,4963,64,6478,RPI5_Heterogeneous_XMSSMT_2026-09-18/08_height_heterogeneity/FINAL_BENCHMARK_FREEZE/H14-6/RUN01/operations.csv
H14-6_W16-16,14,6,16,16,HEIGHT,sign,60,5840722,5.840722000,,4963,64,6478,RPI5_Heterogeneous_XMSSMT_2026-09-18/08_height_heterogeneity/FINAL_BENCHMARK_FREEZE/H14-6/RUN01/operations.csv
H14-6_W16-16,14,6,16,16,HEIGHT,verify,60,2920649,2.920649000,1,4963,64,6478,RPI5_Heterogeneous_XMSSMT_2026-09-18/08_height_heterogeneity/FINAL_BENCHMARK_FREEZE/H14-6/RUN01/operations.csv
H14-6_W16-16,14,6,16,16,HEIGHT,sign,61,5844574,5.844574000,,4963,64,6478,RPI5_Heterogeneous_XMSSMT_2026-09-18/08_height_heterogeneity/FINAL_BENCHMARK_FREEZE/H14-6/RUN01/operations.csv
H14-6_W16-16,14,6,16,16,HEIGHT,verify,61,2921352,2.921352000,1,4963,64,6478,RPI5_Heterogeneous_XMSSMT_2026-09-18/08_height_heterogeneity/FINAL_BENCHMARK_FREEZE/H14-6/RUN01/operations.csv
H14-6_W16-16,14,6,16,16,HEIGHT,sign,62,5795704,5.795704000,,4963,64,6478,RPI5_Heterogeneous_XMSSMT_2026-09-18/08_height_heterogeneity/FINAL_BENCHMARK_FREEZE/H14-6/RUN01/operations.csv
H14-6_W16-16,14,6,16,16,HEIGHT,verify,62,2953222,2.953222000,1,4963,64,6478,RPI5_Heterogeneous_XMSSMT_2026-09-18/08_height_heterogeneity/FINAL_BENCHMARK_FREEZE/H14-6/RUN01/operations.csv
H14-6_W16-16,14,6,16,16,HEIGHT,sign,63,20548926,20.548926000,,4963,64,6478,RPI5_Heterogeneous_XMSSMT_2026-09-18/08_height_heterogeneity/FINAL_BENCHMARK_FREEZE/H14-6/RUN01/operations.csv
H14-6_W16-16,14,6,16,16,HEIGHT,verify,63,2757408,2.757408000,1,4963,64,6478,RPI5_Heterogeneous_XMSSMT_2026-09-18/08_height_heterogeneity/FINAL_BENCHMARK_FREEZE/H14-6/RUN01/operations.csv
H14-6_W16-16,14,6,16,16,HEIGHT,sign,64,22950759,22.950759000,,4963,64,6478,RPI5_Heterogeneous_XMSSMT_2026-09-18/08_height_heterogeneity/FINAL_BENCHMARK_FREEZE/H14-6/RUN01/operations.csv
H14-6_W16-16,14,6,16,16,HEIGHT,verify,64,2740019,2.740019000,1,4963,64,6478,RPI5_Heterogeneous_XMSSMT_2026-09-18/08_height_heterogeneity/FINAL_BENCHMARK_FREEZE/H14-6/RUN01/operations.csv
H14-6_W16-16,14,6,16,16,HEIGHT,sign,65,20508852,20.508852000,,4963,64,6478,RPI5_Heterogeneous_XMSSMT_2026-09-18/08_height_heterogeneity/FINAL_BENCHMARK_FREEZE/H14-6/RUN01/operations.csv
H14-6_W16-16,14,6,16,16,HEIGHT,verify,65,2824704,2.824704000,1,4963,64,6478,RPI5_Heterogeneous_XMSSMT_2026-09-18/08_height_heterogeneity/FINAL_BENCHMARK_FREEZE/H14-6/RUN01/operations.csv
H14-6_W16-16,14,6,16,16,HEIGHT,sign,66,22950278,22.950278000,,4963,64,6478,RPI5_Heterogeneous_XMSSMT_2026-09-18/08_height_heterogeneity/FINAL_BENCHMARK_FREEZE/H14-6/RUN01/operations.csv
H14-6_W16-16,14,6,16,16,HEIGHT,verify,66,2759203,2.759203000,1,4963,64,6478,RPI5_Heterogeneous_XMSSMT_2026-09-18/08_height_heterogeneity/FINAL_BENCHMARK_FREEZE/H14-6/RUN01/operations.csv
H14-6_W16-16,14,6,16,16,HEIGHT,sign,67,20509667,20.509667000,,4963,64,6478,RPI5_Heterogeneous_XMSSMT_2026-09-18/08_height_heterogeneity/FINAL_BENCHMARK_FREEZE/H14-6/RUN01/operations.csv
H14-6_W16-16,14,6,16,16,HEIGHT,verify,67,2789944,2.789944000,1,4963,64,6478,RPI5_Heterogeneous_XMSSMT_2026-09-18/08_height_heterogeneity/FINAL_BENCHMARK_FREEZE/H14-6/RUN01/operations.csv
H14-6_W16-16,14,6,16,16,HEIGHT,sign,68,22966833,22.966833000,,4963,64,6478,RPI5_Heterogeneous_XMSSMT_2026-09-18/08_height_heterogeneity/FINAL_BENCHMARK_FREEZE/H14-6/RUN01/operations.csv
H14-6_W16-16,14,6,16,16,HEIGHT,verify,68,2760370,2.760370000,1,4963,64,6478,RPI5_Heterogeneous_XMSSMT_2026-09-18/08_height_heterogeneity/FINAL_BENCHMARK_FREEZE/H14-6/RUN01/operations.csv
H14-6_W16-16,14,6,16,16,HEIGHT,sign,69,20594500,20.594500000,,4963,64,6478,RPI5_Heterogeneous_XMSSMT_2026-09-18/08_height_heterogeneity/FINAL_BENCHMARK_FREEZE/H14-6/RUN01/operations.csv
H14-6_W16-16,14,6,16,16,HEIGHT,verify,69,2694426,2.694426000,1,4963,64,6478,RPI5_Heterogeneous_XMSSMT_2026-09-18/08_height_heterogeneity/FINAL_BENCHMARK_FREEZE/H14-6/RUN01/operations.csv
H14-6_W16-16,14,6,16,16,HEIGHT,sign,70,22984296,22.984296000,,4963,64,6478,RPI5_Heterogeneous_XMSSMT_2026-09-18/08_height_heterogeneity/FINAL_BENCHMARK_FREEZE/H14-6/RUN01/operations.csv
H14-6_W16-16,14,6,16,16,HEIGHT,verify,70,2728055,2.728055000,1,4963,64,6478,RPI5_Heterogeneous_XMSSMT_2026-09-18/08_height_heterogeneity/FINAL_BENCHMARK_FREEZE/H14-6/RUN01/operations.csv
H14-6_W16-16,14,6,16,16,HEIGHT,sign,71,20561408,20.561408000,,4963,64,6478,RPI5_Heterogeneous_XMSSMT_2026-09-18/08_height_heterogeneity/FINAL_BENCHMARK_FREEZE/H14-6/RUN01/operations.csv
H14-6_W16-16,14,6,16,16,HEIGHT,verify,71,2728463,2.728463000,1,4963,64,6478,RPI5_Heterogeneous_XMSSMT_2026-09-18/08_height_heterogeneity/FINAL_BENCHMARK_FREEZE/H14-6/RUN01/operations.csv
H14-6_W16-16,14,6,16,16,HEIGHT,sign,72,23064574,23.064574000,,4963,64,6478,RPI5_Heterogeneous_XMSSMT_2026-09-18/08_height_heterogeneity/FINAL_BENCHMARK_FREEZE/H14-6/RUN01/operations.csv
H14-6_W16-16,14,6,16,16,HEIGHT,verify,72,2693444,2.693444000,1,4963,64,6478,RPI5_Heterogeneous_XMSSMT_2026-09-18/08_height_heterogeneity/FINAL_BENCHMARK_FREEZE/H14-6/RUN01/operations.csv
H14-6_W16-16,14,6,16,16,HEIGHT,sign,73,18198648,18.198648000,,4963,64,6478,RPI5_Heterogeneous_XMSSMT_2026-09-18/08_height_heterogeneity/FINAL_BENCHMARK_FREEZE/H14-6/RUN01/operations.csv
H14-6_W16-16,14,6,16,16,HEIGHT,verify,73,2694352,2.694352000,1,4963,64,6478,RPI5_Heterogeneous_XMSSMT_2026-09-18/08_height_heterogeneity/FINAL_BENCHMARK_FREEZE/H14-6/RUN01/operations.csv
H14-6_W16-16,14,6,16,16,HEIGHT,sign,74,5995852,5.995852000,,4963,64,6478,RPI5_Heterogeneous_XMSSMT_2026-09-18/08_height_heterogeneity/FINAL_BENCHMARK_FREEZE/H14-6/RUN01/operations.csv
H14-6_W16-16,14,6,16,16,HEIGHT,verify,74,2762222,2.762222000,1,4963,64,6478,RPI5_Heterogeneous_XMSSMT_2026-09-18/08_height_heterogeneity/FINAL_BENCHMARK_FREEZE/H14-6/RUN01/operations.csv
H14-6_W16-16,14,6,16,16,HEIGHT,sign,75,10934833,10.934833000,,4963,64,6478,RPI5_Heterogeneous_XMSSMT_2026-09-18/08_height_heterogeneity/FINAL_BENCHMARK_FREEZE/H14-6/RUN01/operations.csv
H14-6_W16-16,14,6,16,16,HEIGHT,verify,75,2690481,2.690481000,1,4963,64,6478,RPI5_Heterogeneous_XMSSMT_2026-09-18/08_height_heterogeneity/FINAL_BENCHMARK_FREEZE/H14-6/RUN01/operations.csv
H14-6_W16-16,14,6,16,16,HEIGHT,sign,76,5936130,5.936130000,,4963,64,6478,RPI5_Heterogeneous_XMSSMT_2026-09-18/08_height_heterogeneity/FINAL_BENCHMARK_FREEZE/H14-6/RUN01/operations.csv
H14-6_W16-16,14,6,16,16,HEIGHT,verify,76,2818871,2.818871000,1,4963,64,6478,RPI5_Heterogeneous_XMSSMT_2026-09-18/08_height_heterogeneity/FINAL_BENCHMARK_FREEZE/H14-6/RUN01/operations.csv
H14-6_W16-16,14,6,16,16,HEIGHT,sign,77,5968592,5.968592000,,4963,64,6478,RPI5_Heterogeneous_XMSSMT_2026-09-18/08_height_heterogeneity/FINAL_BENCHMARK_FREEZE/H14-6/RUN01/operations.csv
H14-6_W16-16,14,6,16,16,HEIGHT,verify,77,2799944,2.799944000,1,4963,64,6478,RPI5_Heterogeneous_XMSSMT_2026-09-18/08_height_heterogeneity/FINAL_BENCHMARK_FREEZE/H14-6/RUN01/operations.csv
H14-6_W16-16,14,6,16,16,HEIGHT,sign,78,6065463,6.065463000,,4963,64,6478,RPI5_Heterogeneous_XMSSMT_2026-09-18/08_height_heterogeneity/FINAL_BENCHMARK_FREEZE/H14-6/RUN01/operations.csv
H14-6_W16-16,14,6,16,16,HEIGHT,verify,78,2694555,2.694555000,1,4963,64,6478,RPI5_Heterogeneous_XMSSMT_2026-09-18/08_height_heterogeneity/FINAL_BENCHMARK_FREEZE/H14-6/RUN01/operations.csv
H14-6_W16-16,14,6,16,16,HEIGHT,sign,79,20654426,20.654426000,,4963,64,6478,RPI5_Heterogeneous_XMSSMT_2026-09-18/08_height_heterogeneity/FINAL_BENCHMARK_FREEZE/H14-6/RUN01/operations.csv
H14-6_W16-16,14,6,16,16,HEIGHT,verify,79,2666037,2.666037000,1,4963,64,6478,RPI5_Heterogeneous_XMSSMT_2026-09-18/08_height_heterogeneity/FINAL_BENCHMARK_FREEZE/H14-6/RUN01/operations.csv
H14-6_W16-16,14,6,16,16,HEIGHT,sign,80,22951833,22.951833000,,4963,64,6478,RPI5_Heterogeneous_XMSSMT_2026-09-18/08_height_heterogeneity/FINAL_BENCHMARK_FREEZE/H14-6/RUN01/operations.csv
H14-6_W16-16,14,6,16,16,HEIGHT,verify,80,2760685,2.760685000,1,4963,64,6478,RPI5_Heterogeneous_XMSSMT_2026-09-18/08_height_heterogeneity/FINAL_BENCHMARK_FREEZE/H14-6/RUN01/operations.csv
H14-6_W16-16,14,6,16,16,HEIGHT,sign,81,8528759,8.528759000,,4963,64,6478,RPI5_Heterogeneous_XMSSMT_2026-09-18/08_height_heterogeneity/FINAL_BENCHMARK_FREEZE/H14-6/RUN01/operations.csv
H14-6_W16-16,14,6,16,16,HEIGHT,verify,81,2662241,2.662241000,1,4963,64,6478,RPI5_Heterogeneous_XMSSMT_2026-09-18/08_height_heterogeneity/FINAL_BENCHMARK_FREEZE/H14-6/RUN01/operations.csv
H14-6_W16-16,14,6,16,16,HEIGHT,sign,82,5870333,5.870333000,,4963,64,6478,RPI5_Heterogeneous_XMSSMT_2026-09-18/08_height_heterogeneity/FINAL_BENCHMARK_FREEZE/H14-6/RUN01/operations.csv
H14-6_W16-16,14,6,16,16,HEIGHT,verify,82,2893352,2.893352000,1,4963,64,6478,RPI5_Heterogeneous_XMSSMT_2026-09-18/08_height_heterogeneity/FINAL_BENCHMARK_FREEZE/H14-6/RUN01/operations.csv
H14-6_W16-16,14,6,16,16,HEIGHT,sign,83,10852889,10.852889000,,4963,64,6478,RPI5_Heterogeneous_XMSSMT_2026-09-18/08_height_heterogeneity/FINAL_BENCHMARK_FREEZE/H14-6/RUN01/operations.csv
H14-6_W16-16,14,6,16,16,HEIGHT,verify,83,2759630,2.759630000,1,4963,64,6478,RPI5_Heterogeneous_XMSSMT_2026-09-18/08_height_heterogeneity/FINAL_BENCHMARK_FREEZE/H14-6/RUN01/operations.csv
H14-6_W16-16,14,6,16,16,HEIGHT,sign,84,6034315,6.034315000,,4963,64,6478,RPI5_Heterogeneous_XMSSMT_2026-09-18/08_height_heterogeneity/FINAL_BENCHMARK_FREEZE/H14-6/RUN01/operations.csv
H14-6_W16-16,14,6,16,16,HEIGHT,verify,84,2730481,2.730481000,1,4963,64,6478,RPI5_Heterogeneous_XMSSMT_2026-09-18/08_height_heterogeneity/FINAL_BENCHMARK_FREEZE/H14-6/RUN01/operations.csv
H14-6_W16-16,14,6,16,16,HEIGHT,sign,85,5872148,5.872148000,,4963,64,6478,RPI5_Heterogeneous_XMSSMT_2026-09-18/08_height_heterogeneity/FINAL_BENCHMARK_FREEZE/H14-6/RUN01/operations.csv
H14-6_W16-16,14,6,16,16,HEIGHT,verify,85,2889777,2.889777000,1,4963,64,6478,RPI5_Heterogeneous_XMSSMT_2026-09-18/08_height_heterogeneity/FINAL_BENCHMARK_FREEZE/H14-6/RUN01/operations.csv
H14-6_W16-16,14,6,16,16,HEIGHT,sign,86,6005240,6.005240000,,4963,64,6478,RPI5_Heterogeneous_XMSSMT_2026-09-18/08_height_heterogeneity/FINAL_BENCHMARK_FREEZE/H14-6/RUN01/operations.csv
H14-6_W16-16,14,6,16,16,HEIGHT,verify,86,2761500,2.761500000,1,4963,64,6478,RPI5_Heterogeneous_XMSSMT_2026-09-18/08_height_heterogeneity/FINAL_BENCHMARK_FREEZE/H14-6/RUN01/operations.csv
H14-6_W16-16,14,6,16,16,HEIGHT,sign,87,20646148,20.646148000,,4963,64,6478,RPI5_Heterogeneous_XMSSMT_2026-09-18/08_height_heterogeneity/FINAL_BENCHMARK_FREEZE/H14-6/RUN01/operations.csv
H14-6_W16-16,14,6,16,16,HEIGHT,verify,87,2663778,2.663778000,1,4963,64,6478,RPI5_Heterogeneous_XMSSMT_2026-09-18/08_height_heterogeneity/FINAL_BENCHMARK_FREEZE/H14-6/RUN01/operations.csv
H14-6_W16-16,14,6,16,16,HEIGHT,sign,88,5935704,5.935704000,,4963,64,6478,RPI5_Heterogeneous_XMSSMT_2026-09-18/08_height_heterogeneity/FINAL_BENCHMARK_FREEZE/H14-6/RUN01/operations.csv
H14-6_W16-16,14,6,16,16,HEIGHT,verify,88,2828112,2.828112000,1,4963,64,6478,RPI5_Heterogeneous_XMSSMT_2026-09-18/08_height_heterogeneity/FINAL_BENCHMARK_FREEZE/H14-6/RUN01/operations.csv
H14-6_W16-16,14,6,16,16,HEIGHT,sign,89,6116186,6.116186000,,4963,64,6478,RPI5_Heterogeneous_XMSSMT_2026-09-18/08_height_heterogeneity/FINAL_BENCHMARK_FREEZE/H14-6/RUN01/operations.csv
H14-6_W16-16,14,6,16,16,HEIGHT,verify,89,2664333,2.664333000,1,4963,64,6478,RPI5_Heterogeneous_XMSSMT_2026-09-18/08_height_heterogeneity/FINAL_BENCHMARK_FREEZE/H14-6/RUN01/operations.csv
H14-6_W16-16,14,6,16,16,HEIGHT,sign,90,6076408,6.076408000,,4963,64,6478,RPI5_Heterogeneous_XMSSMT_2026-09-18/08_height_heterogeneity/FINAL_BENCHMARK_FREEZE/H14-6/RUN01/operations.csv
H14-6_W16-16,14,6,16,16,HEIGHT,verify,90,2692667,2.692667000,1,4963,64,6478,RPI5_Heterogeneous_XMSSMT_2026-09-18/08_height_heterogeneity/FINAL_BENCHMARK_FREEZE/H14-6/RUN01/operations.csv
H14-6_W16-16,14,6,16,16,HEIGHT,sign,91,10727482,10.727482000,,4963,64,6478,RPI5_Heterogeneous_XMSSMT_2026-09-18/08_height_heterogeneity/FINAL_BENCHMARK_FREEZE/H14-6/RUN01/operations.csv
H14-6_W16-16,14,6,16,16,HEIGHT,verify,91,2890352,2.890352000,1,4963,64,6478,RPI5_Heterogeneous_XMSSMT_2026-09-18/08_height_heterogeneity/FINAL_BENCHMARK_FREEZE/H14-6/RUN01/operations.csv
H14-6_W16-16,14,6,16,16,HEIGHT,sign,92,5968741,5.968741000,,4963,64,6478,RPI5_Heterogeneous_XMSSMT_2026-09-18/08_height_heterogeneity/FINAL_BENCHMARK_FREEZE/H14-6/RUN01/operations.csv
H14-6_W16-16,14,6,16,16,HEIGHT,verify,92,2792926,2.792926000,1,4963,64,6478,RPI5_Heterogeneous_XMSSMT_2026-09-18/08_height_heterogeneity/FINAL_BENCHMARK_FREEZE/H14-6/RUN01/operations.csv
H14-6_W16-16,14,6,16,16,HEIGHT,sign,93,6078371,6.078371000,,4963,64,6478,RPI5_Heterogeneous_XMSSMT_2026-09-18/08_height_heterogeneity/FINAL_BENCHMARK_FREEZE/H14-6/RUN01/operations.csv
H14-6_W16-16,14,6,16,16,HEIGHT,verify,93,2693537,2.693537000,1,4963,64,6478,RPI5_Heterogeneous_XMSSMT_2026-09-18/08_height_heterogeneity/FINAL_BENCHMARK_FREEZE/H14-6/RUN01/operations.csv
H14-6_W16-16,14,6,16,16,HEIGHT,sign,94,6115778,6.115778000,,4963,64,6478,RPI5_Heterogeneous_XMSSMT_2026-09-18/08_height_heterogeneity/FINAL_BENCHMARK_FREEZE/H14-6/RUN01/operations.csv
H14-6_W16-16,14,6,16,16,HEIGHT,verify,94,2661574,2.661574000,1,4963,64,6478,RPI5_Heterogeneous_XMSSMT_2026-09-18/08_height_heterogeneity/FINAL_BENCHMARK_FREEZE/H14-6/RUN01/operations.csv
H14-6_W16-16,14,6,16,16,HEIGHT,sign,95,20579370,20.579370000,,4963,64,6478,RPI5_Heterogeneous_XMSSMT_2026-09-18/08_height_heterogeneity/FINAL_BENCHMARK_FREEZE/H14-6/RUN01/operations.csv
H14-6_W16-16,14,6,16,16,HEIGHT,verify,95,2721722,2.721722000,1,4963,64,6478,RPI5_Heterogeneous_XMSSMT_2026-09-18/08_height_heterogeneity/FINAL_BENCHMARK_FREEZE/H14-6/RUN01/operations.csv
H14-6_W16-16,14,6,16,16,HEIGHT,sign,96,22965111,22.965111000,,4963,64,6478,RPI5_Heterogeneous_XMSSMT_2026-09-18/08_height_heterogeneity/FINAL_BENCHMARK_FREEZE/H14-6/RUN01/operations.csv
H14-6_W16-16,14,6,16,16,HEIGHT,verify,96,2757129,2.757129000,1,4963,64,6478,RPI5_Heterogeneous_XMSSMT_2026-09-18/08_height_heterogeneity/FINAL_BENCHMARK_FREEZE/H14-6/RUN01/operations.csv
H14-6_W16-16,14,6,16,16,HEIGHT,sign,97,20588519,20.588519000,,4963,64,6478,RPI5_Heterogeneous_XMSSMT_2026-09-18/08_height_heterogeneity/FINAL_BENCHMARK_FREEZE/H14-6/RUN01/operations.csv
H14-6_W16-16,14,6,16,16,HEIGHT,verify,97,2691685,2.691685000,1,4963,64,6478,RPI5_Heterogeneous_XMSSMT_2026-09-18/08_height_heterogeneity/FINAL_BENCHMARK_FREEZE/H14-6/RUN01/operations.csv
H14-6_W16-16,14,6,16,16,HEIGHT,sign,98,22915463,22.915463000,,4963,64,6478,RPI5_Heterogeneous_XMSSMT_2026-09-18/08_height_heterogeneity/FINAL_BENCHMARK_FREEZE/H14-6/RUN01/operations.csv
H14-6_W16-16,14,6,16,16,HEIGHT,verify,98,2788649,2.788649000,1,4963,64,6478,RPI5_Heterogeneous_XMSSMT_2026-09-18/08_height_heterogeneity/FINAL_BENCHMARK_FREEZE/H14-6/RUN01/operations.csv
H14-6_W16-16,14,6,16,16,HEIGHT,sign,99,20556167,20.556167000,,4963,64,6478,RPI5_Heterogeneous_XMSSMT_2026-09-18/08_height_heterogeneity/FINAL_BENCHMARK_FREEZE/H14-6/RUN01/operations.csv
H14-6_W16-16,14,6,16,16,HEIGHT,verify,99,2758315,2.758315000,1,4963,64,6478,RPI5_Heterogeneous_XMSSMT_2026-09-18/08_height_heterogeneity/FINAL_BENCHMARK_FREEZE/H14-6/RUN01/operations.csv
H14-6_W4-16,14,6,4,16,JOINT,keygen,0,22112495617,22112.495617000,,7075,64,6478,RPI5_Heterogeneous_XMSSMT_2026-09-18/09_joint_parameter_search/02_benchmark/H14-6_W4-16/RUN01/operations.csv
H14-6_W4-16,14,6,4,16,JOINT,keygen,1,22111541134,22111.541134000,,7075,64,6478,RPI5_Heterogeneous_XMSSMT_2026-09-18/09_joint_parameter_search/02_benchmark/H14-6_W4-16/RUN01/operations.csv
H14-6_W4-16,14,6,4,16,JOINT,keygen,2,22107609468,22107.609468000,,7075,64,6478,RPI5_Heterogeneous_XMSSMT_2026-09-18/09_joint_parameter_search/02_benchmark/H14-6_W4-16/RUN01/operations.csv
H14-6_W4-16,14,6,4,16,JOINT,keygen,3,22111042505,22111.042505000,,7075,64,6478,RPI5_Heterogeneous_XMSSMT_2026-09-18/09_joint_parameter_search/02_benchmark/H14-6_W4-16/RUN01/operations.csv
H14-6_W4-16,14,6,4,16,JOINT,keygen,4,22108402024,22108.402024000,,7075,64,6478,RPI5_Heterogeneous_XMSSMT_2026-09-18/09_joint_parameter_search/02_benchmark/H14-6_W4-16/RUN01/operations.csv
H14-6_W4-16,14,6,4,16,JOINT,keygen,5,22087684672,22087.684672000,,7075,64,6478,RPI5_Heterogeneous_XMSSMT_2026-09-18/09_joint_parameter_search/02_benchmark/H14-6_W4-16/RUN01/operations.csv
H14-6_W4-16,14,6,4,16,JOINT,keygen,6,22091593172,22091.593172000,,7075,64,6478,RPI5_Heterogeneous_XMSSMT_2026-09-18/09_joint_parameter_search/02_benchmark/H14-6_W4-16/RUN01/operations.csv
H14-6_W4-16,14,6,4,16,JOINT,keygen,7,22089758228,22089.758228000,,7075,64,6478,RPI5_Heterogeneous_XMSSMT_2026-09-18/09_joint_parameter_search/02_benchmark/H14-6_W4-16/RUN01/operations.csv
H14-6_W4-16,14,6,4,16,JOINT,keygen,8,22109218116,22109.218116000,,7075,64,6478,RPI5_Heterogeneous_XMSSMT_2026-09-18/09_joint_parameter_search/02_benchmark/H14-6_W4-16/RUN01/operations.csv
H14-6_W4-16,14,6,4,16,JOINT,keygen,9,22108865728,22108.865728000,,7075,64,6478,RPI5_Heterogeneous_XMSSMT_2026-09-18/09_joint_parameter_search/02_benchmark/H14-6_W4-16/RUN01/operations.csv
H14-6_W4-16,14,6,4,16,JOINT,sign,0,3192259,3.192259000,,7075,64,6478,RPI5_Heterogeneous_XMSSMT_2026-09-18/09_joint_parameter_search/02_benchmark/H14-6_W4-16/RUN01/operations.csv
H14-6_W4-16,14,6,4,16,JOINT,verify,0,2050018,2.050018000,1,7075,64,6478,RPI5_Heterogeneous_XMSSMT_2026-09-18/09_joint_parameter_search/02_benchmark/H14-6_W4-16/RUN01/operations.csv
H14-6_W4-16,14,6,4,16,JOINT,sign,1,3205592,3.205592000,,7075,64,6478,RPI5_Heterogeneous_XMSSMT_2026-09-18/09_joint_parameter_search/02_benchmark/H14-6_W4-16/RUN01/operations.csv
H14-6_W4-16,14,6,4,16,JOINT,verify,1,2033963,2.033963000,1,7075,64,6478,RPI5_Heterogeneous_XMSSMT_2026-09-18/09_joint_parameter_search/02_benchmark/H14-6_W4-16/RUN01/operations.csv
H14-6_W4-16,14,6,4,16,JOINT,sign,2,3187426,3.187426000,,7075,64,6478,RPI5_Heterogeneous_XMSSMT_2026-09-18/09_joint_parameter_search/02_benchmark/H14-6_W4-16/RUN01/operations.csv
H14-6_W4-16,14,6,4,16,JOINT,verify,2,2052851,2.052851000,1,7075,64,6478,RPI5_Heterogeneous_XMSSMT_2026-09-18/09_joint_parameter_search/02_benchmark/H14-6_W4-16/RUN01/operations.csv
H14-6_W4-16,14,6,4,16,JOINT,sign,3,5882111,5.882111000,,7075,64,6478,RPI5_Heterogeneous_XMSSMT_2026-09-18/09_joint_parameter_search/02_benchmark/H14-6_W4-16/RUN01/operations.csv
H14-6_W4-16,14,6,4,16,JOINT,verify,3,2041612,2.041612000,1,7075,64,6478,RPI5_Heterogeneous_XMSSMT_2026-09-18/09_joint_parameter_search/02_benchmark/H14-6_W4-16/RUN01/operations.csv
H14-6_W4-16,14,6,4,16,JOINT,sign,4,3197056,3.197056000,,7075,64,6478,RPI5_Heterogeneous_XMSSMT_2026-09-18/09_joint_parameter_search/02_benchmark/H14-6_W4-16/RUN01/operations.csv
H14-6_W4-16,14,6,4,16,JOINT,verify,4,2033593,2.033593000,1,7075,64,6478,RPI5_Heterogeneous_XMSSMT_2026-09-18/09_joint_parameter_search/02_benchmark/H14-6_W4-16/RUN01/operations.csv
H14-6_W4-16,14,6,4,16,JOINT,sign,5,3197907,3.197907000,,7075,64,6478,RPI5_Heterogeneous_XMSSMT_2026-09-18/09_joint_parameter_search/02_benchmark/H14-6_W4-16/RUN01/operations.csv
H14-6_W4-16,14,6,4,16,JOINT,verify,5,2047018,2.047018000,1,7075,64,6478,RPI5_Heterogeneous_XMSSMT_2026-09-18/09_joint_parameter_search/02_benchmark/H14-6_W4-16/RUN01/operations.csv
H14-6_W4-16,14,6,4,16,JOINT,sign,6,3182722,3.182722000,,7075,64,6478,RPI5_Heterogeneous_XMSSMT_2026-09-18/09_joint_parameter_search/02_benchmark/H14-6_W4-16/RUN01/operations.csv
H14-6_W4-16,14,6,4,16,JOINT,verify,6,2055482,2.055482000,1,7075,64,6478,RPI5_Heterogeneous_XMSSMT_2026-09-18/09_joint_parameter_search/02_benchmark/H14-6_W4-16/RUN01/operations.csv
H14-6_W4-16,14,6,4,16,JOINT,sign,7,11236278,11.236278000,,7075,64,6478,RPI5_Heterogeneous_XMSSMT_2026-09-18/09_joint_parameter_search/02_benchmark/H14-6_W4-16/RUN01/operations.csv
H14-6_W4-16,14,6,4,16,JOINT,verify,7,2055982,2.055982000,1,7075,64,6478,RPI5_Heterogeneous_XMSSMT_2026-09-18/09_joint_parameter_search/02_benchmark/H14-6_W4-16/RUN01/operations.csv
H14-6_W4-16,14,6,4,16,JOINT,sign,8,3198148,3.198148000,,7075,64,6478,RPI5_Heterogeneous_XMSSMT_2026-09-18/09_joint_parameter_search/02_benchmark/H14-6_W4-16/RUN01/operations.csv
H14-6_W4-16,14,6,4,16,JOINT,verify,8,2032908,2.032908000,1,7075,64,6478,RPI5_Heterogeneous_XMSSMT_2026-09-18/09_joint_parameter_search/02_benchmark/H14-6_W4-16/RUN01/operations.csv
H14-6_W4-16,14,6,4,16,JOINT,sign,9,3183407,3.183407000,,7075,64,6478,RPI5_Heterogeneous_XMSSMT_2026-09-18/09_joint_parameter_search/02_benchmark/H14-6_W4-16/RUN01/operations.csv
H14-6_W4-16,14,6,4,16,JOINT,verify,9,2057537,2.057537000,1,7075,64,6478,RPI5_Heterogeneous_XMSSMT_2026-09-18/09_joint_parameter_search/02_benchmark/H14-6_W4-16/RUN01/operations.csv
H14-6_W4-16,14,6,4,16,JOINT,sign,10,3150352,3.150352000,,7075,64,6478,RPI5_Heterogeneous_XMSSMT_2026-09-18/09_joint_parameter_search/02_benchmark/H14-6_W4-16/RUN01/operations.csv
H14-6_W4-16,14,6,4,16,JOINT,verify,10,2079111,2.079111000,1,7075,64,6478,RPI5_Heterogeneous_XMSSMT_2026-09-18/09_joint_parameter_search/02_benchmark/H14-6_W4-16/RUN01/operations.csv
H14-6_W4-16,14,6,4,16,JOINT,sign,11,5869315,5.869315000,,7075,64,6478,RPI5_Heterogeneous_XMSSMT_2026-09-18/09_joint_parameter_search/02_benchmark/H14-6_W4-16/RUN01/operations.csv
H14-6_W4-16,14,6,4,16,JOINT,verify,11,2049240,2.049240000,1,7075,64,6478,RPI5_Heterogeneous_XMSSMT_2026-09-18/09_joint_parameter_search/02_benchmark/H14-6_W4-16/RUN01/operations.csv
H14-6_W4-16,14,6,4,16,JOINT,sign,12,3168722,3.168722000,,7075,64,6478,RPI5_Heterogeneous_XMSSMT_2026-09-18/09_joint_parameter_search/02_benchmark/H14-6_W4-16/RUN01/operations.csv
H14-6_W4-16,14,6,4,16,JOINT,verify,12,2065685,2.065685000,1,7075,64,6478,RPI5_Heterogeneous_XMSSMT_2026-09-18/09_joint_parameter_search/02_benchmark/H14-6_W4-16/RUN01/operations.csv
H14-6_W4-16,14,6,4,16,JOINT,sign,13,3199704,3.199704000,,7075,64,6478,RPI5_Heterogeneous_XMSSMT_2026-09-18/09_joint_parameter_search/02_benchmark/H14-6_W4-16/RUN01/operations.csv
H14-6_W4-16,14,6,4,16,JOINT,verify,13,2043000,2.043000000,1,7075,64,6478,RPI5_Heterogeneous_XMSSMT_2026-09-18/09_joint_parameter_search/02_benchmark/H14-6_W4-16/RUN01/operations.csv
H14-6_W4-16,14,6,4,16,JOINT,sign,14,3213148,3.213148000,,7075,64,6478,RPI5_Heterogeneous_XMSSMT_2026-09-18/09_joint_parameter_search/02_benchmark/H14-6_W4-16/RUN01/operations.csv
H14-6_W4-16,14,6,4,16,JOINT,verify,14,2020815,2.020815000,1,7075,64,6478,RPI5_Heterogeneous_XMSSMT_2026-09-18/09_joint_parameter_search/02_benchmark/H14-6_W4-16/RUN01/operations.csv
H14-6_W4-16,14,6,4,16,JOINT,sign,15,11294648,11.294648000,,7075,64,6478,RPI5_Heterogeneous_XMSSMT_2026-09-18/09_joint_parameter_search/02_benchmark/H14-6_W4-16/RUN01/operations.csv
H14-6_W4-16,14,6,4,16,JOINT,verify,15,1996296,1.996296000,1,7075,64,6478,RPI5_Heterogeneous_XMSSMT_2026-09-18/09_joint_parameter_search/02_benchmark/H14-6_W4-16/RUN01/operations.csv
H14-6_W4-16,14,6,4,16,JOINT,sign,16,12611926,12.611926000,,7075,64,6478,RPI5_Heterogeneous_XMSSMT_2026-09-18/09_joint_parameter_search/02_benchmark/H14-6_W4-16/RUN01/operations.csv
H14-6_W4-16,14,6,4,16,JOINT,verify,16,2051889,2.051889000,1,7075,64,6478,RPI5_Heterogeneous_XMSSMT_2026-09-18/09_joint_parameter_search/02_benchmark/H14-6_W4-16/RUN01/operations.csv
H14-6_W4-16,14,6,4,16,JOINT,sign,17,4547888,4.547888000,,7075,64,6478,RPI5_Heterogeneous_XMSSMT_2026-09-18/09_joint_parameter_search/02_benchmark/H14-6_W4-16/RUN01/operations.csv
H14-6_W4-16,14,6,4,16,JOINT,verify,17,2039648,2.039648000,1,7075,64,6478,RPI5_Heterogeneous_XMSSMT_2026-09-18/09_joint_parameter_search/02_benchmark/H14-6_W4-16/RUN01/operations.csv
H14-6_W4-16,14,6,4,16,JOINT,sign,18,3219370,3.219370000,,7075,64,6478,RPI5_Heterogeneous_XMSSMT_2026-09-18/09_joint_parameter_search/02_benchmark/H14-6_W4-16/RUN01/operations.csv
H14-6_W4-16,14,6,4,16,JOINT,verify,18,2020778,2.020778000,1,7075,64,6478,RPI5_Heterogeneous_XMSSMT_2026-09-18/09_joint_parameter_search/02_benchmark/H14-6_W4-16/RUN01/operations.csv
H14-6_W4-16,14,6,4,16,JOINT,sign,19,5925630,5.925630000,,7075,64,6478,RPI5_Heterogeneous_XMSSMT_2026-09-18/09_joint_parameter_search/02_benchmark/H14-6_W4-16/RUN01/operations.csv
H14-6_W4-16,14,6,4,16,JOINT,verify,19,1997814,1.997814000,1,7075,64,6478,RPI5_Heterogeneous_XMSSMT_2026-09-18/09_joint_parameter_search/02_benchmark/H14-6_W4-16/RUN01/operations.csv
H14-6_W4-16,14,6,4,16,JOINT,sign,20,3215611,3.215611000,,7075,64,6478,RPI5_Heterogeneous_XMSSMT_2026-09-18/09_joint_parameter_search/02_benchmark/H14-6_W4-16/RUN01/operations.csv
H14-6_W4-16,14,6,4,16,JOINT,verify,20,2013852,2.013852000,1,7075,64,6478,RPI5_Heterogeneous_XMSSMT_2026-09-18/09_joint_parameter_search/02_benchmark/H14-6_W4-16/RUN01/operations.csv
H14-6_W4-16,14,6,4,16,JOINT,sign,21,3166630,3.166630000,,7075,64,6478,RPI5_Heterogeneous_XMSSMT_2026-09-18/09_joint_parameter_search/02_benchmark/H14-6_W4-16/RUN01/operations.csv
H14-6_W4-16,14,6,4,16,JOINT,verify,21,2071555,2.071555000,1,7075,64,6478,RPI5_Heterogeneous_XMSSMT_2026-09-18/09_joint_parameter_search/02_benchmark/H14-6_W4-16/RUN01/operations.csv
H14-6_W4-16,14,6,4,16,JOINT,sign,22,3214704,3.214704000,,7075,64,6478,RPI5_Heterogeneous_XMSSMT_2026-09-18/09_joint_parameter_search/02_benchmark/H14-6_W4-16/RUN01/operations.csv
H14-6_W4-16,14,6,4,16,JOINT,verify,22,2016055,2.016055000,1,7075,64,6478,RPI5_Heterogeneous_XMSSMT_2026-09-18/09_joint_parameter_search/02_benchmark/H14-6_W4-16/RUN01/operations.csv
H14-6_W4-16,14,6,4,16,JOINT,sign,23,11204537,11.204537000,,7075,64,6478,RPI5_Heterogeneous_XMSSMT_2026-09-18/09_joint_parameter_search/02_benchmark/H14-6_W4-16/RUN01/operations.csv
H14-6_W4-16,14,6,4,16,JOINT,verify,23,2072074,2.072074000,1,7075,64,6478,RPI5_Heterogeneous_XMSSMT_2026-09-18/09_joint_parameter_search/02_benchmark/H14-6_W4-16/RUN01/operations.csv
H14-6_W4-16,14,6,4,16,JOINT,sign,24,3233537,3.233537000,,7075,64,6478,RPI5_Heterogeneous_XMSSMT_2026-09-18/09_joint_parameter_search/02_benchmark/H14-6_W4-16/RUN01/operations.csv
H14-6_W4-16,14,6,4,16,JOINT,verify,24,1993667,1.993667000,1,7075,64,6478,RPI5_Heterogeneous_XMSSMT_2026-09-18/09_joint_parameter_search/02_benchmark/H14-6_W4-16/RUN01/operations.csv
H14-6_W4-16,14,6,4,16,JOINT,sign,25,3210925,3.210925000,,7075,64,6478,RPI5_Heterogeneous_XMSSMT_2026-09-18/09_joint_parameter_search/02_benchmark/H14-6_W4-16/RUN01/operations.csv
H14-6_W4-16,14,6,4,16,JOINT,verify,25,2035685,2.035685000,1,7075,64,6478,RPI5_Heterogeneous_XMSSMT_2026-09-18/09_joint_parameter_search/02_benchmark/H14-6_W4-16/RUN01/operations.csv
H14-6_W4-16,14,6,4,16,JOINT,sign,26,3157889,3.157889000,,7075,64,6478,RPI5_Heterogeneous_XMSSMT_2026-09-18/09_joint_parameter_search/02_benchmark/H14-6_W4-16/RUN01/operations.csv
H14-6_W4-16,14,6,4,16,JOINT,verify,26,2064166,2.064166000,1,7075,64,6478,RPI5_Heterogeneous_XMSSMT_2026-09-18/09_joint_parameter_search/02_benchmark/H14-6_W4-16/RUN01/operations.csv
H14-6_W4-16,14,6,4,16,JOINT,sign,27,5864592,5.864592000,,7075,64,6478,RPI5_Heterogeneous_XMSSMT_2026-09-18/09_joint_parameter_search/02_benchmark/H14-6_W4-16/RUN01/operations.csv
H14-6_W4-16,14,6,4,16,JOINT,verify,27,2045018,2.045018000,1,7075,64,6478,RPI5_Heterogeneous_XMSSMT_2026-09-18/09_joint_parameter_search/02_benchmark/H14-6_W4-16/RUN01/operations.csv
H14-6_W4-16,14,6,4,16,JOINT,sign,28,3215185,3.215185000,,7075,64,6478,RPI5_Heterogeneous_XMSSMT_2026-09-18/09_joint_parameter_search/02_benchmark/H14-6_W4-16/RUN01/operations.csv
H14-6_W4-16,14,6,4,16,JOINT,verify,28,2012685,2.012685000,1,7075,64,6478,RPI5_Heterogeneous_XMSSMT_2026-09-18/09_joint_parameter_search/02_benchmark/H14-6_W4-16/RUN01/operations.csv
H14-6_W4-16,14,6,4,16,JOINT,sign,29,3218222,3.218222000,,7075,64,6478,RPI5_Heterogeneous_XMSSMT_2026-09-18/09_joint_parameter_search/02_benchmark/H14-6_W4-16/RUN01/operations.csv
H14-6_W4-16,14,6,4,16,JOINT,verify,29,2013037,2.013037000,1,7075,64,6478,RPI5_Heterogeneous_XMSSMT_2026-09-18/09_joint_parameter_search/02_benchmark/H14-6_W4-16/RUN01/operations.csv
H14-6_W4-16,14,6,4,16,JOINT,sign,30,3140037,3.140037000,,7075,64,6478,RPI5_Heterogeneous_XMSSMT_2026-09-18/09_joint_parameter_search/02_benchmark/H14-6_W4-16/RUN01/operations.csv
H14-6_W4-16,14,6,4,16,JOINT,verify,30,2086871,2.086871000,1,7075,64,6478,RPI5_Heterogeneous_XMSSMT_2026-09-18/09_joint_parameter_search/02_benchmark/H14-6_W4-16/RUN01/operations.csv
H14-6_W4-16,14,6,4,16,JOINT,sign,31,11234259,11.234259000,,7075,64,6478,RPI5_Heterogeneous_XMSSMT_2026-09-18/09_joint_parameter_search/02_benchmark/H14-6_W4-16/RUN01/operations.csv
H14-6_W4-16,14,6,4,16,JOINT,verify,31,2043222,2.043222000,1,7075,64,6478,RPI5_Heterogeneous_XMSSMT_2026-09-18/09_joint_parameter_search/02_benchmark/H14-6_W4-16/RUN01/operations.csv
H14-6_W4-16,14,6,4,16,JOINT,sign,32,12582741,12.582741000,,7075,64,6478,RPI5_Heterogeneous_XMSSMT_2026-09-18/09_joint_parameter_search/02_benchmark/H14-6_W4-16/RUN01/operations.csv
H14-6_W4-16,14,6,4,16,JOINT,verify,32,2009074,2.009074000,1,7075,64,6478,RPI5_Heterogeneous_XMSSMT_2026-09-18/09_joint_parameter_search/02_benchmark/H14-6_W4-16/RUN01/operations.csv
H14-6_W4-16,14,6,4,16,JOINT,sign,33,11251352,11.251352000,,7075,64,6478,RPI5_Heterogeneous_XMSSMT_2026-09-18/09_joint_parameter_search/02_benchmark/H14-6_W4-16/RUN01/operations.csv
H14-6_W4-16,14,6,4,16,JOINT,verify,33,2029815,2.029815000,1,7075,64,6478,RPI5_Heterogeneous_XMSSMT_2026-09-18/09_joint_parameter_search/02_benchmark/H14-6_W4-16/RUN01/operations.csv
H14-6_W4-16,14,6,4,16,JOINT,sign,34,12549741,12.549741000,,7075,64,6478,RPI5_Heterogeneous_XMSSMT_2026-09-18/09_joint_parameter_search/02_benchmark/H14-6_W4-16/RUN01/operations.csv
H14-6_W4-16,14,6,4,16,JOINT,verify,34,2056129,2.056129000,1,7075,64,6478,RPI5_Heterogeneous_XMSSMT_2026-09-18/09_joint_parameter_search/02_benchmark/H14-6_W4-16/RUN01/operations.csv
H14-6_W4-16,14,6,4,16,JOINT,sign,35,11264389,11.264389000,,7075,64,6478,RPI5_Heterogeneous_XMSSMT_2026-09-18/09_joint_parameter_search/02_benchmark/H14-6_W4-16/RUN01/operations.csv
H14-6_W4-16,14,6,4,16,JOINT,verify,35,2005704,2.005704000,1,7075,64,6478,RPI5_Heterogeneous_XMSSMT_2026-09-18/09_joint_parameter_search/02_benchmark/H14-6_W4-16/RUN01/operations.csv
H14-6_W4-16,14,6,4,16,JOINT,sign,36,3227963,3.227963000,,7075,64,6478,RPI5_Heterogeneous_XMSSMT_2026-09-18/09_joint_parameter_search/02_benchmark/H14-6_W4-16/RUN01/operations.csv
H14-6_W4-16,14,6,4,16,JOINT,verify,36,1997907,1.997907000,1,7075,64,6478,RPI5_Heterogeneous_XMSSMT_2026-09-18/09_joint_parameter_search/02_benchmark/H14-6_W4-16/RUN01/operations.csv
H14-6_W4-16,14,6,4,16,JOINT,sign,37,3223797,3.223797000,,7075,64,6478,RPI5_Heterogeneous_XMSSMT_2026-09-18/09_joint_parameter_search/02_benchmark/H14-6_W4-16/RUN01/operations.csv
H14-6_W4-16,14,6,4,16,JOINT,verify,37,2005370,2.005370000,1,7075,64,6478,RPI5_Heterogeneous_XMSSMT_2026-09-18/09_joint_parameter_search/02_benchmark/H14-6_W4-16/RUN01/operations.csv
H14-6_W4-16,14,6,4,16,JOINT,sign,38,3191463,3.191463000,,7075,64,6478,RPI5_Heterogeneous_XMSSMT_2026-09-18/09_joint_parameter_search/02_benchmark/H14-6_W4-16/RUN01/operations.csv
H14-6_W4-16,14,6,4,16,JOINT,verify,38,2031055,2.031055000,1,7075,64,6478,RPI5_Heterogeneous_XMSSMT_2026-09-18/09_joint_parameter_search/02_benchmark/H14-6_W4-16/RUN01/operations.csv
H14-6_W4-16,14,6,4,16,JOINT,sign,39,11276574,11.276574000,,7075,64,6478,RPI5_Heterogeneous_XMSSMT_2026-09-18/09_joint_parameter_search/02_benchmark/H14-6_W4-16/RUN01/operations.csv
H14-6_W4-16,14,6,4,16,JOINT,verify,39,2005444,2.005444000,1,7075,64,6478,RPI5_Heterogeneous_XMSSMT_2026-09-18/09_joint_parameter_search/02_benchmark/H14-6_W4-16/RUN01/operations.csv
H14-6_W4-16,14,6,4,16,JOINT,sign,40,3195037,3.195037000,,7075,64,6478,RPI5_Heterogeneous_XMSSMT_2026-09-18/09_joint_parameter_search/02_benchmark/H14-6_W4-16/RUN01/operations.csv
H14-6_W4-16,14,6,4,16,JOINT,verify,40,2100445,2.100445000,1,7075,64,6478,RPI5_Heterogeneous_XMSSMT_2026-09-18/09_joint_parameter_search/02_benchmark/H14-6_W4-16/RUN01/operations.csv
H14-6_W4-16,14,6,4,16,JOINT,sign,41,3216407,3.216407000,,7075,64,6478,RPI5_Heterogeneous_XMSSMT_2026-09-18/09_joint_parameter_search/02_benchmark/H14-6_W4-16/RUN01/operations.csv
H14-6_W4-16,14,6,4,16,JOINT,verify,41,2054944,2.054944000,1,7075,64,6478,RPI5_Heterogeneous_XMSSMT_2026-09-18/09_joint_parameter_search/02_benchmark/H14-6_W4-16/RUN01/operations.csv
H14-6_W4-16,14,6,4,16,JOINT,sign,42,3247185,3.247185000,,7075,64,6478,RPI5_Heterogeneous_XMSSMT_2026-09-18/09_joint_parameter_search/02_benchmark/H14-6_W4-16/RUN01/operations.csv
H14-6_W4-16,14,6,4,16,JOINT,verify,42,1980241,1.980241000,1,7075,64,6478,RPI5_Heterogeneous_XMSSMT_2026-09-18/09_joint_parameter_search/02_benchmark/H14-6_W4-16/RUN01/operations.csv
H14-6_W4-16,14,6,4,16,JOINT,sign,43,5934352,5.934352000,,7075,64,6478,RPI5_Heterogeneous_XMSSMT_2026-09-18/09_joint_parameter_search/02_benchmark/H14-6_W4-16/RUN01/operations.csv
H14-6_W4-16,14,6,4,16,JOINT,verify,43,1981223,1.981223000,1,7075,64,6478,RPI5_Heterogeneous_XMSSMT_2026-09-18/09_joint_parameter_search/02_benchmark/H14-6_W4-16/RUN01/operations.csv
H14-6_W4-16,14,6,4,16,JOINT,sign,44,3191204,3.191204000,,7075,64,6478,RPI5_Heterogeneous_XMSSMT_2026-09-18/09_joint_parameter_search/02_benchmark/H14-6_W4-16/RUN01/operations.csv
H14-6_W4-16,14,6,4,16,JOINT,verify,44,2064166,2.064166000,1,7075,64,6478,RPI5_Heterogeneous_XMSSMT_2026-09-18/09_joint_parameter_search/02_benchmark/H14-6_W4-16/RUN01/operations.csv
H14-6_W4-16,14,6,4,16,JOINT,sign,45,3198407,3.198407000,,7075,64,6478,RPI5_Heterogeneous_XMSSMT_2026-09-18/09_joint_parameter_search/02_benchmark/H14-6_W4-16/RUN01/operations.csv
H14-6_W4-16,14,6,4,16,JOINT,verify,45,2040185,2.040185000,1,7075,64,6478,RPI5_Heterogeneous_XMSSMT_2026-09-18/09_joint_parameter_search/02_benchmark/H14-6_W4-16/RUN01/operations.csv
H14-6_W4-16,14,6,4,16,JOINT,sign,46,3221166,3.221166000,,7075,64,6478,RPI5_Heterogeneous_XMSSMT_2026-09-18/09_joint_parameter_search/02_benchmark/H14-6_W4-16/RUN01/operations.csv
H14-6_W4-16,14,6,4,16,JOINT,verify,46,2007148,2.007148000,1,7075,64,6478,RPI5_Heterogeneous_XMSSMT_2026-09-18/09_joint_parameter_search/02_benchmark/H14-6_W4-16/RUN01/operations.csv
H14-6_W4-16,14,6,4,16,JOINT,sign,47,11222315,11.222315000,,7075,64,6478,RPI5_Heterogeneous_XMSSMT_2026-09-18/09_joint_parameter_search/02_benchmark/H14-6_W4-16/RUN01/operations.csv
H14-6_W4-16,14,6,4,16,JOINT,verify,47,2046074,2.046074000,1,7075,64,6478,RPI5_Heterogeneous_XMSSMT_2026-09-18/09_joint_parameter_search/02_benchmark/H14-6_W4-16/RUN01/operations.csv
H14-6_W4-16,14,6,4,16,JOINT,sign,48,12597370,12.597370000,,7075,64,6478,RPI5_Heterogeneous_XMSSMT_2026-09-18/09_joint_parameter_search/02_benchmark/H14-6_W4-16/RUN01/operations.csv
H14-6_W4-16,14,6,4,16,JOINT,verify,48,2000537,2.000537000,1,7075,64,6478,RPI5_Heterogeneous_XMSSMT_2026-09-18/09_joint_parameter_search/02_benchmark/H14-6_W4-16/RUN01/operations.csv
H14-6_W4-16,14,6,4,16,JOINT,sign,49,4598315,4.598315000,,7075,64,6478,RPI5_Heterogeneous_XMSSMT_2026-09-18/09_joint_parameter_search/02_benchmark/H14-6_W4-16/RUN01/operations.csv
H14-6_W4-16,14,6,4,16,JOINT,verify,49,1984926,1.984926000,1,7075,64,6478,RPI5_Heterogeneous_XMSSMT_2026-09-18/09_joint_parameter_search/02_benchmark/H14-6_W4-16/RUN01/operations.csv
H14-6_W4-16,14,6,4,16,JOINT,sign,50,3180833,3.180833000,,7075,64,6478,RPI5_Heterogeneous_XMSSMT_2026-09-18/09_joint_parameter_search/02_benchmark/H14-6_W4-16/RUN01/operations.csv
H14-6_W4-16,14,6,4,16,JOINT,verify,50,2045944,2.045944000,1,7075,64,6478,RPI5_Heterogeneous_XMSSMT_2026-09-18/09_joint_parameter_search/02_benchmark/H14-6_W4-16/RUN01/operations.csv
H14-6_W4-16,14,6,4,16,JOINT,sign,51,5905370,5.905370000,,7075,64,6478,RPI5_Heterogeneous_XMSSMT_2026-09-18/09_joint_parameter_search/02_benchmark/H14-6_W4-16/RUN01/operations.csv
H14-6_W4-16,14,6,4,16,JOINT,verify,51,2006370,2.006370000,1,7075,64,6478,RPI5_Heterogeneous_XMSSMT_2026-09-18/09_joint_parameter_search/02_benchmark/H14-6_W4-16/RUN01/operations.csv
H14-6_W4-16,14,6,4,16,JOINT,sign,52,3188204,3.188204000,,7075,64,6478,RPI5_Heterogeneous_XMSSMT_2026-09-18/09_joint_parameter_search/02_benchmark/H14-6_W4-16/RUN01/operations.csv
H14-6_W4-16,14,6,4,16,JOINT,verify,52,2038092,2.038092000,1,7075,64,6478,RPI5_Heterogeneous_XMSSMT_2026-09-18/09_joint_parameter_search/02_benchmark/H14-6_W4-16/RUN01/operations.csv
H14-6_W4-16,14,6,4,16,JOINT,sign,53,3258223,3.258223000,,7075,64,6478,RPI5_Heterogeneous_XMSSMT_2026-09-18/09_joint_parameter_search/02_benchmark/H14-6_W4-16/RUN01/operations.csv
H14-6_W4-16,14,6,4,16,JOINT,verify,53,1976649,1.976649000,1,7075,64,6478,RPI5_Heterogeneous_XMSSMT_2026-09-18/09_joint_parameter_search/02_benchmark/H14-6_W4-16/RUN01/operations.csv
H14-6_W4-16,14,6,4,16,JOINT,sign,54,3173519,3.173519000,,7075,64,6478,RPI5_Heterogeneous_XMSSMT_2026-09-18/09_joint_parameter_search/02_benchmark/H14-6_W4-16/RUN01/operations.csv
H14-6_W4-16,14,6,4,16,JOINT,verify,54,2050741,2.050741000,1,7075,64,6478,RPI5_Heterogeneous_XMSSMT_2026-09-18/09_joint_parameter_search/02_benchmark/H14-6_W4-16/RUN01/operations.csv
H14-6_W4-16,14,6,4,16,JOINT,sign,55,11267722,11.267722000,,7075,64,6478,RPI5_Heterogeneous_XMSSMT_2026-09-18/09_joint_parameter_search/02_benchmark/H14-6_W4-16/RUN01/operations.csv
H14-6_W4-16,14,6,4,16,JOINT,verify,55,2005314,2.005314000,1,7075,64,6478,RPI5_Heterogeneous_XMSSMT_2026-09-18/09_joint_parameter_search/02_benchmark/H14-6_W4-16/RUN01/operations.csv
H14-6_W4-16,14,6,4,16,JOINT,sign,56,3177574,3.177574000,,7075,64,6478,RPI5_Heterogeneous_XMSSMT_2026-09-18/09_joint_parameter_search/02_benchmark/H14-6_W4-16/RUN01/operations.csv
H14-6_W4-16,14,6,4,16,JOINT,verify,56,2052945,2.052945000,1,7075,64,6478,RPI5_Heterogeneous_XMSSMT_2026-09-18/09_joint_parameter_search/02_benchmark/H14-6_W4-16/RUN01/operations.csv
H14-6_W4-16,14,6,4,16,JOINT,sign,57,3202166,3.202166000,,7075,64,6478,RPI5_Heterogeneous_XMSSMT_2026-09-18/09_joint_parameter_search/02_benchmark/H14-6_W4-16/RUN01/operations.csv
H14-6_W4-16,14,6,4,16,JOINT,verify,57,2035407,2.035407000,1,7075,64,6478,RPI5_Heterogeneous_XMSSMT_2026-09-18/09_joint_parameter_search/02_benchmark/H14-6_W4-16/RUN01/operations.csv
H14-6_W4-16,14,6,4,16,JOINT,sign,58,3155926,3.155926000,,7075,64,6478,RPI5_Heterogeneous_XMSSMT_2026-09-18/09_joint_parameter_search/02_benchmark/H14-6_W4-16/RUN01/operations.csv
H14-6_W4-16,14,6,4,16,JOINT,verify,58,2069167,2.069167000,1,7075,64,6478,RPI5_Heterogeneous_XMSSMT_2026-09-18/09_joint_parameter_search/02_benchmark/H14-6_W4-16/RUN01/operations.csv
H14-6_W4-16,14,6,4,16,JOINT,sign,59,5844407,5.844407000,,7075,64,6478,RPI5_Heterogeneous_XMSSMT_2026-09-18/09_joint_parameter_search/02_benchmark/H14-6_W4-16/RUN01/operations.csv
H14-6_W4-16,14,6,4,16,JOINT,verify,59,2063334,2.063334000,1,7075,64,6478,RPI5_Heterogeneous_XMSSMT_2026-09-18/09_joint_parameter_search/02_benchmark/H14-6_W4-16/RUN01/operations.csv
H14-6_W4-16,14,6,4,16,JOINT,sign,60,3226685,3.226685000,,7075,64,6478,RPI5_Heterogeneous_XMSSMT_2026-09-18/09_joint_parameter_search/02_benchmark/H14-6_W4-16/RUN01/operations.csv
H14-6_W4-16,14,6,4,16,JOINT,verify,60,2001852,2.001852000,1,7075,64,6478,RPI5_Heterogeneous_XMSSMT_2026-09-18/09_joint_parameter_search/02_benchmark/H14-6_W4-16/RUN01/operations.csv
H14-6_W4-16,14,6,4,16,JOINT,sign,61,3183519,3.183519000,,7075,64,6478,RPI5_Heterogeneous_XMSSMT_2026-09-18/09_joint_parameter_search/02_benchmark/H14-6_W4-16/RUN01/operations.csv
H14-6_W4-16,14,6,4,16,JOINT,verify,61,2044278,2.044278000,1,7075,64,6478,RPI5_Heterogeneous_XMSSMT_2026-09-18/09_joint_parameter_search/02_benchmark/H14-6_W4-16/RUN01/operations.csv
H14-6_W4-16,14,6,4,16,JOINT,sign,62,3217277,3.217277000,,7075,64,6478,RPI5_Heterogeneous_XMSSMT_2026-09-18/09_joint_parameter_search/02_benchmark/H14-6_W4-16/RUN01/operations.csv
H14-6_W4-16,14,6,4,16,JOINT,verify,62,2005685,2.005685000,1,7075,64,6478,RPI5_Heterogeneous_XMSSMT_2026-09-18/09_joint_parameter_search/02_benchmark/H14-6_W4-16/RUN01/operations.csv
H14-6_W4-16,14,6,4,16,JOINT,sign,63,11247111,11.247111000,,7075,64,6478,RPI5_Heterogeneous_XMSSMT_2026-09-18/09_joint_parameter_search/02_benchmark/H14-6_W4-16/RUN01/operations.csv
H14-6_W4-16,14,6,4,16,JOINT,verify,63,2043019,2.043019000,1,7075,64,6478,RPI5_Heterogeneous_XMSSMT_2026-09-18/09_joint_parameter_search/02_benchmark/H14-6_W4-16/RUN01/operations.csv
H14-6_W4-16,14,6,4,16,JOINT,sign,64,12581555,12.581555000,,7075,64,6478,RPI5_Heterogeneous_XMSSMT_2026-09-18/09_joint_parameter_search/02_benchmark/H14-6_W4-16/RUN01/operations.csv
H14-6_W4-16,14,6,4,16,JOINT,verify,64,2012815,2.012815000,1,7075,64,6478,RPI5_Heterogeneous_XMSSMT_2026-09-18/09_joint_parameter_search/02_benchmark/H14-6_W4-16/RUN01/operations.csv
H14-6_W4-16,14,6,4,16,JOINT,sign,65,11221426,11.221426000,,7075,64,6478,RPI5_Heterogeneous_XMSSMT_2026-09-18/09_joint_parameter_search/02_benchmark/H14-6_W4-16/RUN01/operations.csv
H14-6_W4-16,14,6,4,16,JOINT,verify,65,2045870,2.045870000,1,7075,64,6478,RPI5_Heterogeneous_XMSSMT_2026-09-18/09_joint_parameter_search/02_benchmark/H14-6_W4-16/RUN01/operations.csv
H14-6_W4-16,14,6,4,16,JOINT,sign,66,12603870,12.603870000,,7075,64,6478,RPI5_Heterogeneous_XMSSMT_2026-09-18/09_joint_parameter_search/02_benchmark/H14-6_W4-16/RUN01/operations.csv
H14-6_W4-16,14,6,4,16,JOINT,verify,66,1993537,1.993537000,1,7075,64,6478,RPI5_Heterogeneous_XMSSMT_2026-09-18/09_joint_parameter_search/02_benchmark/H14-6_W4-16/RUN01/operations.csv
H14-6_W4-16,14,6,4,16,JOINT,sign,67,11235870,11.235870000,,7075,64,6478,RPI5_Heterogeneous_XMSSMT_2026-09-18/09_joint_parameter_search/02_benchmark/H14-6_W4-16/RUN01/operations.csv
H14-6_W4-16,14,6,4,16,JOINT,verify,67,2033296,2.033296000,1,7075,64,6478,RPI5_Heterogeneous_XMSSMT_2026-09-18/09_joint_parameter_search/02_benchmark/H14-6_W4-16/RUN01/operations.csv
H14-6_W4-16,14,6,4,16,JOINT,sign,68,12620463,12.620463000,,7075,64,6478,RPI5_Heterogeneous_XMSSMT_2026-09-18/09_joint_parameter_search/02_benchmark/H14-6_W4-16/RUN01/operations.csv
H14-6_W4-16,14,6,4,16,JOINT,verify,68,1974834,1.974834000,1,7075,64,6478,RPI5_Heterogeneous_XMSSMT_2026-09-18/09_joint_parameter_search/02_benchmark/H14-6_W4-16/RUN01/operations.csv
H14-6_W4-16,14,6,4,16,JOINT,sign,69,11288463,11.288463000,,7075,64,6478,RPI5_Heterogeneous_XMSSMT_2026-09-18/09_joint_parameter_search/02_benchmark/H14-6_W4-16/RUN01/operations.csv
H14-6_W4-16,14,6,4,16,JOINT,verify,69,1979907,1.979907000,1,7075,64,6478,RPI5_Heterogeneous_XMSSMT_2026-09-18/09_joint_parameter_search/02_benchmark/H14-6_W4-16/RUN01/operations.csv
H14-6_W4-16,14,6,4,16,JOINT,sign,70,12589148,12.589148000,,7075,64,6478,RPI5_Heterogeneous_XMSSMT_2026-09-18/09_joint_parameter_search/02_benchmark/H14-6_W4-16/RUN01/operations.csv
H14-6_W4-16,14,6,4,16,JOINT,verify,70,2011741,2.011741000,1,7075,64,6478,RPI5_Heterogeneous_XMSSMT_2026-09-18/09_joint_parameter_search/02_benchmark/H14-6_W4-16/RUN01/operations.csv
H14-6_W4-16,14,6,4,16,JOINT,sign,71,11229815,11.229815000,,7075,64,6478,RPI5_Heterogeneous_XMSSMT_2026-09-18/09_joint_parameter_search/02_benchmark/H14-6_W4-16/RUN01/operations.csv
H14-6_W4-16,14,6,4,16,JOINT,verify,71,2037963,2.037963000,1,7075,64,6478,RPI5_Heterogeneous_XMSSMT_2026-09-18/09_joint_parameter_search/02_benchmark/H14-6_W4-16/RUN01/operations.csv
H14-6_W4-16,14,6,4,16,JOINT,sign,72,12584408,12.584408000,,7075,64,6478,RPI5_Heterogeneous_XMSSMT_2026-09-18/09_joint_parameter_search/02_benchmark/H14-6_W4-16/RUN01/operations.csv
H14-6_W4-16,14,6,4,16,JOINT,verify,72,2011648,2.011648000,1,7075,64,6478,RPI5_Heterogeneous_XMSSMT_2026-09-18/09_joint_parameter_search/02_benchmark/H14-6_W4-16/RUN01/operations.csv
H14-6_W4-16,14,6,4,16,JOINT,sign,73,9903537,9.903537000,,7075,64,6478,RPI5_Heterogeneous_XMSSMT_2026-09-18/09_joint_parameter_search/02_benchmark/H14-6_W4-16/RUN01/operations.csv
H14-6_W4-16,14,6,4,16,JOINT,verify,73,2033963,2.033963000,1,7075,64,6478,RPI5_Heterogeneous_XMSSMT_2026-09-18/09_joint_parameter_search/02_benchmark/H14-6_W4-16/RUN01/operations.csv
H14-6_W4-16,14,6,4,16,JOINT,sign,74,3219334,3.219334000,,7075,64,6478,RPI5_Heterogeneous_XMSSMT_2026-09-18/09_joint_parameter_search/02_benchmark/H14-6_W4-16/RUN01/operations.csv
H14-6_W4-16,14,6,4,16,JOINT,verify,74,2004723,2.004723000,1,7075,64,6478,RPI5_Heterogeneous_XMSSMT_2026-09-18/09_joint_parameter_search/02_benchmark/H14-6_W4-16/RUN01/operations.csv
H14-6_W4-16,14,6,4,16,JOINT,sign,75,5845907,5.845907000,,7075,64,6478,RPI5_Heterogeneous_XMSSMT_2026-09-18/09_joint_parameter_search/02_benchmark/H14-6_W4-16/RUN01/operations.csv
H14-6_W4-16,14,6,4,16,JOINT,verify,75,2063259,2.063259000,1,7075,64,6478,RPI5_Heterogeneous_XMSSMT_2026-09-18/09_joint_parameter_search/02_benchmark/H14-6_W4-16/RUN01/operations.csv
H14-6_W4-16,14,6,4,16,JOINT,sign,76,3212148,3.212148000,,7075,64,6478,RPI5_Heterogeneous_XMSSMT_2026-09-18/09_joint_parameter_search/02_benchmark/H14-6_W4-16/RUN01/operations.csv
H14-6_W4-16,14,6,4,16,JOINT,verify,76,2015259,2.015259000,1,7075,64,6478,RPI5_Heterogeneous_XMSSMT_2026-09-18/09_joint_parameter_search/02_benchmark/H14-6_W4-16/RUN01/operations.csv
H14-6_W4-16,14,6,4,16,JOINT,sign,77,3165426,3.165426000,,7075,64,6478,RPI5_Heterogeneous_XMSSMT_2026-09-18/09_joint_parameter_search/02_benchmark/H14-6_W4-16/RUN01/operations.csv
H14-6_W4-16,14,6,4,16,JOINT,verify,77,2065222,2.065222000,1,7075,64,6478,RPI5_Heterogeneous_XMSSMT_2026-09-18/09_joint_parameter_search/02_benchmark/H14-6_W4-16/RUN01/operations.csv
H14-6_W4-16,14,6,4,16,JOINT,sign,78,3191667,3.191667000,,7075,64,6478,RPI5_Heterogeneous_XMSSMT_2026-09-18/09_joint_parameter_search/02_benchmark/H14-6_W4-16/RUN01/operations.csv
H14-6_W4-16,14,6,4,16,JOINT,verify,78,2031055,2.031055000,1,7075,64,6478,RPI5_Heterogeneous_XMSSMT_2026-09-18/09_joint_parameter_search/02_benchmark/H14-6_W4-16/RUN01/operations.csv
H14-6_W4-16,14,6,4,16,JOINT,sign,79,11216759,11.216759000,,7075,64,6478,RPI5_Heterogeneous_XMSSMT_2026-09-18/09_joint_parameter_search/02_benchmark/H14-6_W4-16/RUN01/operations.csv
H14-6_W4-16,14,6,4,16,JOINT,verify,79,2052666,2.052666000,1,7075,64,6478,RPI5_Heterogeneous_XMSSMT_2026-09-18/09_joint_parameter_search/02_benchmark/H14-6_W4-16/RUN01/operations.csv
H14-6_W4-16,14,6,4,16,JOINT,sign,80,12557314,12.557314000,,7075,64,6478,RPI5_Heterogeneous_XMSSMT_2026-09-18/09_joint_parameter_search/02_benchmark/H14-6_W4-16/RUN01/operations.csv
H14-6_W4-16,14,6,4,16,JOINT,verify,80,2030537,2.030537000,1,7075,64,6478,RPI5_Heterogeneous_XMSSMT_2026-09-18/09_joint_parameter_search/02_benchmark/H14-6_W4-16/RUN01/operations.csv
H14-6_W4-16,14,6,4,16,JOINT,sign,81,4581056,4.581056000,,7075,64,6478,RPI5_Heterogeneous_XMSSMT_2026-09-18/09_joint_parameter_search/02_benchmark/H14-6_W4-16/RUN01/operations.csv
H14-6_W4-16,14,6,4,16,JOINT,verify,81,1995333,1.995333000,1,7075,64,6478,RPI5_Heterogeneous_XMSSMT_2026-09-18/09_joint_parameter_search/02_benchmark/H14-6_W4-16/RUN01/operations.csv
H14-6_W4-16,14,6,4,16,JOINT,sign,82,3173500,3.173500000,,7075,64,6478,RPI5_Heterogeneous_XMSSMT_2026-09-18/09_joint_parameter_search/02_benchmark/H14-6_W4-16/RUN01/operations.csv
H14-6_W4-16,14,6,4,16,JOINT,verify,82,2049556,2.049556000,1,7075,64,6478,RPI5_Heterogeneous_XMSSMT_2026-09-18/09_joint_parameter_search/02_benchmark/H14-6_W4-16/RUN01/operations.csv
H14-6_W4-16,14,6,4,16,JOINT,sign,83,5891389,5.891389000,,7075,64,6478,RPI5_Heterogeneous_XMSSMT_2026-09-18/09_joint_parameter_search/02_benchmark/H14-6_W4-16/RUN01/operations.csv
H14-6_W4-16,14,6,4,16,JOINT,verify,83,2031445,2.031445000,1,7075,64,6478,RPI5_Heterogeneous_XMSSMT_2026-09-18/09_joint_parameter_search/02_benchmark/H14-6_W4-16/RUN01/operations.csv
H14-6_W4-16,14,6,4,16,JOINT,sign,84,3161222,3.161222000,,7075,64,6478,RPI5_Heterogeneous_XMSSMT_2026-09-18/09_joint_parameter_search/02_benchmark/H14-6_W4-16/RUN01/operations.csv
H14-6_W4-16,14,6,4,16,JOINT,verify,84,2065463,2.065463000,1,7075,64,6478,RPI5_Heterogeneous_XMSSMT_2026-09-18/09_joint_parameter_search/02_benchmark/H14-6_W4-16/RUN01/operations.csv
H14-6_W4-16,14,6,4,16,JOINT,sign,85,3191555,3.191555000,,7075,64,6478,RPI5_Heterogeneous_XMSSMT_2026-09-18/09_joint_parameter_search/02_benchmark/H14-6_W4-16/RUN01/operations.csv
H14-6_W4-16,14,6,4,16,JOINT,verify,85,2047019,2.047019000,1,7075,64,6478,RPI5_Heterogeneous_XMSSMT_2026-09-18/09_joint_parameter_search/02_benchmark/H14-6_W4-16/RUN01/operations.csv
H14-6_W4-16,14,6,4,16,JOINT,sign,86,3218648,3.218648000,,7075,64,6478,RPI5_Heterogeneous_XMSSMT_2026-09-18/09_joint_parameter_search/02_benchmark/H14-6_W4-16/RUN01/operations.csv
H14-6_W4-16,14,6,4,16,JOINT,verify,86,2005278,2.005278000,1,7075,64,6478,RPI5_Heterogeneous_XMSSMT_2026-09-18/09_joint_parameter_search/02_benchmark/H14-6_W4-16/RUN01/operations.csv
H14-6_W4-16,14,6,4,16,JOINT,sign,87,11257296,11.257296000,,7075,64,6478,RPI5_Heterogeneous_XMSSMT_2026-09-18/09_joint_parameter_search/02_benchmark/H14-6_W4-16/RUN01/operations.csv
H14-6_W4-16,14,6,4,16,JOINT,verify,87,2006278,2.006278000,1,7075,64,6478,RPI5_Heterogeneous_XMSSMT_2026-09-18/09_joint_parameter_search/02_benchmark/H14-6_W4-16/RUN01/operations.csv
H14-6_W4-16,14,6,4,16,JOINT,sign,88,3218444,3.218444000,,7075,64,6478,RPI5_Heterogeneous_XMSSMT_2026-09-18/09_joint_parameter_search/02_benchmark/H14-6_W4-16/RUN01/operations.csv
H14-6_W4-16,14,6,4,16,JOINT,verify,88,2007389,2.007389000,1,7075,64,6478,RPI5_Heterogeneous_XMSSMT_2026-09-18/09_joint_parameter_search/02_benchmark/H14-6_W4-16/RUN01/operations.csv
H14-6_W4-16,14,6,4,16,JOINT,sign,89,3219093,3.219093000,,7075,64,6478,RPI5_Heterogeneous_XMSSMT_2026-09-18/09_joint_parameter_search/02_benchmark/H14-6_W4-16/RUN01/operations.csv
H14-6_W4-16,14,6,4,16,JOINT,verify,89,2007778,2.007778000,1,7075,64,6478,RPI5_Heterogeneous_XMSSMT_2026-09-18/09_joint_parameter_search/02_benchmark/H14-6_W4-16/RUN01/operations.csv
H14-6_W4-16,14,6,4,16,JOINT,sign,90,3181222,3.181222000,,7075,64,6478,RPI5_Heterogeneous_XMSSMT_2026-09-18/09_joint_parameter_search/02_benchmark/H14-6_W4-16/RUN01/operations.csv
H14-6_W4-16,14,6,4,16,JOINT,verify,90,2045074,2.045074000,1,7075,64,6478,RPI5_Heterogeneous_XMSSMT_2026-09-18/09_joint_parameter_search/02_benchmark/H14-6_W4-16/RUN01/operations.csv
H14-6_W4-16,14,6,4,16,JOINT,sign,91,5866667,5.866667000,,7075,64,6478,RPI5_Heterogeneous_XMSSMT_2026-09-18/09_joint_parameter_search/02_benchmark/H14-6_W4-16/RUN01/operations.csv
H14-6_W4-16,14,6,4,16,JOINT,verify,91,2042981,2.042981000,1,7075,64,6478,RPI5_Heterogeneous_XMSSMT_2026-09-18/09_joint_parameter_search/02_benchmark/H14-6_W4-16/RUN01/operations.csv
H14-6_W4-16,14,6,4,16,JOINT,sign,92,3180981,3.180981000,,7075,64,6478,RPI5_Heterogeneous_XMSSMT_2026-09-18/09_joint_parameter_search/02_benchmark/H14-6_W4-16/RUN01/operations.csv
H14-6_W4-16,14,6,4,16,JOINT,verify,92,2047519,2.047519000,1,7075,64,6478,RPI5_Heterogeneous_XMSSMT_2026-09-18/09_joint_parameter_search/02_benchmark/H14-6_W4-16/RUN01/operations.csv
H14-6_W4-16,14,6,4,16,JOINT,sign,93,3161259,3.161259000,,7075,64,6478,RPI5_Heterogeneous_XMSSMT_2026-09-18/09_joint_parameter_search/02_benchmark/H14-6_W4-16/RUN01/operations.csv
H14-6_W4-16,14,6,4,16,JOINT,verify,93,2070315,2.070315000,1,7075,64,6478,RPI5_Heterogeneous_XMSSMT_2026-09-18/09_joint_parameter_search/02_benchmark/H14-6_W4-16/RUN01/operations.csv
H14-6_W4-16,14,6,4,16,JOINT,sign,94,3158389,3.158389000,,7075,64,6478,RPI5_Heterogeneous_XMSSMT_2026-09-18/09_joint_parameter_search/02_benchmark/H14-6_W4-16/RUN01/operations.csv
H14-6_W4-16,14,6,4,16,JOINT,verify,94,2062592,2.062592000,1,7075,64,6478,RPI5_Heterogeneous_XMSSMT_2026-09-18/09_joint_parameter_search/02_benchmark/H14-6_W4-16/RUN01/operations.csv
H14-6_W4-16,14,6,4,16,JOINT,sign,95,11278741,11.278741000,,7075,64,6478,RPI5_Heterogeneous_XMSSMT_2026-09-18/09_joint_parameter_search/02_benchmark/H14-6_W4-16/RUN01/operations.csv
H14-6_W4-16,14,6,4,16,JOINT,verify,95,1999759,1.999759000,1,7075,64,6478,RPI5_Heterogeneous_XMSSMT_2026-09-18/09_joint_parameter_search/02_benchmark/H14-6_W4-16/RUN01/operations.csv
H14-6_W4-16,14,6,4,16,JOINT,sign,96,12542241,12.542241000,,7075,64,6478,RPI5_Heterogeneous_XMSSMT_2026-09-18/09_joint_parameter_search/02_benchmark/H14-6_W4-16/RUN01/operations.csv
H14-6_W4-16,14,6,4,16,JOINT,verify,96,2046352,2.046352000,1,7075,64,6478,RPI5_Heterogeneous_XMSSMT_2026-09-18/09_joint_parameter_search/02_benchmark/H14-6_W4-16/RUN01/operations.csv
H14-6_W4-16,14,6,4,16,JOINT,sign,97,11264185,11.264185000,,7075,64,6478,RPI5_Heterogeneous_XMSSMT_2026-09-18/09_joint_parameter_search/02_benchmark/H14-6_W4-16/RUN01/operations.csv
H14-6_W4-16,14,6,4,16,JOINT,verify,97,2011981,2.011981000,1,7075,64,6478,RPI5_Heterogeneous_XMSSMT_2026-09-18/09_joint_parameter_search/02_benchmark/H14-6_W4-16/RUN01/operations.csv
H14-6_W4-16,14,6,4,16,JOINT,sign,98,12555185,12.555185000,,7075,64,6478,RPI5_Heterogeneous_XMSSMT_2026-09-18/09_joint_parameter_search/02_benchmark/H14-6_W4-16/RUN01/operations.csv
H14-6_W4-16,14,6,4,16,JOINT,verify,98,2046111,2.046111000,1,7075,64,6478,RPI5_Heterogeneous_XMSSMT_2026-09-18/09_joint_parameter_search/02_benchmark/H14-6_W4-16/RUN01/operations.csv
H14-6_W4-16,14,6,4,16,JOINT,sign,99,11279370,11.279370000,,7075,64,6478,RPI5_Heterogeneous_XMSSMT_2026-09-18/09_joint_parameter_search/02_benchmark/H14-6_W4-16/RUN01/operations.csv
H14-6_W4-16,14,6,4,16,JOINT,verify,99,2005519,2.005519000,1,7075,64,6478,RPI5_Heterogeneous_XMSSMT_2026-09-18/09_joint_parameter_search/02_benchmark/H14-6_W4-16/RUN01/operations.csv
H14-6_W16-4,14,6,16,4,JOINT,keygen,0,39283984828,39283.984828000,,7075,64,8590,RPI5_Heterogeneous_XMSSMT_2026-09-18/09_joint_parameter_search/02_benchmark/H14-6_W16-4/RUN01/operations.csv
H14-6_W16-4,14,6,16,4,JOINT,keygen,1,39188100606,39188.100606000,,7075,64,8590,RPI5_Heterogeneous_XMSSMT_2026-09-18/09_joint_parameter_search/02_benchmark/H14-6_W16-4/RUN01/operations.csv
H14-6_W16-4,14,6,16,4,JOINT,keygen,2,39189372328,39189.372328000,,7075,64,8590,RPI5_Heterogeneous_XMSSMT_2026-09-18/09_joint_parameter_search/02_benchmark/H14-6_W16-4/RUN01/operations.csv
H14-6_W16-4,14,6,16,4,JOINT,keygen,3,39174752976,39174.752976000,,7075,64,8590,RPI5_Heterogeneous_XMSSMT_2026-09-18/09_joint_parameter_search/02_benchmark/H14-6_W16-4/RUN01/operations.csv
H14-6_W16-4,14,6,16,4,JOINT,keygen,4,39162074976,39162.074976000,,7075,64,8590,RPI5_Heterogeneous_XMSSMT_2026-09-18/09_joint_parameter_search/02_benchmark/H14-6_W16-4/RUN01/operations.csv
H14-6_W16-4,14,6,16,4,JOINT,keygen,5,39169228310,39169.228310000,,7075,64,8590,RPI5_Heterogeneous_XMSSMT_2026-09-18/09_joint_parameter_search/02_benchmark/H14-6_W16-4/RUN01/operations.csv
H14-6_W16-4,14,6,16,4,JOINT,keygen,6,39164608977,39164.608977000,,7075,64,8590,RPI5_Heterogeneous_XMSSMT_2026-09-18/09_joint_parameter_search/02_benchmark/H14-6_W16-4/RUN01/operations.csv
H14-6_W16-4,14,6,16,4,JOINT,keygen,7,39116940884,39116.940884000,,7075,64,8590,RPI5_Heterogeneous_XMSSMT_2026-09-18/09_joint_parameter_search/02_benchmark/H14-6_W16-4/RUN01/operations.csv
H14-6_W16-4,14,6,16,4,JOINT,keygen,8,39125353550,39125.353550000,,7075,64,8590,RPI5_Heterogeneous_XMSSMT_2026-09-18/09_joint_parameter_search/02_benchmark/H14-6_W16-4/RUN01/operations.csv
H14-6_W16-4,14,6,16,4,JOINT,keygen,9,39127834329,39127.834329000,,7075,64,8590,RPI5_Heterogeneous_XMSSMT_2026-09-18/09_joint_parameter_search/02_benchmark/H14-6_W16-4/RUN01/operations.csv
H14-6_W16-4,14,6,16,4,JOINT,sign,0,5910500,5.910500000,,7075,64,8590,RPI5_Heterogeneous_XMSSMT_2026-09-18/09_joint_parameter_search/02_benchmark/H14-6_W16-4/RUN01/operations.csv
H14-6_W16-4,14,6,16,4,JOINT,verify,0,2134203,2.134203000,1,7075,64,8590,RPI5_Heterogeneous_XMSSMT_2026-09-18/09_joint_parameter_search/02_benchmark/H14-6_W16-4/RUN01/operations.csv
H14-6_W16-4,14,6,16,4,JOINT,sign,1,5912315,5.912315000,,7075,64,8590,RPI5_Heterogeneous_XMSSMT_2026-09-18/09_joint_parameter_search/02_benchmark/H14-6_W16-4/RUN01/operations.csv
H14-6_W16-4,14,6,16,4,JOINT,verify,1,2131111,2.131111000,1,7075,64,8590,RPI5_Heterogeneous_XMSSMT_2026-09-18/09_joint_parameter_search/02_benchmark/H14-6_W16-4/RUN01/operations.csv
H14-6_W16-4,14,6,16,4,JOINT,sign,2,5941297,5.941297000,,7075,64,8590,RPI5_Heterogeneous_XMSSMT_2026-09-18/09_joint_parameter_search/02_benchmark/H14-6_W16-4/RUN01/operations.csv
H14-6_W16-4,14,6,16,4,JOINT,verify,2,2099092,2.099092000,1,7075,64,8590,RPI5_Heterogeneous_XMSSMT_2026-09-18/09_joint_parameter_search/02_benchmark/H14-6_W16-4/RUN01/operations.csv
H14-6_W16-4,14,6,16,4,JOINT,sign,3,10688185,10.688185000,,7075,64,8590,RPI5_Heterogeneous_XMSSMT_2026-09-18/09_joint_parameter_search/02_benchmark/H14-6_W16-4/RUN01/operations.csv
H14-6_W16-4,14,6,16,4,JOINT,verify,3,2128500,2.128500000,1,7075,64,8590,RPI5_Heterogeneous_XMSSMT_2026-09-18/09_joint_parameter_search/02_benchmark/H14-6_W16-4/RUN01/operations.csv
H14-6_W16-4,14,6,16,4,JOINT,sign,4,5876537,5.876537000,,7075,64,8590,RPI5_Heterogeneous_XMSSMT_2026-09-18/09_joint_parameter_search/02_benchmark/H14-6_W16-4/RUN01/operations.csv
H14-6_W16-4,14,6,16,4,JOINT,verify,4,2160518,2.160518000,1,7075,64,8590,RPI5_Heterogeneous_XMSSMT_2026-09-18/09_joint_parameter_search/02_benchmark/H14-6_W16-4/RUN01/operations.csv
H14-6_W16-4,14,6,16,4,JOINT,sign,5,5787334,5.787334000,,7075,64,8590,RPI5_Heterogeneous_XMSSMT_2026-09-18/09_joint_parameter_search/02_benchmark/H14-6_W16-4/RUN01/operations.csv
H14-6_W16-4,14,6,16,4,JOINT,verify,5,2253389,2.253389000,1,7075,64,8590,RPI5_Heterogeneous_XMSSMT_2026-09-18/09_joint_parameter_search/02_benchmark/H14-6_W16-4/RUN01/operations.csv
H14-6_W16-4,14,6,16,4,JOINT,sign,6,5748370,5.748370000,,7075,64,8590,RPI5_Heterogeneous_XMSSMT_2026-09-18/09_joint_parameter_search/02_benchmark/H14-6_W16-4/RUN01/operations.csv
H14-6_W16-4,14,6,16,4,JOINT,verify,6,2287203,2.287203000,1,7075,64,8590,RPI5_Heterogeneous_XMSSMT_2026-09-18/09_joint_parameter_search/02_benchmark/H14-6_W16-4/RUN01/operations.csv
H14-6_W16-4,14,6,16,4,JOINT,sign,7,20279871,20.279871000,,7075,64,8590,RPI5_Heterogeneous_XMSSMT_2026-09-18/09_joint_parameter_search/02_benchmark/H14-6_W16-4/RUN01/operations.csv
H14-6_W16-4,14,6,16,4,JOINT,verify,7,2098314,2.098314000,1,7075,64,8590,RPI5_Heterogeneous_XMSSMT_2026-09-18/09_joint_parameter_search/02_benchmark/H14-6_W16-4/RUN01/operations.csv
H14-6_W16-4,14,6,16,4,JOINT,sign,8,5905759,5.905759000,,7075,64,8590,RPI5_Heterogeneous_XMSSMT_2026-09-18/09_joint_parameter_search/02_benchmark/H14-6_W16-4/RUN01/operations.csv
H14-6_W16-4,14,6,16,4,JOINT,verify,8,2129648,2.129648000,1,7075,64,8590,RPI5_Heterogeneous_XMSSMT_2026-09-18/09_joint_parameter_search/02_benchmark/H14-6_W16-4/RUN01/operations.csv
H14-6_W16-4,14,6,16,4,JOINT,sign,9,5977112,5.977112000,,7075,64,8590,RPI5_Heterogeneous_XMSSMT_2026-09-18/09_joint_parameter_search/02_benchmark/H14-6_W16-4/RUN01/operations.csv
H14-6_W16-4,14,6,16,4,JOINT,verify,9,2066426,2.066426000,1,7075,64,8590,RPI5_Heterogeneous_XMSSMT_2026-09-18/09_joint_parameter_search/02_benchmark/H14-6_W16-4/RUN01/operations.csv
H14-6_W16-4,14,6,16,4,JOINT,sign,10,5971055,5.971055000,,7075,64,8590,RPI5_Heterogeneous_XMSSMT_2026-09-18/09_joint_parameter_search/02_benchmark/H14-6_W16-4/RUN01/operations.csv
H14-6_W16-4,14,6,16,4,JOINT,verify,10,2066388,2.066388000,1,7075,64,8590,RPI5_Heterogeneous_XMSSMT_2026-09-18/09_joint_parameter_search/02_benchmark/H14-6_W16-4/RUN01/operations.csv
H14-6_W16-4,14,6,16,4,JOINT,sign,11,10688371,10.688371000,,7075,64,8590,RPI5_Heterogeneous_XMSSMT_2026-09-18/09_joint_parameter_search/02_benchmark/H14-6_W16-4/RUN01/operations.csv
H14-6_W16-4,14,6,16,4,JOINT,verify,11,2134518,2.134518000,1,7075,64,8590,RPI5_Heterogeneous_XMSSMT_2026-09-18/09_joint_parameter_search/02_benchmark/H14-6_W16-4/RUN01/operations.csv
H14-6_W16-4,14,6,16,4,JOINT,sign,12,5905074,5.905074000,,7075,64,8590,RPI5_Heterogeneous_XMSSMT_2026-09-18/09_joint_parameter_search/02_benchmark/H14-6_W16-4/RUN01/operations.csv
H14-6_W16-4,14,6,16,4,JOINT,verify,12,2131648,2.131648000,1,7075,64,8590,RPI5_Heterogeneous_XMSSMT_2026-09-18/09_joint_parameter_search/02_benchmark/H14-6_W16-4/RUN01/operations.csv
H14-6_W16-4,14,6,16,4,JOINT,sign,13,5877778,5.877778000,,7075,64,8590,RPI5_Heterogeneous_XMSSMT_2026-09-18/09_joint_parameter_search/02_benchmark/H14-6_W16-4/RUN01/operations.csv
H14-6_W16-4,14,6,16,4,JOINT,verify,13,2164629,2.164629000,1,7075,64,8590,RPI5_Heterogeneous_XMSSMT_2026-09-18/09_joint_parameter_search/02_benchmark/H14-6_W16-4/RUN01/operations.csv
H14-6_W16-4,14,6,16,4,JOINT,sign,14,5841389,5.841389000,,7075,64,8590,RPI5_Heterogeneous_XMSSMT_2026-09-18/09_joint_parameter_search/02_benchmark/H14-6_W16-4/RUN01/operations.csv
H14-6_W16-4,14,6,16,4,JOINT,verify,14,2195370,2.195370000,1,7075,64,8590,RPI5_Heterogeneous_XMSSMT_2026-09-18/09_joint_parameter_search/02_benchmark/H14-6_W16-4/RUN01/operations.csv
H14-6_W16-4,14,6,16,4,JOINT,sign,15,20172000,20.172000000,,7075,64,8590,RPI5_Heterogeneous_XMSSMT_2026-09-18/09_joint_parameter_search/02_benchmark/H14-6_W16-4/RUN01/operations.csv
H14-6_W16-4,14,6,16,4,JOINT,verify,15,2198315,2.198315000,1,7075,64,8590,RPI5_Heterogeneous_XMSSMT_2026-09-18/09_joint_parameter_search/02_benchmark/H14-6_W16-4/RUN01/operations.csv
H14-6_W16-4,14,6,16,4,JOINT,sign,16,22618741,22.618741000,,7075,64,8590,RPI5_Heterogeneous_XMSSMT_2026-09-18/09_joint_parameter_search/02_benchmark/H14-6_W16-4/RUN01/operations.csv
H14-6_W16-4,14,6,16,4,JOINT,verify,16,2133981,2.133981000,1,7075,64,8590,RPI5_Heterogeneous_XMSSMT_2026-09-18/09_joint_parameter_search/02_benchmark/H14-6_W16-4/RUN01/operations.csv
H14-6_W16-4,14,6,16,4,JOINT,sign,17,8306296,8.306296000,,7075,64,8590,RPI5_Heterogeneous_XMSSMT_2026-09-18/09_joint_parameter_search/02_benchmark/H14-6_W16-4/RUN01/operations.csv
H14-6_W16-4,14,6,16,4,JOINT,verify,17,2132908,2.132908000,1,7075,64,8590,RPI5_Heterogeneous_XMSSMT_2026-09-18/09_joint_parameter_search/02_benchmark/H14-6_W16-4/RUN01/operations.csv
H14-6_W16-4,14,6,16,4,JOINT,sign,18,5880574,5.880574000,,7075,64,8590,RPI5_Heterogeneous_XMSSMT_2026-09-18/09_joint_parameter_search/02_benchmark/H14-6_W16-4/RUN01/operations.csv
H14-6_W16-4,14,6,16,4,JOINT,verify,18,2161092,2.161092000,1,7075,64,8590,RPI5_Heterogeneous_XMSSMT_2026-09-18/09_joint_parameter_search/02_benchmark/H14-6_W16-4/RUN01/operations.csv
H14-6_W16-4,14,6,16,4,JOINT,sign,19,10677222,10.677222000,,7075,64,8590,RPI5_Heterogeneous_XMSSMT_2026-09-18/09_joint_parameter_search/02_benchmark/H14-6_W16-4/RUN01/operations.csv
H14-6_W16-4,14,6,16,4,JOINT,verify,19,2130444,2.130444000,1,7075,64,8590,RPI5_Heterogeneous_XMSSMT_2026-09-18/09_joint_parameter_search/02_benchmark/H14-6_W16-4/RUN01/operations.csv
H14-6_W16-4,14,6,16,4,JOINT,sign,20,5647759,5.647759000,,7075,64,8590,RPI5_Heterogeneous_XMSSMT_2026-09-18/09_joint_parameter_search/02_benchmark/H14-6_W16-4/RUN01/operations.csv
H14-6_W16-4,14,6,16,4,JOINT,verify,20,2383944,2.383944000,1,7075,64,8590,RPI5_Heterogeneous_XMSSMT_2026-09-18/09_joint_parameter_search/02_benchmark/H14-6_W16-4/RUN01/operations.csv
H14-6_W16-4,14,6,16,4,JOINT,sign,21,5850278,5.850278000,,7075,64,8590,RPI5_Heterogeneous_XMSSMT_2026-09-18/09_joint_parameter_search/02_benchmark/H14-6_W16-4/RUN01/operations.csv
H14-6_W16-4,14,6,16,4,JOINT,verify,21,2193186,2.193186000,1,7075,64,8590,RPI5_Heterogeneous_XMSSMT_2026-09-18/09_joint_parameter_search/02_benchmark/H14-6_W16-4/RUN01/operations.csv
H14-6_W16-4,14,6,16,4,JOINT,sign,22,5933797,5.933797000,,7075,64,8590,RPI5_Heterogeneous_XMSSMT_2026-09-18/09_joint_parameter_search/02_benchmark/H14-6_W16-4/RUN01/operations.csv
H14-6_W16-4,14,6,16,4,JOINT,verify,22,2095926,2.095926000,1,7075,64,8590,RPI5_Heterogeneous_XMSSMT_2026-09-18/09_joint_parameter_search/02_benchmark/H14-6_W16-4/RUN01/operations.csv
H14-6_W16-4,14,6,16,4,JOINT,sign,23,20355093,20.355093000,,7075,64,8590,RPI5_Heterogeneous_XMSSMT_2026-09-18/09_joint_parameter_search/02_benchmark/H14-6_W16-4/RUN01/operations.csv
H14-6_W16-4,14,6,16,4,JOINT,verify,23,2033518,2.033518000,1,7075,64,8590,RPI5_Heterogeneous_XMSSMT_2026-09-18/09_joint_parameter_search/02_benchmark/H14-6_W16-4/RUN01/operations.csv
H14-6_W16-4,14,6,16,4,JOINT,sign,24,5940629,5.940629000,,7075,64,8590,RPI5_Heterogeneous_XMSSMT_2026-09-18/09_joint_parameter_search/02_benchmark/H14-6_W16-4/RUN01/operations.csv
H14-6_W16-4,14,6,16,4,JOINT,verify,24,2094741,2.094741000,1,7075,64,8590,RPI5_Heterogeneous_XMSSMT_2026-09-18/09_joint_parameter_search/02_benchmark/H14-6_W16-4/RUN01/operations.csv
H14-6_W16-4,14,6,16,4,JOINT,sign,25,5878166,5.878166000,,7075,64,8590,RPI5_Heterogeneous_XMSSMT_2026-09-18/09_joint_parameter_search/02_benchmark/H14-6_W16-4/RUN01/operations.csv
H14-6_W16-4,14,6,16,4,JOINT,verify,25,2160296,2.160296000,1,7075,64,8590,RPI5_Heterogeneous_XMSSMT_2026-09-18/09_joint_parameter_search/02_benchmark/H14-6_W16-4/RUN01/operations.csv
H14-6_W16-4,14,6,16,4,JOINT,sign,26,5884111,5.884111000,,7075,64,8590,RPI5_Heterogeneous_XMSSMT_2026-09-18/09_joint_parameter_search/02_benchmark/H14-6_W16-4/RUN01/operations.csv
H14-6_W16-4,14,6,16,4,JOINT,verify,26,2161037,2.161037000,1,7075,64,8590,RPI5_Heterogeneous_XMSSMT_2026-09-18/09_joint_parameter_search/02_benchmark/H14-6_W16-4/RUN01/operations.csv
H14-6_W16-4,14,6,16,4,JOINT,sign,27,10810574,10.810574000,,7075,64,8590,RPI5_Heterogeneous_XMSSMT_2026-09-18/09_joint_parameter_search/02_benchmark/H14-6_W16-4/RUN01/operations.csv
H14-6_W16-4,14,6,16,4,JOINT,verify,27,1999852,1.999852000,1,7075,64,8590,RPI5_Heterogeneous_XMSSMT_2026-09-18/09_joint_parameter_search/02_benchmark/H14-6_W16-4/RUN01/operations.csv
H14-6_W16-4,14,6,16,4,JOINT,sign,28,5910518,5.910518000,,7075,64,8590,RPI5_Heterogeneous_XMSSMT_2026-09-18/09_joint_parameter_search/02_benchmark/H14-6_W16-4/RUN01/operations.csv
H14-6_W16-4,14,6,16,4,JOINT,verify,28,2128241,2.128241000,1,7075,64,8590,RPI5_Heterogeneous_XMSSMT_2026-09-18/09_joint_parameter_search/02_benchmark/H14-6_W16-4/RUN01/operations.csv
H14-6_W16-4,14,6,16,4,JOINT,sign,29,5977834,5.977834000,,7075,64,8590,RPI5_Heterogeneous_XMSSMT_2026-09-18/09_joint_parameter_search/02_benchmark/H14-6_W16-4/RUN01/operations.csv
H14-6_W16-4,14,6,16,4,JOINT,verify,29,2064167,2.064167000,1,7075,64,8590,RPI5_Heterogeneous_XMSSMT_2026-09-18/09_joint_parameter_search/02_benchmark/H14-6_W16-4/RUN01/operations.csv
H14-6_W16-4,14,6,16,4,JOINT,sign,30,5852223,5.852223000,,7075,64,8590,RPI5_Heterogeneous_XMSSMT_2026-09-18/09_joint_parameter_search/02_benchmark/H14-6_W16-4/RUN01/operations.csv
H14-6_W16-4,14,6,16,4,JOINT,verify,30,2192148,2.192148000,1,7075,64,8590,RPI5_Heterogeneous_XMSSMT_2026-09-18/09_joint_parameter_search/02_benchmark/H14-6_W16-4/RUN01/operations.csv
H14-6_W16-4,14,6,16,4,JOINT,sign,31,20397814,20.397814000,,7075,64,8590,RPI5_Heterogeneous_XMSSMT_2026-09-18/09_joint_parameter_search/02_benchmark/H14-6_W16-4/RUN01/operations.csv
H14-6_W16-4,14,6,16,4,JOINT,verify,31,1969834,1.969834000,1,7075,64,8590,RPI5_Heterogeneous_XMSSMT_2026-09-18/09_joint_parameter_search/02_benchmark/H14-6_W16-4/RUN01/operations.csv
H14-6_W16-4,14,6,16,4,JOINT,sign,32,22763963,22.763963000,,7075,64,8590,RPI5_Heterogeneous_XMSSMT_2026-09-18/09_joint_parameter_search/02_benchmark/H14-6_W16-4/RUN01/operations.csv
H14-6_W16-4,14,6,16,4,JOINT,verify,32,1969629,1.969629000,1,7075,64,8590,RPI5_Heterogeneous_XMSSMT_2026-09-18/09_joint_parameter_search/02_benchmark/H14-6_W16-4/RUN01/operations.csv
H14-6_W16-4,14,6,16,4,JOINT,sign,33,20264759,20.264759000,,7075,64,8590,RPI5_Heterogeneous_XMSSMT_2026-09-18/09_joint_parameter_search/02_benchmark/H14-6_W16-4/RUN01/operations.csv
H14-6_W16-4,14,6,16,4,JOINT,verify,33,2097815,2.097815000,1,7075,64,8590,RPI5_Heterogeneous_XMSSMT_2026-09-18/09_joint_parameter_search/02_benchmark/H14-6_W16-4/RUN01/operations.csv
H14-6_W16-4,14,6,16,4,JOINT,sign,34,22539278,22.539278000,,7075,64,8590,RPI5_Heterogeneous_XMSSMT_2026-09-18/09_joint_parameter_search/02_benchmark/H14-6_W16-4/RUN01/operations.csv
H14-6_W16-4,14,6,16,4,JOINT,verify,34,2194093,2.194093000,1,7075,64,8590,RPI5_Heterogeneous_XMSSMT_2026-09-18/09_joint_parameter_search/02_benchmark/H14-6_W16-4/RUN01/operations.csv
H14-6_W16-4,14,6,16,4,JOINT,sign,35,20089037,20.089037000,,7075,64,8590,RPI5_Heterogeneous_XMSSMT_2026-09-18/09_joint_parameter_search/02_benchmark/H14-6_W16-4/RUN01/operations.csv
H14-6_W16-4,14,6,16,4,JOINT,verify,35,2255592,2.255592000,1,7075,64,8590,RPI5_Heterogeneous_XMSSMT_2026-09-18/09_joint_parameter_search/02_benchmark/H14-6_W16-4/RUN01/operations.csv
H14-6_W16-4,14,6,16,4,JOINT,sign,36,5900592,5.900592000,,7075,64,8590,RPI5_Heterogeneous_XMSSMT_2026-09-18/09_joint_parameter_search/02_benchmark/H14-6_W16-4/RUN01/operations.csv
H14-6_W16-4,14,6,16,4,JOINT,verify,36,2136944,2.136944000,1,7075,64,8590,RPI5_Heterogeneous_XMSSMT_2026-09-18/09_joint_parameter_search/02_benchmark/H14-6_W16-4/RUN01/operations.csv
H14-6_W16-4,14,6,16,4,JOINT,sign,37,5715185,5.715185000,,7075,64,8590,RPI5_Heterogeneous_XMSSMT_2026-09-18/09_joint_parameter_search/02_benchmark/H14-6_W16-4/RUN01/operations.csv
H14-6_W16-4,14,6,16,4,JOINT,verify,37,2317833,2.317833000,1,7075,64,8590,RPI5_Heterogeneous_XMSSMT_2026-09-18/09_joint_parameter_search/02_benchmark/H14-6_W16-4/RUN01/operations.csv
H14-6_W16-4,14,6,16,4,JOINT,sign,38,5897852,5.897852000,,7075,64,8590,RPI5_Heterogeneous_XMSSMT_2026-09-18/09_joint_parameter_search/02_benchmark/H14-6_W16-4/RUN01/operations.csv
H14-6_W16-4,14,6,16,4,JOINT,verify,38,2129445,2.129445000,1,7075,64,8590,RPI5_Heterogeneous_XMSSMT_2026-09-18/09_joint_parameter_search/02_benchmark/H14-6_W16-4/RUN01/operations.csv
H14-6_W16-4,14,6,16,4,JOINT,sign,39,20214648,20.214648000,,7075,64,8590,RPI5_Heterogeneous_XMSSMT_2026-09-18/09_joint_parameter_search/02_benchmark/H14-6_W16-4/RUN01/operations.csv
H14-6_W16-4,14,6,16,4,JOINT,verify,39,2129685,2.129685000,1,7075,64,8590,RPI5_Heterogeneous_XMSSMT_2026-09-18/09_joint_parameter_search/02_benchmark/H14-6_W16-4/RUN01/operations.csv
H14-6_W16-4,14,6,16,4,JOINT,sign,40,5840278,5.840278000,,7075,64,8590,RPI5_Heterogeneous_XMSSMT_2026-09-18/09_joint_parameter_search/02_benchmark/H14-6_W16-4/RUN01/operations.csv
H14-6_W16-4,14,6,16,4,JOINT,verify,40,2191778,2.191778000,1,7075,64,8590,RPI5_Heterogeneous_XMSSMT_2026-09-18/09_joint_parameter_search/02_benchmark/H14-6_W16-4/RUN01/operations.csv
H14-6_W16-4,14,6,16,4,JOINT,sign,41,5877111,5.877111000,,7075,64,8590,RPI5_Heterogeneous_XMSSMT_2026-09-18/09_joint_parameter_search/02_benchmark/H14-6_W16-4/RUN01/operations.csv
H14-6_W16-4,14,6,16,4,JOINT,verify,41,2159426,2.159426000,1,7075,64,8590,RPI5_Heterogeneous_XMSSMT_2026-09-18/09_joint_parameter_search/02_benchmark/H14-6_W16-4/RUN01/operations.csv
H14-6_W16-4,14,6,16,4,JOINT,sign,42,5781407,5.781407000,,7075,64,8590,RPI5_Heterogeneous_XMSSMT_2026-09-18/09_joint_parameter_search/02_benchmark/H14-6_W16-4/RUN01/operations.csv
H14-6_W16-4,14,6,16,4,JOINT,verify,42,2255648,2.255648000,1,7075,64,8590,RPI5_Heterogeneous_XMSSMT_2026-09-18/09_joint_parameter_search/02_benchmark/H14-6_W16-4/RUN01/operations.csv
H14-6_W16-4,14,6,16,4,JOINT,sign,43,10710055,10.710055000,,7075,64,8590,RPI5_Heterogeneous_XMSSMT_2026-09-18/09_joint_parameter_search/02_benchmark/H14-6_W16-4/RUN01/operations.csv
H14-6_W16-4,14,6,16,4,JOINT,verify,43,2094426,2.094426000,1,7075,64,8590,RPI5_Heterogeneous_XMSSMT_2026-09-18/09_joint_parameter_search/02_benchmark/H14-6_W16-4/RUN01/operations.csv
H14-6_W16-4,14,6,16,4,JOINT,sign,44,5710778,5.710778000,,7075,64,8590,RPI5_Heterogeneous_XMSSMT_2026-09-18/09_joint_parameter_search/02_benchmark/H14-6_W16-4/RUN01/operations.csv
H14-6_W16-4,14,6,16,4,JOINT,verify,44,2318834,2.318834000,1,7075,64,8590,RPI5_Heterogeneous_XMSSMT_2026-09-18/09_joint_parameter_search/02_benchmark/H14-6_W16-4/RUN01/operations.csv
H14-6_W16-4,14,6,16,4,JOINT,sign,45,5840871,5.840871000,,7075,64,8590,RPI5_Heterogeneous_XMSSMT_2026-09-18/09_joint_parameter_search/02_benchmark/H14-6_W16-4/RUN01/operations.csv
H14-6_W16-4,14,6,16,4,JOINT,verify,45,2190741,2.190741000,1,7075,64,8590,RPI5_Heterogeneous_XMSSMT_2026-09-18/09_joint_parameter_search/02_benchmark/H14-6_W16-4/RUN01/operations.csv
H14-6_W16-4,14,6,16,4,JOINT,sign,46,5790315,5.790315000,,7075,64,8590,RPI5_Heterogeneous_XMSSMT_2026-09-18/09_joint_parameter_search/02_benchmark/H14-6_W16-4/RUN01/operations.csv
H14-6_W16-4,14,6,16,4,JOINT,verify,46,2255908,2.255908000,1,7075,64,8590,RPI5_Heterogeneous_XMSSMT_2026-09-18/09_joint_parameter_search/02_benchmark/H14-6_W16-4/RUN01/operations.csv
H14-6_W16-4,14,6,16,4,JOINT,sign,47,20180370,20.180370000,,7075,64,8590,RPI5_Heterogeneous_XMSSMT_2026-09-18/09_joint_parameter_search/02_benchmark/H14-6_W16-4/RUN01/operations.csv
H14-6_W16-4,14,6,16,4,JOINT,verify,47,2162203,2.162203000,1,7075,64,8590,RPI5_Heterogeneous_XMSSMT_2026-09-18/09_joint_parameter_search/02_benchmark/H14-6_W16-4/RUN01/operations.csv
H14-6_W16-4,14,6,16,4,JOINT,sign,48,22408037,22.408037000,,7075,64,8590,RPI5_Heterogeneous_XMSSMT_2026-09-18/09_joint_parameter_search/02_benchmark/H14-6_W16-4/RUN01/operations.csv
H14-6_W16-4,14,6,16,4,JOINT,verify,48,2319093,2.319093000,1,7075,64,8590,RPI5_Heterogeneous_XMSSMT_2026-09-18/09_joint_parameter_search/02_benchmark/H14-6_W16-4/RUN01/operations.csv
H14-6_W16-4,14,6,16,4,JOINT,sign,49,8372870,8.372870000,,7075,64,8590,RPI5_Heterogeneous_XMSSMT_2026-09-18/09_joint_parameter_search/02_benchmark/H14-6_W16-4/RUN01/operations.csv
H14-6_W16-4,14,6,16,4,JOINT,verify,49,2065222,2.065222000,1,7075,64,8590,RPI5_Heterogeneous_XMSSMT_2026-09-18/09_joint_parameter_search/02_benchmark/H14-6_W16-4/RUN01/operations.csv
H14-6_W16-4,14,6,16,4,JOINT,sign,50,5855093,5.855093000,,7075,64,8590,RPI5_Heterogeneous_XMSSMT_2026-09-18/09_joint_parameter_search/02_benchmark/H14-6_W16-4/RUN01/operations.csv
H14-6_W16-4,14,6,16,4,JOINT,verify,50,2196759,2.196759000,1,7075,64,8590,RPI5_Heterogeneous_XMSSMT_2026-09-18/09_joint_parameter_search/02_benchmark/H14-6_W16-4/RUN01/operations.csv
H14-6_W16-4,14,6,16,4,JOINT,sign,51,10650037,10.650037000,,7075,64,8590,RPI5_Heterogeneous_XMSSMT_2026-09-18/09_joint_parameter_search/02_benchmark/H14-6_W16-4/RUN01/operations.csv
H14-6_W16-4,14,6,16,4,JOINT,verify,51,2176759,2.176759000,1,7075,64,8590,RPI5_Heterogeneous_XMSSMT_2026-09-18/09_joint_parameter_search/02_benchmark/H14-6_W16-4/RUN01/operations.csv
H14-6_W16-4,14,6,16,4,JOINT,sign,52,5904130,5.904130000,,7075,64,8590,RPI5_Heterogeneous_XMSSMT_2026-09-18/09_joint_parameter_search/02_benchmark/H14-6_W16-4/RUN01/operations.csv
H14-6_W16-4,14,6,16,4,JOINT,verify,52,2167223,2.167223000,1,7075,64,8590,RPI5_Heterogeneous_XMSSMT_2026-09-18/09_joint_parameter_search/02_benchmark/H14-6_W16-4/RUN01/operations.csv
H14-6_W16-4,14,6,16,4,JOINT,sign,53,5956723,5.956723000,,7075,64,8590,RPI5_Heterogeneous_XMSSMT_2026-09-18/09_joint_parameter_search/02_benchmark/H14-6_W16-4/RUN01/operations.csv
H14-6_W16-4,14,6,16,4,JOINT,verify,53,2099167,2.099167000,1,7075,64,8590,RPI5_Heterogeneous_XMSSMT_2026-09-18/09_joint_parameter_search/02_benchmark/H14-6_W16-4/RUN01/operations.csv
H14-6_W16-4,14,6,16,4,JOINT,sign,54,5748037,5.748037000,,7075,64,8590,RPI5_Heterogeneous_XMSSMT_2026-09-18/09_joint_parameter_search/02_benchmark/H14-6_W16-4/RUN01/operations.csv
H14-6_W16-4,14,6,16,4,JOINT,verify,54,2289296,2.289296000,1,7075,64,8590,RPI5_Heterogeneous_XMSSMT_2026-09-18/09_joint_parameter_search/02_benchmark/H14-6_W16-4/RUN01/operations.csv
H14-6_W16-4,14,6,16,4,JOINT,sign,55,20226149,20.226149000,,7075,64,8590,RPI5_Heterogeneous_XMSSMT_2026-09-18/09_joint_parameter_search/02_benchmark/H14-6_W16-4/RUN01/operations.csv
H14-6_W16-4,14,6,16,4,JOINT,verify,55,2134278,2.134278000,1,7075,64,8590,RPI5_Heterogeneous_XMSSMT_2026-09-18/09_joint_parameter_search/02_benchmark/H14-6_W16-4/RUN01/operations.csv
H14-6_W16-4,14,6,16,4,JOINT,sign,56,6003592,6.003592000,,7075,64,8590,RPI5_Heterogeneous_XMSSMT_2026-09-18/09_joint_parameter_search/02_benchmark/H14-6_W16-4/RUN01/operations.csv
H14-6_W16-4,14,6,16,4,JOINT,verify,56,2035333,2.035333000,1,7075,64,8590,RPI5_Heterogeneous_XMSSMT_2026-09-18/09_joint_parameter_search/02_benchmark/H14-6_W16-4/RUN01/operations.csv
H14-6_W16-4,14,6,16,4,JOINT,sign,57,5875333,5.875333000,,7075,64,8590,RPI5_Heterogeneous_XMSSMT_2026-09-18/09_joint_parameter_search/02_benchmark/H14-6_W16-4/RUN01/operations.csv
H14-6_W16-4,14,6,16,4,JOINT,verify,57,2160222,2.160222000,1,7075,64,8590,RPI5_Heterogeneous_XMSSMT_2026-09-18/09_joint_parameter_search/02_benchmark/H14-6_W16-4/RUN01/operations.csv
H14-6_W16-4,14,6,16,4,JOINT,sign,58,5931167,5.931167000,,7075,64,8590,RPI5_Heterogeneous_XMSSMT_2026-09-18/09_joint_parameter_search/02_benchmark/H14-6_W16-4/RUN01/operations.csv
H14-6_W16-4,14,6,16,4,JOINT,verify,58,2098277,2.098277000,1,7075,64,8590,RPI5_Heterogeneous_XMSSMT_2026-09-18/09_joint_parameter_search/02_benchmark/H14-6_W16-4/RUN01/operations.csv
H14-6_W16-4,14,6,16,4,JOINT,sign,59,10555111,10.555111000,,7075,64,8590,RPI5_Heterogeneous_XMSSMT_2026-09-18/09_joint_parameter_search/02_benchmark/H14-6_W16-4/RUN01/operations.csv
H14-6_W16-4,14,6,16,4,JOINT,verify,59,2256426,2.256426000,1,7075,64,8590,RPI5_Heterogeneous_XMSSMT_2026-09-18/09_joint_parameter_search/02_benchmark/H14-6_W16-4/RUN01/operations.csv
H14-6_W16-4,14,6,16,4,JOINT,sign,60,5967463,5.967463000,,7075,64,8590,RPI5_Heterogeneous_XMSSMT_2026-09-18/09_joint_parameter_search/02_benchmark/H14-6_W16-4/RUN01/operations.csv
H14-6_W16-4,14,6,16,4,JOINT,verify,60,2065648,2.065648000,1,7075,64,8590,RPI5_Heterogeneous_XMSSMT_2026-09-18/09_joint_parameter_search/02_benchmark/H14-6_W16-4/RUN01/operations.csv
H14-6_W16-4,14,6,16,4,JOINT,sign,61,5878278,5.878278000,,7075,64,8590,RPI5_Heterogeneous_XMSSMT_2026-09-18/09_joint_parameter_search/02_benchmark/H14-6_W16-4/RUN01/operations.csv
H14-6_W16-4,14,6,16,4,JOINT,verify,61,2162851,2.162851000,1,7075,64,8590,RPI5_Heterogeneous_XMSSMT_2026-09-18/09_joint_parameter_search/02_benchmark/H14-6_W16-4/RUN01/operations.csv
H14-6_W16-4,14,6,16,4,JOINT,sign,62,5934167,5.934167000,,7075,64,8590,RPI5_Heterogeneous_XMSSMT_2026-09-18/09_joint_parameter_search/02_benchmark/H14-6_W16-4/RUN01/operations.csv
H14-6_W16-4,14,6,16,4,JOINT,verify,62,2097537,2.097537000,1,7075,64,8590,RPI5_Heterogeneous_XMSSMT_2026-09-18/09_joint_parameter_search/02_benchmark/H14-6_W16-4/RUN01/operations.csv
H14-6_W16-4,14,6,16,4,JOINT,sign,63,20197722,20.197722000,,7075,64,8590,RPI5_Heterogeneous_XMSSMT_2026-09-18/09_joint_parameter_search/02_benchmark/H14-6_W16-4/RUN01/operations.csv
H14-6_W16-4,14,6,16,4,JOINT,verify,63,2162092,2.162092000,1,7075,64,8590,RPI5_Heterogeneous_XMSSMT_2026-09-18/09_joint_parameter_search/02_benchmark/H14-6_W16-4/RUN01/operations.csv
H14-6_W16-4,14,6,16,4,JOINT,sign,64,22551259,22.551259000,,7075,64,8590,RPI5_Heterogeneous_XMSSMT_2026-09-18/09_joint_parameter_search/02_benchmark/H14-6_W16-4/RUN01/operations.csv
H14-6_W16-4,14,6,16,4,JOINT,verify,64,2164259,2.164259000,1,7075,64,8590,RPI5_Heterogeneous_XMSSMT_2026-09-18/09_joint_parameter_search/02_benchmark/H14-6_W16-4/RUN01/operations.csv
H14-6_W16-4,14,6,16,4,JOINT,sign,65,20214815,20.214815000,,7075,64,8590,RPI5_Heterogeneous_XMSSMT_2026-09-18/09_joint_parameter_search/02_benchmark/H14-6_W16-4/RUN01/operations.csv
H14-6_W16-4,14,6,16,4,JOINT,verify,65,2126574,2.126574000,1,7075,64,8590,RPI5_Heterogeneous_XMSSMT_2026-09-18/09_joint_parameter_search/02_benchmark/H14-6_W16-4/RUN01/operations.csv
H14-6_W16-4,14,6,16,4,JOINT,sign,66,22557593,22.557593000,,7075,64,8590,RPI5_Heterogeneous_XMSSMT_2026-09-18/09_joint_parameter_search/02_benchmark/H14-6_W16-4/RUN01/operations.csv
H14-6_W16-4,14,6,16,4,JOINT,verify,66,2162666,2.162666000,1,7075,64,8590,RPI5_Heterogeneous_XMSSMT_2026-09-18/09_joint_parameter_search/02_benchmark/H14-6_W16-4/RUN01/operations.csv
H14-6_W16-4,14,6,16,4,JOINT,sign,67,20219834,20.219834000,,7075,64,8590,RPI5_Heterogeneous_XMSSMT_2026-09-18/09_joint_parameter_search/02_benchmark/H14-6_W16-4/RUN01/operations.csv
H14-6_W16-4,14,6,16,4,JOINT,verify,67,2127000,2.127000000,1,7075,64,8590,RPI5_Heterogeneous_XMSSMT_2026-09-18/09_joint_parameter_search/02_benchmark/H14-6_W16-4/RUN01/operations.csv
H14-6_W16-4,14,6,16,4,JOINT,sign,68,22580037,22.580037000,,7075,64,8590,RPI5_Heterogeneous_XMSSMT_2026-09-18/09_joint_parameter_search/02_benchmark/H14-6_W16-4/RUN01/operations.csv
H14-6_W16-4,14,6,16,4,JOINT,verify,68,2125815,2.125815000,1,7075,64,8590,RPI5_Heterogeneous_XMSSMT_2026-09-18/09_joint_parameter_search/02_benchmark/H14-6_W16-4/RUN01/operations.csv
H14-6_W16-4,14,6,16,4,JOINT,sign,69,20086463,20.086463000,,7075,64,8590,RPI5_Heterogeneous_XMSSMT_2026-09-18/09_joint_parameter_search/02_benchmark/H14-6_W16-4/RUN01/operations.csv
H14-6_W16-4,14,6,16,4,JOINT,verify,69,2257889,2.257889000,1,7075,64,8590,RPI5_Heterogeneous_XMSSMT_2026-09-18/09_joint_parameter_search/02_benchmark/H14-6_W16-4/RUN01/operations.csv
H14-6_W16-4,14,6,16,4,JOINT,sign,70,22557852,22.557852000,,7075,64,8590,RPI5_Heterogeneous_XMSSMT_2026-09-18/09_joint_parameter_search/02_benchmark/H14-6_W16-4/RUN01/operations.csv
H14-6_W16-4,14,6,16,4,JOINT,verify,70,2158445,2.158445000,1,7075,64,8590,RPI5_Heterogeneous_XMSSMT_2026-09-18/09_joint_parameter_search/02_benchmark/H14-6_W16-4/RUN01/operations.csv
H14-6_W16-4,14,6,16,4,JOINT,sign,71,20225796,20.225796000,,7075,64,8590,RPI5_Heterogeneous_XMSSMT_2026-09-18/09_joint_parameter_search/02_benchmark/H14-6_W16-4/RUN01/operations.csv
H14-6_W16-4,14,6,16,4,JOINT,verify,71,2132537,2.132537000,1,7075,64,8590,RPI5_Heterogeneous_XMSSMT_2026-09-18/09_joint_parameter_search/02_benchmark/H14-6_W16-4/RUN01/operations.csv
H14-6_W16-4,14,6,16,4,JOINT,sign,72,22576797,22.576797000,,7075,64,8590,RPI5_Heterogeneous_XMSSMT_2026-09-18/09_joint_parameter_search/02_benchmark/H14-6_W16-4/RUN01/operations.csv
H14-6_W16-4,14,6,16,4,JOINT,verify,72,2128537,2.128537000,1,7075,64,8590,RPI5_Heterogeneous_XMSSMT_2026-09-18/09_joint_parameter_search/02_benchmark/H14-6_W16-4/RUN01/operations.csv
H14-6_W16-4,14,6,16,4,JOINT,sign,73,17765611,17.765611000,,7075,64,8590,RPI5_Heterogeneous_XMSSMT_2026-09-18/09_joint_parameter_search/02_benchmark/H14-6_W16-4/RUN01/operations.csv
H14-6_W16-4,14,6,16,4,JOINT,verify,73,2191130,2.191130000,1,7075,64,8590,RPI5_Heterogeneous_XMSSMT_2026-09-18/09_joint_parameter_search/02_benchmark/H14-6_W16-4/RUN01/operations.csv
H14-6_W16-4,14,6,16,4,JOINT,sign,74,5868426,5.868426000,,7075,64,8590,RPI5_Heterogeneous_XMSSMT_2026-09-18/09_joint_parameter_search/02_benchmark/H14-6_W16-4/RUN01/operations.csv
H14-6_W16-4,14,6,16,4,JOINT,verify,74,2162037,2.162037000,1,7075,64,8590,RPI5_Heterogeneous_XMSSMT_2026-09-18/09_joint_parameter_search/02_benchmark/H14-6_W16-4/RUN01/operations.csv
H14-6_W16-4,14,6,16,4,JOINT,sign,75,10642852,10.642852000,,7075,64,8590,RPI5_Heterogeneous_XMSSMT_2026-09-18/09_joint_parameter_search/02_benchmark/H14-6_W16-4/RUN01/operations.csv
H14-6_W16-4,14,6,16,4,JOINT,verify,75,2159240,2.159240000,1,7075,64,8590,RPI5_Heterogeneous_XMSSMT_2026-09-18/09_joint_parameter_search/02_benchmark/H14-6_W16-4/RUN01/operations.csv
H14-6_W16-4,14,6,16,4,JOINT,sign,76,5839037,5.839037000,,7075,64,8590,RPI5_Heterogeneous_XMSSMT_2026-09-18/09_joint_parameter_search/02_benchmark/H14-6_W16-4/RUN01/operations.csv
H14-6_W16-4,14,6,16,4,JOINT,verify,76,2190648,2.190648000,1,7075,64,8590,RPI5_Heterogeneous_XMSSMT_2026-09-18/09_joint_parameter_search/02_benchmark/H14-6_W16-4/RUN01/operations.csv
H14-6_W16-4,14,6,16,4,JOINT,sign,77,6034019,6.034019000,,7075,64,8590,RPI5_Heterogeneous_XMSSMT_2026-09-18/09_joint_parameter_search/02_benchmark/H14-6_W16-4/RUN01/operations.csv
H14-6_W16-4,14,6,16,4,JOINT,verify,77,1997963,1.997963000,1,7075,64,8590,RPI5_Heterogeneous_XMSSMT_2026-09-18/09_joint_parameter_search/02_benchmark/H14-6_W16-4/RUN01/operations.csv
H14-6_W16-4,14,6,16,4,JOINT,sign,78,5774722,5.774722000,,7075,64,8590,RPI5_Heterogeneous_XMSSMT_2026-09-18/09_joint_parameter_search/02_benchmark/H14-6_W16-4/RUN01/operations.csv
H14-6_W16-4,14,6,16,4,JOINT,verify,78,2254000,2.254000000,1,7075,64,8590,RPI5_Heterogeneous_XMSSMT_2026-09-18/09_joint_parameter_search/02_benchmark/H14-6_W16-4/RUN01/operations.csv
H14-6_W16-4,14,6,16,4,JOINT,sign,79,20150481,20.150481000,,7075,64,8590,RPI5_Heterogeneous_XMSSMT_2026-09-18/09_joint_parameter_search/02_benchmark/H14-6_W16-4/RUN01/operations.csv
H14-6_W16-4,14,6,16,4,JOINT,verify,79,2192351,2.192351000,1,7075,64,8590,RPI5_Heterogeneous_XMSSMT_2026-09-18/09_joint_parameter_search/02_benchmark/H14-6_W16-4/RUN01/operations.csv
H14-6_W16-4,14,6,16,4,JOINT,sign,80,22641352,22.641352000,,7075,64,8590,RPI5_Heterogeneous_XMSSMT_2026-09-18/09_joint_parameter_search/02_benchmark/H14-6_W16-4/RUN01/operations.csv
H14-6_W16-4,14,6,16,4,JOINT,verify,80,2065167,2.065167000,1,7075,64,8590,RPI5_Heterogeneous_XMSSMT_2026-09-18/09_joint_parameter_search/02_benchmark/H14-6_W16-4/RUN01/operations.csv
H14-6_W16-4,14,6,16,4,JOINT,sign,81,8292167,8.292167000,,7075,64,8590,RPI5_Heterogeneous_XMSSMT_2026-09-18/09_joint_parameter_search/02_benchmark/H14-6_W16-4/RUN01/operations.csv
H14-6_W16-4,14,6,16,4,JOINT,verify,81,2157667,2.157667000,1,7075,64,8590,RPI5_Heterogeneous_XMSSMT_2026-09-18/09_joint_parameter_search/02_benchmark/H14-6_W16-4/RUN01/operations.csv
H14-6_W16-4,14,6,16,4,JOINT,sign,82,5902426,5.902426000,,7075,64,8590,RPI5_Heterogeneous_XMSSMT_2026-09-18/09_joint_parameter_search/02_benchmark/H14-6_W16-4/RUN01/operations.csv
H14-6_W16-4,14,6,16,4,JOINT,verify,82,2126556,2.126556000,1,7075,64,8590,RPI5_Heterogeneous_XMSSMT_2026-09-18/09_joint_parameter_search/02_benchmark/H14-6_W16-4/RUN01/operations.csv
H14-6_W16-4,14,6,16,4,JOINT,sign,83,10612944,10.612944000,,7075,64,8590,RPI5_Heterogeneous_XMSSMT_2026-09-18/09_joint_parameter_search/02_benchmark/H14-6_W16-4/RUN01/operations.csv
H14-6_W16-4,14,6,16,4,JOINT,verify,83,2192518,2.192518000,1,7075,64,8590,RPI5_Heterogeneous_XMSSMT_2026-09-18/09_joint_parameter_search/02_benchmark/H14-6_W16-4/RUN01/operations.csv
H14-6_W16-4,14,6,16,4,JOINT,sign,84,5837852,5.837852000,,7075,64,8590,RPI5_Heterogeneous_XMSSMT_2026-09-18/09_joint_parameter_search/02_benchmark/H14-6_W16-4/RUN01/operations.csv
H14-6_W16-4,14,6,16,4,JOINT,verify,84,2193222,2.193222000,1,7075,64,8590,RPI5_Heterogeneous_XMSSMT_2026-09-18/09_joint_parameter_search/02_benchmark/H14-6_W16-4/RUN01/operations.csv
H14-6_W16-4,14,6,16,4,JOINT,sign,85,5714797,5.714797000,,7075,64,8590,RPI5_Heterogeneous_XMSSMT_2026-09-18/09_joint_parameter_search/02_benchmark/H14-6_W16-4/RUN01/operations.csv
H14-6_W16-4,14,6,16,4,JOINT,verify,85,2319926,2.319926000,1,7075,64,8590,RPI5_Heterogeneous_XMSSMT_2026-09-18/09_joint_parameter_search/02_benchmark/H14-6_W16-4/RUN01/operations.csv
H14-6_W16-4,14,6,16,4,JOINT,sign,86,5901000,5.901000000,,7075,64,8590,RPI5_Heterogeneous_XMSSMT_2026-09-18/09_joint_parameter_search/02_benchmark/H14-6_W16-4/RUN01/operations.csv
H14-6_W16-4,14,6,16,4,JOINT,verify,86,2129037,2.129037000,1,7075,64,8590,RPI5_Heterogeneous_XMSSMT_2026-09-18/09_joint_parameter_search/02_benchmark/H14-6_W16-4/RUN01/operations.csv
H14-6_W16-4,14,6,16,4,JOINT,sign,87,20194926,20.194926000,,7075,64,8590,RPI5_Heterogeneous_XMSSMT_2026-09-18/09_joint_parameter_search/02_benchmark/H14-6_W16-4/RUN01/operations.csv
H14-6_W16-4,14,6,16,4,JOINT,verify,87,2126129,2.126129000,1,7075,64,8590,RPI5_Heterogeneous_XMSSMT_2026-09-18/09_joint_parameter_search/02_benchmark/H14-6_W16-4/RUN01/operations.csv
H14-6_W16-4,14,6,16,4,JOINT,sign,88,5780314,5.780314000,,7075,64,8590,RPI5_Heterogeneous_XMSSMT_2026-09-18/09_joint_parameter_search/02_benchmark/H14-6_W16-4/RUN01/operations.csv
H14-6_W16-4,14,6,16,4,JOINT,verify,88,2251759,2.251759000,1,7075,64,8590,RPI5_Heterogeneous_XMSSMT_2026-09-18/09_joint_parameter_search/02_benchmark/H14-6_W16-4/RUN01/operations.csv
H14-6_W16-4,14,6,16,4,JOINT,sign,89,6035111,6.035111000,,7075,64,8590,RPI5_Heterogeneous_XMSSMT_2026-09-18/09_joint_parameter_search/02_benchmark/H14-6_W16-4/RUN01/operations.csv
H14-6_W16-4,14,6,16,4,JOINT,verify,89,1999537,1.999537000,1,7075,64,8590,RPI5_Heterogeneous_XMSSMT_2026-09-18/09_joint_parameter_search/02_benchmark/H14-6_W16-4/RUN01/operations.csv
H14-6_W16-4,14,6,16,4,JOINT,sign,90,5974019,5.974019000,,7075,64,8590,RPI5_Heterogeneous_XMSSMT_2026-09-18/09_joint_parameter_search/02_benchmark/H14-6_W16-4/RUN01/operations.csv
H14-6_W16-4,14,6,16,4,JOINT,verify,90,2062981,2.062981000,1,7075,64,8590,RPI5_Heterogeneous_XMSSMT_2026-09-18/09_joint_parameter_search/02_benchmark/H14-6_W16-4/RUN01/operations.csv
H14-6_W16-4,14,6,16,4,JOINT,sign,91,10549686,10.549686000,,7075,64,8590,RPI5_Heterogeneous_XMSSMT_2026-09-18/09_joint_parameter_search/02_benchmark/H14-6_W16-4/RUN01/operations.csv
H14-6_W16-4,14,6,16,4,JOINT,verify,91,2255370,2.255370000,1,7075,64,8590,RPI5_Heterogeneous_XMSSMT_2026-09-18/09_joint_parameter_search/02_benchmark/H14-6_W16-4/RUN01/operations.csv
H14-6_W16-4,14,6,16,4,JOINT,sign,92,5907333,5.907333000,,7075,64,8590,RPI5_Heterogeneous_XMSSMT_2026-09-18/09_joint_parameter_search/02_benchmark/H14-6_W16-4/RUN01/operations.csv
H14-6_W16-4,14,6,16,4,JOINT,verify,92,2128777,2.128777000,1,7075,64,8590,RPI5_Heterogeneous_XMSSMT_2026-09-18/09_joint_parameter_search/02_benchmark/H14-6_W16-4/RUN01/operations.csv
H14-6_W16-4,14,6,16,4,JOINT,sign,93,6067759,6.067759000,,7075,64,8590,RPI5_Heterogeneous_XMSSMT_2026-09-18/09_joint_parameter_search/02_benchmark/H14-6_W16-4/RUN01/operations.csv
H14-6_W16-4,14,6,16,4,JOINT,verify,93,1968537,1.968537000,1,7075,64,8590,RPI5_Heterogeneous_XMSSMT_2026-09-18/09_joint_parameter_search/02_benchmark/H14-6_W16-4/RUN01/operations.csv
H14-6_W16-4,14,6,16,4,JOINT,sign,94,5999092,5.999092000,,7075,64,8590,RPI5_Heterogeneous_XMSSMT_2026-09-18/09_joint_parameter_search/02_benchmark/H14-6_W16-4/RUN01/operations.csv
H14-6_W16-4,14,6,16,4,JOINT,verify,94,2031630,2.031630000,1,7075,64,8590,RPI5_Heterogeneous_XMSSMT_2026-09-18/09_joint_parameter_search/02_benchmark/H14-6_W16-4/RUN01/operations.csv
H14-6_W16-4,14,6,16,4,JOINT,sign,95,20186574,20.186574000,,7075,64,8590,RPI5_Heterogeneous_XMSSMT_2026-09-18/09_joint_parameter_search/02_benchmark/H14-6_W16-4/RUN01/operations.csv
H14-6_W16-4,14,6,16,4,JOINT,verify,95,2159315,2.159315000,1,7075,64,8590,RPI5_Heterogeneous_XMSSMT_2026-09-18/09_joint_parameter_search/02_benchmark/H14-6_W16-4/RUN01/operations.csv
H14-6_W16-4,14,6,16,4,JOINT,sign,96,22585167,22.585167000,,7075,64,8590,RPI5_Heterogeneous_XMSSMT_2026-09-18/09_joint_parameter_search/02_benchmark/H14-6_W16-4/RUN01/operations.csv
H14-6_W16-4,14,6,16,4,JOINT,verify,96,2127574,2.127574000,1,7075,64,8590,RPI5_Heterogeneous_XMSSMT_2026-09-18/09_joint_parameter_search/02_benchmark/H14-6_W16-4/RUN01/operations.csv
H14-6_W16-4,14,6,16,4,JOINT,sign,97,20389648,20.389648000,,7075,64,8590,RPI5_Heterogeneous_XMSSMT_2026-09-18/09_joint_parameter_search/02_benchmark/H14-6_W16-4/RUN01/operations.csv
H14-6_W16-4,14,6,16,4,JOINT,verify,97,2001778,2.001778000,1,7075,64,8590,RPI5_Heterogeneous_XMSSMT_2026-09-18/09_joint_parameter_search/02_benchmark/H14-6_W16-4/RUN01/operations.csv
H14-6_W16-4,14,6,16,4,JOINT,sign,98,22378018,22.378018000,,7075,64,8590,RPI5_Heterogeneous_XMSSMT_2026-09-18/09_joint_parameter_search/02_benchmark/H14-6_W16-4/RUN01/operations.csv
H14-6_W16-4,14,6,16,4,JOINT,verify,98,2319722,2.319722000,1,7075,64,8590,RPI5_Heterogeneous_XMSSMT_2026-09-18/09_joint_parameter_search/02_benchmark/H14-6_W16-4/RUN01/operations.csv
H14-6_W16-4,14,6,16,4,JOINT,sign,99,20021852,20.021852000,,7075,64,8590,RPI5_Heterogeneous_XMSSMT_2026-09-18/09_joint_parameter_search/02_benchmark/H14-6_W16-4/RUN01/operations.csv
H14-6_W16-4,14,6,16,4,JOINT,verify,99,2319223,2.319223000,1,7075,64,8590,RPI5_Heterogeneous_XMSSMT_2026-09-18/09_joint_parameter_search/02_benchmark/H14-6_W16-4/RUN01/operations.csv
H14-6_W4-4,14,6,4,4,JOINT,keygen,0,22024365468,22024.365468000,,9187,64,8590,RPI5_Heterogeneous_XMSSMT_2026-09-18/09_joint_parameter_search/02_benchmark/H14-6_W4-4/RUN01/operations.csv
H14-6_W4-4,14,6,4,4,JOINT,keygen,1,22027928117,22027.928117000,,9187,64,8590,RPI5_Heterogeneous_XMSSMT_2026-09-18/09_joint_parameter_search/02_benchmark/H14-6_W4-4/RUN01/operations.csv
H14-6_W4-4,14,6,4,4,JOINT,keygen,2,22055073135,22055.073135000,,9187,64,8590,RPI5_Heterogeneous_XMSSMT_2026-09-18/09_joint_parameter_search/02_benchmark/H14-6_W4-4/RUN01/operations.csv
H14-6_W4-4,14,6,4,4,JOINT,keygen,3,22067685024,22067.685024000,,9187,64,8590,RPI5_Heterogeneous_XMSSMT_2026-09-18/09_joint_parameter_search/02_benchmark/H14-6_W4-4/RUN01/operations.csv
H14-6_W4-4,14,6,4,4,JOINT,keygen,4,22063455098,22063.455098000,,9187,64,8590,RPI5_Heterogeneous_XMSSMT_2026-09-18/09_joint_parameter_search/02_benchmark/H14-6_W4-4/RUN01/operations.csv
H14-6_W4-4,14,6,4,4,JOINT,keygen,5,22065903801,22065.903801000,,9187,64,8590,RPI5_Heterogeneous_XMSSMT_2026-09-18/09_joint_parameter_search/02_benchmark/H14-6_W4-4/RUN01/operations.csv
H14-6_W4-4,14,6,4,4,JOINT,keygen,6,22057165320,22057.165320000,,9187,64,8590,RPI5_Heterogeneous_XMSSMT_2026-09-18/09_joint_parameter_search/02_benchmark/H14-6_W4-4/RUN01/operations.csv
H14-6_W4-4,14,6,4,4,JOINT,keygen,7,22061033172,22061.033172000,,9187,64,8590,RPI5_Heterogeneous_XMSSMT_2026-09-18/09_joint_parameter_search/02_benchmark/H14-6_W4-4/RUN01/operations.csv
H14-6_W4-4,14,6,4,4,JOINT,keygen,8,22061139839,22061.139839000,,9187,64,8590,RPI5_Heterogeneous_XMSSMT_2026-09-18/09_joint_parameter_search/02_benchmark/H14-6_W4-4/RUN01/operations.csv
H14-6_W4-4,14,6,4,4,JOINT,keygen,9,22039548395,22039.548395000,,9187,64,8590,RPI5_Heterogeneous_XMSSMT_2026-09-18/09_joint_parameter_search/02_benchmark/H14-6_W4-4/RUN01/operations.csv
H14-6_W4-4,14,6,4,4,JOINT,sign,0,3275796,3.275796000,,9187,64,8590,RPI5_Heterogeneous_XMSSMT_2026-09-18/09_joint_parameter_search/02_benchmark/H14-6_W4-4/RUN01/operations.csv
H14-6_W4-4,14,6,4,4,JOINT,verify,0,1657019,1.657019000,1,9187,64,8590,RPI5_Heterogeneous_XMSSMT_2026-09-18/09_joint_parameter_search/02_benchmark/H14-6_W4-4/RUN01/operations.csv
H14-6_W4-4,14,6,4,4,JOINT,sign,1,3246315,3.246315000,,9187,64,8590,RPI5_Heterogeneous_XMSSMT_2026-09-18/09_joint_parameter_search/02_benchmark/H14-6_W4-4/RUN01/operations.csv
H14-6_W4-4,14,6,4,4,JOINT,verify,1,1675870,1.675870000,1,9187,64,8590,RPI5_Heterogeneous_XMSSMT_2026-09-18/09_joint_parameter_search/02_benchmark/H14-6_W4-4/RUN01/operations.csv
H14-6_W4-4,14,6,4,4,JOINT,sign,2,3193685,3.193685000,,9187,64,8590,RPI5_Heterogeneous_XMSSMT_2026-09-18/09_joint_parameter_search/02_benchmark/H14-6_W4-4/RUN01/operations.csv
H14-6_W4-4,14,6,4,4,JOINT,verify,2,1720222,1.720222000,1,9187,64,8590,RPI5_Heterogeneous_XMSSMT_2026-09-18/09_joint_parameter_search/02_benchmark/H14-6_W4-4/RUN01/operations.csv
H14-6_W4-4,14,6,4,4,JOINT,sign,3,5847334,5.847334000,,9187,64,8590,RPI5_Heterogeneous_XMSSMT_2026-09-18/09_joint_parameter_search/02_benchmark/H14-6_W4-4/RUN01/operations.csv
H14-6_W4-4,14,6,4,4,JOINT,verify,3,1756222,1.756222000,1,9187,64,8590,RPI5_Heterogeneous_XMSSMT_2026-09-18/09_joint_parameter_search/02_benchmark/H14-6_W4-4/RUN01/operations.csv
H14-6_W4-4,14,6,4,4,JOINT,sign,4,3229222,3.229222000,,9187,64,8590,RPI5_Heterogeneous_XMSSMT_2026-09-18/09_joint_parameter_search/02_benchmark/H14-6_W4-4/RUN01/operations.csv
H14-6_W4-4,14,6,4,4,JOINT,verify,4,1691574,1.691574000,1,9187,64,8590,RPI5_Heterogeneous_XMSSMT_2026-09-18/09_joint_parameter_search/02_benchmark/H14-6_W4-4/RUN01/operations.csv
H14-6_W4-4,14,6,4,4,JOINT,sign,5,3201111,3.201111000,,9187,64,8590,RPI5_Heterogeneous_XMSSMT_2026-09-18/09_joint_parameter_search/02_benchmark/H14-6_W4-4/RUN01/operations.csv
H14-6_W4-4,14,6,4,4,JOINT,verify,5,1717741,1.717741000,1,9187,64,8590,RPI5_Heterogeneous_XMSSMT_2026-09-18/09_joint_parameter_search/02_benchmark/H14-6_W4-4/RUN01/operations.csv
H14-6_W4-4,14,6,4,4,JOINT,sign,6,3181871,3.181871000,,9187,64,8590,RPI5_Heterogeneous_XMSSMT_2026-09-18/09_joint_parameter_search/02_benchmark/H14-6_W4-4/RUN01/operations.csv
H14-6_W4-4,14,6,4,4,JOINT,verify,6,1734871,1.734871000,1,9187,64,8590,RPI5_Heterogeneous_XMSSMT_2026-09-18/09_joint_parameter_search/02_benchmark/H14-6_W4-4/RUN01/operations.csv
H14-6_W4-4,14,6,4,4,JOINT,sign,7,11289463,11.289463000,,9187,64,8590,RPI5_Heterogeneous_XMSSMT_2026-09-18/09_joint_parameter_search/02_benchmark/H14-6_W4-4/RUN01/operations.csv
H14-6_W4-4,14,6,4,4,JOINT,verify,7,1683667,1.683667000,1,9187,64,8590,RPI5_Heterogeneous_XMSSMT_2026-09-18/09_joint_parameter_search/02_benchmark/H14-6_W4-4/RUN01/operations.csv
H14-6_W4-4,14,6,4,4,JOINT,sign,8,3253148,3.253148000,,9187,64,8590,RPI5_Heterogeneous_XMSSMT_2026-09-18/09_joint_parameter_search/02_benchmark/H14-6_W4-4/RUN01/operations.csv
H14-6_W4-4,14,6,4,4,JOINT,verify,8,1662925,1.662925000,1,9187,64,8590,RPI5_Heterogeneous_XMSSMT_2026-09-18/09_joint_parameter_search/02_benchmark/H14-6_W4-4/RUN01/operations.csv
H14-6_W4-4,14,6,4,4,JOINT,sign,9,3199833,3.199833000,,9187,64,8590,RPI5_Heterogeneous_XMSSMT_2026-09-18/09_joint_parameter_search/02_benchmark/H14-6_W4-4/RUN01/operations.csv
H14-6_W4-4,14,6,4,4,JOINT,verify,9,1724203,1.724203000,1,9187,64,8590,RPI5_Heterogeneous_XMSSMT_2026-09-18/09_joint_parameter_search/02_benchmark/H14-6_W4-4/RUN01/operations.csv
H14-6_W4-4,14,6,4,4,JOINT,sign,10,3198982,3.198982000,,9187,64,8590,RPI5_Heterogeneous_XMSSMT_2026-09-18/09_joint_parameter_search/02_benchmark/H14-6_W4-4/RUN01/operations.csv
H14-6_W4-4,14,6,4,4,JOINT,verify,10,1716093,1.716093000,1,9187,64,8590,RPI5_Heterogeneous_XMSSMT_2026-09-18/09_joint_parameter_search/02_benchmark/H14-6_W4-4/RUN01/operations.csv
H14-6_W4-4,14,6,4,4,JOINT,sign,11,5911185,5.911185000,,9187,64,8590,RPI5_Heterogeneous_XMSSMT_2026-09-18/09_joint_parameter_search/02_benchmark/H14-6_W4-4/RUN01/operations.csv
H14-6_W4-4,14,6,4,4,JOINT,verify,11,1694092,1.694092000,1,9187,64,8590,RPI5_Heterogeneous_XMSSMT_2026-09-18/09_joint_parameter_search/02_benchmark/H14-6_W4-4/RUN01/operations.csv
H14-6_W4-4,14,6,4,4,JOINT,sign,12,3201352,3.201352000,,9187,64,8590,RPI5_Heterogeneous_XMSSMT_2026-09-18/09_joint_parameter_search/02_benchmark/H14-6_W4-4/RUN01/operations.csv
H14-6_W4-4,14,6,4,4,JOINT,verify,12,1716111,1.716111000,1,9187,64,8590,RPI5_Heterogeneous_XMSSMT_2026-09-18/09_joint_parameter_search/02_benchmark/H14-6_W4-4/RUN01/operations.csv
H14-6_W4-4,14,6,4,4,JOINT,sign,13,3198981,3.198981000,,9187,64,8590,RPI5_Heterogeneous_XMSSMT_2026-09-18/09_joint_parameter_search/02_benchmark/H14-6_W4-4/RUN01/operations.csv
H14-6_W4-4,14,6,4,4,JOINT,verify,13,1721204,1.721204000,1,9187,64,8590,RPI5_Heterogeneous_XMSSMT_2026-09-18/09_joint_parameter_search/02_benchmark/H14-6_W4-4/RUN01/operations.csv
H14-6_W4-4,14,6,4,4,JOINT,sign,14,3220611,3.220611000,,9187,64,8590,RPI5_Heterogeneous_XMSSMT_2026-09-18/09_joint_parameter_search/02_benchmark/H14-6_W4-4/RUN01/operations.csv
H14-6_W4-4,14,6,4,4,JOINT,verify,14,1701704,1.701704000,1,9187,64,8590,RPI5_Heterogeneous_XMSSMT_2026-09-18/09_joint_parameter_search/02_benchmark/H14-6_W4-4/RUN01/operations.csv
H14-6_W4-4,14,6,4,4,JOINT,sign,15,11250796,11.250796000,,9187,64,8590,RPI5_Heterogeneous_XMSSMT_2026-09-18/09_joint_parameter_search/02_benchmark/H14-6_W4-4/RUN01/operations.csv
H14-6_W4-4,14,6,4,4,JOINT,verify,15,1722019,1.722019000,1,9187,64,8590,RPI5_Heterogeneous_XMSSMT_2026-09-18/09_joint_parameter_search/02_benchmark/H14-6_W4-4/RUN01/operations.csv
H14-6_W4-4,14,6,4,4,JOINT,sign,16,12631537,12.631537000,,9187,64,8590,RPI5_Heterogeneous_XMSSMT_2026-09-18/09_joint_parameter_search/02_benchmark/H14-6_W4-4/RUN01/operations.csv
H14-6_W4-4,14,6,4,4,JOINT,verify,16,1683574,1.683574000,1,9187,64,8590,RPI5_Heterogeneous_XMSSMT_2026-09-18/09_joint_parameter_search/02_benchmark/H14-6_W4-4/RUN01/operations.csv
H14-6_W4-4,14,6,4,4,JOINT,sign,17,4534204,4.534204000,,9187,64,8590,RPI5_Heterogeneous_XMSSMT_2026-09-18/09_joint_parameter_search/02_benchmark/H14-6_W4-4/RUN01/operations.csv
H14-6_W4-4,14,6,4,4,JOINT,verify,17,1737592,1.737592000,1,9187,64,8590,RPI5_Heterogeneous_XMSSMT_2026-09-18/09_joint_parameter_search/02_benchmark/H14-6_W4-4/RUN01/operations.csv
H14-6_W4-4,14,6,4,4,JOINT,sign,18,3226463,3.226463000,,9187,64,8590,RPI5_Heterogeneous_XMSSMT_2026-09-18/09_joint_parameter_search/02_benchmark/H14-6_W4-4/RUN01/operations.csv
H14-6_W4-4,14,6,4,4,JOINT,verify,18,1697074,1.697074000,1,9187,64,8590,RPI5_Heterogeneous_XMSSMT_2026-09-18/09_joint_parameter_search/02_benchmark/H14-6_W4-4/RUN01/operations.csv
H14-6_W4-4,14,6,4,4,JOINT,sign,19,5919537,5.919537000,,9187,64,8590,RPI5_Heterogeneous_XMSSMT_2026-09-18/09_joint_parameter_search/02_benchmark/H14-6_W4-4/RUN01/operations.csv
H14-6_W4-4,14,6,4,4,JOINT,verify,19,1688686,1.688686000,1,9187,64,8590,RPI5_Heterogeneous_XMSSMT_2026-09-18/09_joint_parameter_search/02_benchmark/H14-6_W4-4/RUN01/operations.csv
H14-6_W4-4,14,6,4,4,JOINT,sign,20,3195537,3.195537000,,9187,64,8590,RPI5_Heterogeneous_XMSSMT_2026-09-18/09_joint_parameter_search/02_benchmark/H14-6_W4-4/RUN01/operations.csv
H14-6_W4-4,14,6,4,4,JOINT,verify,20,1723944,1.723944000,1,9187,64,8590,RPI5_Heterogeneous_XMSSMT_2026-09-18/09_joint_parameter_search/02_benchmark/H14-6_W4-4/RUN01/operations.csv
H14-6_W4-4,14,6,4,4,JOINT,sign,21,3202611,3.202611000,,9187,64,8590,RPI5_Heterogeneous_XMSSMT_2026-09-18/09_joint_parameter_search/02_benchmark/H14-6_W4-4/RUN01/operations.csv
H14-6_W4-4,14,6,4,4,JOINT,verify,21,1722241,1.722241000,1,9187,64,8590,RPI5_Heterogeneous_XMSSMT_2026-09-18/09_joint_parameter_search/02_benchmark/H14-6_W4-4/RUN01/operations.csv
H14-6_W4-4,14,6,4,4,JOINT,sign,22,3195556,3.195556000,,9187,64,8590,RPI5_Heterogeneous_XMSSMT_2026-09-18/09_joint_parameter_search/02_benchmark/H14-6_W4-4/RUN01/operations.csv
H14-6_W4-4,14,6,4,4,JOINT,verify,22,1724074,1.724074000,1,9187,64,8590,RPI5_Heterogeneous_XMSSMT_2026-09-18/09_joint_parameter_search/02_benchmark/H14-6_W4-4/RUN01/operations.csv
H14-6_W4-4,14,6,4,4,JOINT,sign,23,11280926,11.280926000,,9187,64,8590,RPI5_Heterogeneous_XMSSMT_2026-09-18/09_joint_parameter_search/02_benchmark/H14-6_W4-4/RUN01/operations.csv
H14-6_W4-4,14,6,4,4,JOINT,verify,23,1698092,1.698092000,1,9187,64,8590,RPI5_Heterogeneous_XMSSMT_2026-09-18/09_joint_parameter_search/02_benchmark/H14-6_W4-4/RUN01/operations.csv
H14-6_W4-4,14,6,4,4,JOINT,sign,24,3266351,3.266351000,,9187,64,8590,RPI5_Heterogeneous_XMSSMT_2026-09-18/09_joint_parameter_search/02_benchmark/H14-6_W4-4/RUN01/operations.csv
H14-6_W4-4,14,6,4,4,JOINT,verify,24,1651889,1.651889000,1,9187,64,8590,RPI5_Heterogeneous_XMSSMT_2026-09-18/09_joint_parameter_search/02_benchmark/H14-6_W4-4/RUN01/operations.csv
H14-6_W4-4,14,6,4,4,JOINT,sign,25,3189592,3.189592000,,9187,64,8590,RPI5_Heterogeneous_XMSSMT_2026-09-18/09_joint_parameter_search/02_benchmark/H14-6_W4-4/RUN01/operations.csv
H14-6_W4-4,14,6,4,4,JOINT,verify,25,1735555,1.735555000,1,9187,64,8590,RPI5_Heterogeneous_XMSSMT_2026-09-18/09_joint_parameter_search/02_benchmark/H14-6_W4-4/RUN01/operations.csv
H14-6_W4-4,14,6,4,4,JOINT,sign,26,3245871,3.245871000,,9187,64,8590,RPI5_Heterogeneous_XMSSMT_2026-09-18/09_joint_parameter_search/02_benchmark/H14-6_W4-4/RUN01/operations.csv
H14-6_W4-4,14,6,4,4,JOINT,verify,26,1678111,1.678111000,1,9187,64,8590,RPI5_Heterogeneous_XMSSMT_2026-09-18/09_joint_parameter_search/02_benchmark/H14-6_W4-4/RUN01/operations.csv
H14-6_W4-4,14,6,4,4,JOINT,sign,27,5874685,5.874685000,,9187,64,8590,RPI5_Heterogeneous_XMSSMT_2026-09-18/09_joint_parameter_search/02_benchmark/H14-6_W4-4/RUN01/operations.csv
H14-6_W4-4,14,6,4,4,JOINT,verify,27,1731760,1.731760000,1,9187,64,8590,RPI5_Heterogeneous_XMSSMT_2026-09-18/09_joint_parameter_search/02_benchmark/H14-6_W4-4/RUN01/operations.csv
H14-6_W4-4,14,6,4,4,JOINT,sign,28,3194704,3.194704000,,9187,64,8590,RPI5_Heterogeneous_XMSSMT_2026-09-18/09_joint_parameter_search/02_benchmark/H14-6_W4-4/RUN01/operations.csv
H14-6_W4-4,14,6,4,4,JOINT,verify,28,1728778,1.728778000,1,9187,64,8590,RPI5_Heterogeneous_XMSSMT_2026-09-18/09_joint_parameter_search/02_benchmark/H14-6_W4-4/RUN01/operations.csv
H14-6_W4-4,14,6,4,4,JOINT,sign,29,3188574,3.188574000,,9187,64,8590,RPI5_Heterogeneous_XMSSMT_2026-09-18/09_joint_parameter_search/02_benchmark/H14-6_W4-4/RUN01/operations.csv
H14-6_W4-4,14,6,4,4,JOINT,verify,29,1734370,1.734370000,1,9187,64,8590,RPI5_Heterogeneous_XMSSMT_2026-09-18/09_joint_parameter_search/02_benchmark/H14-6_W4-4/RUN01/operations.csv
H14-6_W4-4,14,6,4,4,JOINT,sign,30,3200037,3.200037000,,9187,64,8590,RPI5_Heterogeneous_XMSSMT_2026-09-18/09_joint_parameter_search/02_benchmark/H14-6_W4-4/RUN01/operations.csv
H14-6_W4-4,14,6,4,4,JOINT,verify,30,1715370,1.715370000,1,9187,64,8590,RPI5_Heterogeneous_XMSSMT_2026-09-18/09_joint_parameter_search/02_benchmark/H14-6_W4-4/RUN01/operations.csv
H14-6_W4-4,14,6,4,4,JOINT,sign,31,11254871,11.254871000,,9187,64,8590,RPI5_Heterogeneous_XMSSMT_2026-09-18/09_joint_parameter_search/02_benchmark/H14-6_W4-4/RUN01/operations.csv
H14-6_W4-4,14,6,4,4,JOINT,verify,31,1725871,1.725871000,1,9187,64,8590,RPI5_Heterogeneous_XMSSMT_2026-09-18/09_joint_parameter_search/02_benchmark/H14-6_W4-4/RUN01/operations.csv
H14-6_W4-4,14,6,4,4,JOINT,sign,32,12575037,12.575037000,,9187,64,8590,RPI5_Heterogeneous_XMSSMT_2026-09-18/09_joint_parameter_search/02_benchmark/H14-6_W4-4/RUN01/operations.csv
H14-6_W4-4,14,6,4,4,JOINT,verify,32,1730482,1.730482000,1,9187,64,8590,RPI5_Heterogeneous_XMSSMT_2026-09-18/09_joint_parameter_search/02_benchmark/H14-6_W4-4/RUN01/operations.csv
H14-6_W4-4,14,6,4,4,JOINT,sign,33,11220555,11.220555000,,9187,64,8590,RPI5_Heterogeneous_XMSSMT_2026-09-18/09_joint_parameter_search/02_benchmark/H14-6_W4-4/RUN01/operations.csv
H14-6_W4-4,14,6,4,4,JOINT,verify,33,1749981,1.749981000,1,9187,64,8590,RPI5_Heterogeneous_XMSSMT_2026-09-18/09_joint_parameter_search/02_benchmark/H14-6_W4-4/RUN01/operations.csv
H14-6_W4-4,14,6,4,4,JOINT,sign,34,12625296,12.625296000,,9187,64,8590,RPI5_Heterogeneous_XMSSMT_2026-09-18/09_joint_parameter_search/02_benchmark/H14-6_W4-4/RUN01/operations.csv
H14-6_W4-4,14,6,4,4,JOINT,verify,34,1690723,1.690723000,1,9187,64,8590,RPI5_Heterogeneous_XMSSMT_2026-09-18/09_joint_parameter_search/02_benchmark/H14-6_W4-4/RUN01/operations.csv
H14-6_W4-4,14,6,4,4,JOINT,sign,35,11218963,11.218963000,,9187,64,8590,RPI5_Heterogeneous_XMSSMT_2026-09-18/09_joint_parameter_search/02_benchmark/H14-6_W4-4/RUN01/operations.csv
H14-6_W4-4,14,6,4,4,JOINT,verify,35,1755796,1.755796000,1,9187,64,8590,RPI5_Heterogeneous_XMSSMT_2026-09-18/09_joint_parameter_search/02_benchmark/H14-6_W4-4/RUN01/operations.csv
H14-6_W4-4,14,6,4,4,JOINT,sign,36,3194389,3.194389000,,9187,64,8590,RPI5_Heterogeneous_XMSSMT_2026-09-18/09_joint_parameter_search/02_benchmark/H14-6_W4-4/RUN01/operations.csv
H14-6_W4-4,14,6,4,4,JOINT,verify,36,1723852,1.723852000,1,9187,64,8590,RPI5_Heterogeneous_XMSSMT_2026-09-18/09_joint_parameter_search/02_benchmark/H14-6_W4-4/RUN01/operations.csv
H14-6_W4-4,14,6,4,4,JOINT,sign,37,3225814,3.225814000,,9187,64,8590,RPI5_Heterogeneous_XMSSMT_2026-09-18/09_joint_parameter_search/02_benchmark/H14-6_W4-4/RUN01/operations.csv
H14-6_W4-4,14,6,4,4,JOINT,verify,37,1698500,1.698500000,1,9187,64,8590,RPI5_Heterogeneous_XMSSMT_2026-09-18/09_joint_parameter_search/02_benchmark/H14-6_W4-4/RUN01/operations.csv
H14-6_W4-4,14,6,4,4,JOINT,sign,38,3167500,3.167500000,,9187,64,8590,RPI5_Heterogeneous_XMSSMT_2026-09-18/09_joint_parameter_search/02_benchmark/H14-6_W4-4/RUN01/operations.csv
H14-6_W4-4,14,6,4,4,JOINT,verify,38,1750723,1.750723000,1,9187,64,8590,RPI5_Heterogeneous_XMSSMT_2026-09-18/09_joint_parameter_search/02_benchmark/H14-6_W4-4/RUN01/operations.csv
H14-6_W4-4,14,6,4,4,JOINT,sign,39,11252112,11.252112000,,9187,64,8590,RPI5_Heterogeneous_XMSSMT_2026-09-18/09_joint_parameter_search/02_benchmark/H14-6_W4-4/RUN01/operations.csv
H14-6_W4-4,14,6,4,4,JOINT,verify,39,1721723,1.721723000,1,9187,64,8590,RPI5_Heterogeneous_XMSSMT_2026-09-18/09_joint_parameter_search/02_benchmark/H14-6_W4-4/RUN01/operations.csv
H14-6_W4-4,14,6,4,4,JOINT,sign,40,3282907,3.282907000,,9187,64,8590,RPI5_Heterogeneous_XMSSMT_2026-09-18/09_joint_parameter_search/02_benchmark/H14-6_W4-4/RUN01/operations.csv
H14-6_W4-4,14,6,4,4,JOINT,verify,40,1675537,1.675537000,1,9187,64,8590,RPI5_Heterogeneous_XMSSMT_2026-09-18/09_joint_parameter_search/02_benchmark/H14-6_W4-4/RUN01/operations.csv
H14-6_W4-4,14,6,4,4,JOINT,sign,41,3186056,3.186056000,,9187,64,8590,RPI5_Heterogeneous_XMSSMT_2026-09-18/09_joint_parameter_search/02_benchmark/H14-6_W4-4/RUN01/operations.csv
H14-6_W4-4,14,6,4,4,JOINT,verify,41,1737870,1.737870000,1,9187,64,8590,RPI5_Heterogeneous_XMSSMT_2026-09-18/09_joint_parameter_search/02_benchmark/H14-6_W4-4/RUN01/operations.csv
H14-6_W4-4,14,6,4,4,JOINT,sign,42,3185352,3.185352000,,9187,64,8590,RPI5_Heterogeneous_XMSSMT_2026-09-18/09_joint_parameter_search/02_benchmark/H14-6_W4-4/RUN01/operations.csv
H14-6_W4-4,14,6,4,4,JOINT,verify,42,1730518,1.730518000,1,9187,64,8590,RPI5_Heterogeneous_XMSSMT_2026-09-18/09_joint_parameter_search/02_benchmark/H14-6_W4-4/RUN01/operations.csv
H14-6_W4-4,14,6,4,4,JOINT,sign,43,5866055,5.866055000,,9187,64,8590,RPI5_Heterogeneous_XMSSMT_2026-09-18/09_joint_parameter_search/02_benchmark/H14-6_W4-4/RUN01/operations.csv
H14-6_W4-4,14,6,4,4,JOINT,verify,43,1735555,1.735555000,1,9187,64,8590,RPI5_Heterogeneous_XMSSMT_2026-09-18/09_joint_parameter_search/02_benchmark/H14-6_W4-4/RUN01/operations.csv
H14-6_W4-4,14,6,4,4,JOINT,sign,44,3222593,3.222593000,,9187,64,8590,RPI5_Heterogeneous_XMSSMT_2026-09-18/09_joint_parameter_search/02_benchmark/H14-6_W4-4/RUN01/operations.csv
H14-6_W4-4,14,6,4,4,JOINT,verify,44,1693500,1.693500000,1,9187,64,8590,RPI5_Heterogeneous_XMSSMT_2026-09-18/09_joint_parameter_search/02_benchmark/H14-6_W4-4/RUN01/operations.csv
H14-6_W4-4,14,6,4,4,JOINT,sign,45,3209815,3.209815000,,9187,64,8590,RPI5_Heterogeneous_XMSSMT_2026-09-18/09_joint_parameter_search/02_benchmark/H14-6_W4-4/RUN01/operations.csv
H14-6_W4-4,14,6,4,4,JOINT,verify,45,1715074,1.715074000,1,9187,64,8590,RPI5_Heterogeneous_XMSSMT_2026-09-18/09_joint_parameter_search/02_benchmark/H14-6_W4-4/RUN01/operations.csv
H14-6_W4-4,14,6,4,4,JOINT,sign,46,3250685,3.250685000,,9187,64,8590,RPI5_Heterogeneous_XMSSMT_2026-09-18/09_joint_parameter_search/02_benchmark/H14-6_W4-4/RUN01/operations.csv
H14-6_W4-4,14,6,4,4,JOINT,verify,46,1663796,1.663796000,1,9187,64,8590,RPI5_Heterogeneous_XMSSMT_2026-09-18/09_joint_parameter_search/02_benchmark/H14-6_W4-4/RUN01/operations.csv
H14-6_W4-4,14,6,4,4,JOINT,sign,47,11280222,11.280222000,,9187,64,8590,RPI5_Heterogeneous_XMSSMT_2026-09-18/09_joint_parameter_search/02_benchmark/H14-6_W4-4/RUN01/operations.csv
H14-6_W4-4,14,6,4,4,JOINT,verify,47,1699519,1.699519000,1,9187,64,8590,RPI5_Heterogeneous_XMSSMT_2026-09-18/09_joint_parameter_search/02_benchmark/H14-6_W4-4/RUN01/operations.csv
H14-6_W4-4,14,6,4,4,JOINT,sign,48,12581000,12.581000000,,9187,64,8590,RPI5_Heterogeneous_XMSSMT_2026-09-18/09_joint_parameter_search/02_benchmark/H14-6_W4-4/RUN01/operations.csv
H14-6_W4-4,14,6,4,4,JOINT,verify,48,1716537,1.716537000,1,9187,64,8590,RPI5_Heterogeneous_XMSSMT_2026-09-18/09_joint_parameter_search/02_benchmark/H14-6_W4-4/RUN01/operations.csv
H14-6_W4-4,14,6,4,4,JOINT,sign,49,4523222,4.523222000,,9187,64,8590,RPI5_Heterogeneous_XMSSMT_2026-09-18/09_joint_parameter_search/02_benchmark/H14-6_W4-4/RUN01/operations.csv
H14-6_W4-4,14,6,4,4,JOINT,verify,49,1748963,1.748963000,1,9187,64,8590,RPI5_Heterogeneous_XMSSMT_2026-09-18/09_joint_parameter_search/02_benchmark/H14-6_W4-4/RUN01/operations.csv
H14-6_W4-4,14,6,4,4,JOINT,sign,50,3223888,3.223888000,,9187,64,8590,RPI5_Heterogeneous_XMSSMT_2026-09-18/09_joint_parameter_search/02_benchmark/H14-6_W4-4/RUN01/operations.csv
H14-6_W4-4,14,6,4,4,JOINT,verify,50,1689944,1.689944000,1,9187,64,8590,RPI5_Heterogeneous_XMSSMT_2026-09-18/09_joint_parameter_search/02_benchmark/H14-6_W4-4/RUN01/operations.csv
H14-6_W4-4,14,6,4,4,JOINT,sign,51,5959666,5.959666000,,9187,64,8590,RPI5_Heterogeneous_XMSSMT_2026-09-18/09_joint_parameter_search/02_benchmark/H14-6_W4-4/RUN01/operations.csv
H14-6_W4-4,14,6,4,4,JOINT,verify,51,1660315,1.660315000,1,9187,64,8590,RPI5_Heterogeneous_XMSSMT_2026-09-18/09_joint_parameter_search/02_benchmark/H14-6_W4-4/RUN01/operations.csv
H14-6_W4-4,14,6,4,4,JOINT,sign,52,3191945,3.191945000,,9187,64,8590,RPI5_Heterogeneous_XMSSMT_2026-09-18/09_joint_parameter_search/02_benchmark/H14-6_W4-4/RUN01/operations.csv
H14-6_W4-4,14,6,4,4,JOINT,verify,52,1728963,1.728963000,1,9187,64,8590,RPI5_Heterogeneous_XMSSMT_2026-09-18/09_joint_parameter_search/02_benchmark/H14-6_W4-4/RUN01/operations.csv
H14-6_W4-4,14,6,4,4,JOINT,sign,53,3209629,3.209629000,,9187,64,8590,RPI5_Heterogeneous_XMSSMT_2026-09-18/09_joint_parameter_search/02_benchmark/H14-6_W4-4/RUN01/operations.csv
H14-6_W4-4,14,6,4,4,JOINT,verify,53,1716111,1.716111000,1,9187,64,8590,RPI5_Heterogeneous_XMSSMT_2026-09-18/09_joint_parameter_search/02_benchmark/H14-6_W4-4/RUN01/operations.csv
H14-6_W4-4,14,6,4,4,JOINT,sign,54,3258575,3.258575000,,9187,64,8590,RPI5_Heterogeneous_XMSSMT_2026-09-18/09_joint_parameter_search/02_benchmark/H14-6_W4-4/RUN01/operations.csv
H14-6_W4-4,14,6,4,4,JOINT,verify,54,1667815,1.667815000,1,9187,64,8590,RPI5_Heterogeneous_XMSSMT_2026-09-18/09_joint_parameter_search/02_benchmark/H14-6_W4-4/RUN01/operations.csv
H14-6_W4-4,14,6,4,4,JOINT,sign,55,11277963,11.277963000,,9187,64,8590,RPI5_Heterogeneous_XMSSMT_2026-09-18/09_joint_parameter_search/02_benchmark/H14-6_W4-4/RUN01/operations.csv
H14-6_W4-4,14,6,4,4,JOINT,verify,55,1702074,1.702074000,1,9187,64,8590,RPI5_Heterogeneous_XMSSMT_2026-09-18/09_joint_parameter_search/02_benchmark/H14-6_W4-4/RUN01/operations.csv
H14-6_W4-4,14,6,4,4,JOINT,sign,56,3204389,3.204389000,,9187,64,8590,RPI5_Heterogeneous_XMSSMT_2026-09-18/09_joint_parameter_search/02_benchmark/H14-6_W4-4/RUN01/operations.csv
H14-6_W4-4,14,6,4,4,JOINT,verify,56,1715334,1.715334000,1,9187,64,8590,RPI5_Heterogeneous_XMSSMT_2026-09-18/09_joint_parameter_search/02_benchmark/H14-6_W4-4/RUN01/operations.csv
H14-6_W4-4,14,6,4,4,JOINT,sign,57,3245759,3.245759000,,9187,64,8590,RPI5_Heterogeneous_XMSSMT_2026-09-18/09_joint_parameter_search/02_benchmark/H14-6_W4-4/RUN01/operations.csv
H14-6_W4-4,14,6,4,4,JOINT,verify,57,1678648,1.678648000,1,9187,64,8590,RPI5_Heterogeneous_XMSSMT_2026-09-18/09_joint_parameter_search/02_benchmark/H14-6_W4-4/RUN01/operations.csv
H14-6_W4-4,14,6,4,4,JOINT,sign,58,3225778,3.225778000,,9187,64,8590,RPI5_Heterogeneous_XMSSMT_2026-09-18/09_joint_parameter_search/02_benchmark/H14-6_W4-4/RUN01/operations.csv
H14-6_W4-4,14,6,4,4,JOINT,verify,58,1688389,1.688389000,1,9187,64,8590,RPI5_Heterogeneous_XMSSMT_2026-09-18/09_joint_parameter_search/02_benchmark/H14-6_W4-4/RUN01/operations.csv
H14-6_W4-4,14,6,4,4,JOINT,sign,59,5879630,5.879630000,,9187,64,8590,RPI5_Heterogeneous_XMSSMT_2026-09-18/09_joint_parameter_search/02_benchmark/H14-6_W4-4/RUN01/operations.csv
H14-6_W4-4,14,6,4,4,JOINT,verify,59,1720834,1.720834000,1,9187,64,8590,RPI5_Heterogeneous_XMSSMT_2026-09-18/09_joint_parameter_search/02_benchmark/H14-6_W4-4/RUN01/operations.csv
H14-6_W4-4,14,6,4,4,JOINT,sign,60,3190167,3.190167000,,9187,64,8590,RPI5_Heterogeneous_XMSSMT_2026-09-18/09_joint_parameter_search/02_benchmark/H14-6_W4-4/RUN01/operations.csv
H14-6_W4-4,14,6,4,4,JOINT,verify,60,1719481,1.719481000,1,9187,64,8590,RPI5_Heterogeneous_XMSSMT_2026-09-18/09_joint_parameter_search/02_benchmark/H14-6_W4-4/RUN01/operations.csv
H14-6_W4-4,14,6,4,4,JOINT,sign,61,3217019,3.217019000,,9187,64,8590,RPI5_Heterogeneous_XMSSMT_2026-09-18/09_joint_parameter_search/02_benchmark/H14-6_W4-4/RUN01/operations.csv
H14-6_W4-4,14,6,4,4,JOINT,verify,61,1695407,1.695407000,1,9187,64,8590,RPI5_Heterogeneous_XMSSMT_2026-09-18/09_joint_parameter_search/02_benchmark/H14-6_W4-4/RUN01/operations.csv
H14-6_W4-4,14,6,4,4,JOINT,sign,62,3227278,3.227278000,,9187,64,8590,RPI5_Heterogeneous_XMSSMT_2026-09-18/09_joint_parameter_search/02_benchmark/H14-6_W4-4/RUN01/operations.csv
H14-6_W4-4,14,6,4,4,JOINT,verify,62,1687056,1.687056000,1,9187,64,8590,RPI5_Heterogeneous_XMSSMT_2026-09-18/09_joint_parameter_search/02_benchmark/H14-6_W4-4/RUN01/operations.csv
H14-6_W4-4,14,6,4,4,JOINT,sign,63,11238574,11.238574000,,9187,64,8590,RPI5_Heterogeneous_XMSSMT_2026-09-18/09_joint_parameter_search/02_benchmark/H14-6_W4-4/RUN01/operations.csv
H14-6_W4-4,14,6,4,4,JOINT,verify,63,1727203,1.727203000,1,9187,64,8590,RPI5_Heterogeneous_XMSSMT_2026-09-18/09_joint_parameter_search/02_benchmark/H14-6_W4-4/RUN01/operations.csv
H14-6_W4-4,14,6,4,4,JOINT,sign,64,12594518,12.594518000,,9187,64,8590,RPI5_Heterogeneous_XMSSMT_2026-09-18/09_joint_parameter_search/02_benchmark/H14-6_W4-4/RUN01/operations.csv
H14-6_W4-4,14,6,4,4,JOINT,verify,64,1685814,1.685814000,1,9187,64,8590,RPI5_Heterogeneous_XMSSMT_2026-09-18/09_joint_parameter_search/02_benchmark/H14-6_W4-4/RUN01/operations.csv
H14-6_W4-4,14,6,4,4,JOINT,sign,65,11234833,11.234833000,,9187,64,8590,RPI5_Heterogeneous_XMSSMT_2026-09-18/09_joint_parameter_search/02_benchmark/H14-6_W4-4/RUN01/operations.csv
H14-6_W4-4,14,6,4,4,JOINT,verify,65,1720185,1.720185000,1,9187,64,8590,RPI5_Heterogeneous_XMSSMT_2026-09-18/09_joint_parameter_search/02_benchmark/H14-6_W4-4/RUN01/operations.csv
H14-6_W4-4,14,6,4,4,JOINT,sign,66,12602593,12.602593000,,9187,64,8590,RPI5_Heterogeneous_XMSSMT_2026-09-18/09_joint_parameter_search/02_benchmark/H14-6_W4-4/RUN01/operations.csv
H14-6_W4-4,14,6,4,4,JOINT,verify,66,1695834,1.695834000,1,9187,64,8590,RPI5_Heterogeneous_XMSSMT_2026-09-18/09_joint_parameter_search/02_benchmark/H14-6_W4-4/RUN01/operations.csv
H14-6_W4-4,14,6,4,4,JOINT,sign,67,11285574,11.285574000,,9187,64,8590,RPI5_Heterogeneous_XMSSMT_2026-09-18/09_joint_parameter_search/02_benchmark/H14-6_W4-4/RUN01/operations.csv
H14-6_W4-4,14,6,4,4,JOINT,verify,67,1675278,1.675278000,1,9187,64,8590,RPI5_Heterogeneous_XMSSMT_2026-09-18/09_joint_parameter_search/02_benchmark/H14-6_W4-4/RUN01/operations.csv
H14-6_W4-4,14,6,4,4,JOINT,sign,68,12595389,12.595389000,,9187,64,8590,RPI5_Heterogeneous_XMSSMT_2026-09-18/09_joint_parameter_search/02_benchmark/H14-6_W4-4/RUN01/operations.csv
H14-6_W4-4,14,6,4,4,JOINT,verify,68,1689425,1.689425000,1,9187,64,8590,RPI5_Heterogeneous_XMSSMT_2026-09-18/09_joint_parameter_search/02_benchmark/H14-6_W4-4/RUN01/operations.csv
H14-6_W4-4,14,6,4,4,JOINT,sign,69,11245555,11.245555000,,9187,64,8590,RPI5_Heterogeneous_XMSSMT_2026-09-18/09_joint_parameter_search/02_benchmark/H14-6_W4-4/RUN01/operations.csv
H14-6_W4-4,14,6,4,4,JOINT,verify,69,1740055,1.740055000,1,9187,64,8590,RPI5_Heterogeneous_XMSSMT_2026-09-18/09_joint_parameter_search/02_benchmark/H14-6_W4-4/RUN01/operations.csv
H14-6_W4-4,14,6,4,4,JOINT,sign,70,12648648,12.648648000,,9187,64,8590,RPI5_Heterogeneous_XMSSMT_2026-09-18/09_joint_parameter_search/02_benchmark/H14-6_W4-4/RUN01/operations.csv
H14-6_W4-4,14,6,4,4,JOINT,verify,70,1684945,1.684945000,1,9187,64,8590,RPI5_Heterogeneous_XMSSMT_2026-09-18/09_joint_parameter_search/02_benchmark/H14-6_W4-4/RUN01/operations.csv
H14-6_W4-4,14,6,4,4,JOINT,sign,71,11293092,11.293092000,,9187,64,8590,RPI5_Heterogeneous_XMSSMT_2026-09-18/09_joint_parameter_search/02_benchmark/H14-6_W4-4/RUN01/operations.csv
H14-6_W4-4,14,6,4,4,JOINT,verify,71,1685778,1.685778000,1,9187,64,8590,RPI5_Heterogeneous_XMSSMT_2026-09-18/09_joint_parameter_search/02_benchmark/H14-6_W4-4/RUN01/operations.csv
H14-6_W4-4,14,6,4,4,JOINT,sign,72,12592556,12.592556000,,9187,64,8590,RPI5_Heterogeneous_XMSSMT_2026-09-18/09_joint_parameter_search/02_benchmark/H14-6_W4-4/RUN01/operations.csv
H14-6_W4-4,14,6,4,4,JOINT,verify,72,1696222,1.696222000,1,9187,64,8590,RPI5_Heterogeneous_XMSSMT_2026-09-18/09_joint_parameter_search/02_benchmark/H14-6_W4-4/RUN01/operations.csv
H14-6_W4-4,14,6,4,4,JOINT,sign,73,9902167,9.902167000,,9187,64,8590,RPI5_Heterogeneous_XMSSMT_2026-09-18/09_joint_parameter_search/02_benchmark/H14-6_W4-4/RUN01/operations.csv
H14-6_W4-4,14,6,4,4,JOINT,verify,73,1735740,1.735740000,1,9187,64,8590,RPI5_Heterogeneous_XMSSMT_2026-09-18/09_joint_parameter_search/02_benchmark/H14-6_W4-4/RUN01/operations.csv
H14-6_W4-4,14,6,4,4,JOINT,sign,74,3219352,3.219352000,,9187,64,8590,RPI5_Heterogeneous_XMSSMT_2026-09-18/09_joint_parameter_search/02_benchmark/H14-6_W4-4/RUN01/operations.csv
H14-6_W4-4,14,6,4,4,JOINT,verify,74,1695241,1.695241000,1,9187,64,8590,RPI5_Heterogeneous_XMSSMT_2026-09-18/09_joint_parameter_search/02_benchmark/H14-6_W4-4/RUN01/operations.csv
H14-6_W4-4,14,6,4,4,JOINT,sign,75,5890685,5.890685000,,9187,64,8590,RPI5_Heterogeneous_XMSSMT_2026-09-18/09_joint_parameter_search/02_benchmark/H14-6_W4-4/RUN01/operations.csv
H14-6_W4-4,14,6,4,4,JOINT,verify,75,1712167,1.712167000,1,9187,64,8590,RPI5_Heterogeneous_XMSSMT_2026-09-18/09_joint_parameter_search/02_benchmark/H14-6_W4-4/RUN01/operations.csv
H14-6_W4-4,14,6,4,4,JOINT,sign,76,3234074,3.234074000,,9187,64,8590,RPI5_Heterogeneous_XMSSMT_2026-09-18/09_joint_parameter_search/02_benchmark/H14-6_W4-4/RUN01/operations.csv
H14-6_W4-4,14,6,4,4,JOINT,verify,76,1691018,1.691018000,1,9187,64,8590,RPI5_Heterogeneous_XMSSMT_2026-09-18/09_joint_parameter_search/02_benchmark/H14-6_W4-4/RUN01/operations.csv
H14-6_W4-4,14,6,4,4,JOINT,sign,77,3189649,3.189649000,,9187,64,8590,RPI5_Heterogeneous_XMSSMT_2026-09-18/09_joint_parameter_search/02_benchmark/H14-6_W4-4/RUN01/operations.csv
H14-6_W4-4,14,6,4,4,JOINT,verify,77,1728741,1.728741000,1,9187,64,8590,RPI5_Heterogeneous_XMSSMT_2026-09-18/09_joint_parameter_search/02_benchmark/H14-6_W4-4/RUN01/operations.csv
H14-6_W4-4,14,6,4,4,JOINT,sign,78,3178000,3.178000000,,9187,64,8590,RPI5_Heterogeneous_XMSSMT_2026-09-18/09_joint_parameter_search/02_benchmark/H14-6_W4-4/RUN01/operations.csv
H14-6_W4-4,14,6,4,4,JOINT,verify,78,1732482,1.732482000,1,9187,64,8590,RPI5_Heterogeneous_XMSSMT_2026-09-18/09_joint_parameter_search/02_benchmark/H14-6_W4-4/RUN01/operations.csv
H14-6_W4-4,14,6,4,4,JOINT,sign,79,11245778,11.245778000,,9187,64,8590,RPI5_Heterogeneous_XMSSMT_2026-09-18/09_joint_parameter_search/02_benchmark/H14-6_W4-4/RUN01/operations.csv
H14-6_W4-4,14,6,4,4,JOINT,verify,79,1733796,1.733796000,1,9187,64,8590,RPI5_Heterogeneous_XMSSMT_2026-09-18/09_joint_parameter_search/02_benchmark/H14-6_W4-4/RUN01/operations.csv
H14-6_W4-4,14,6,4,4,JOINT,sign,80,12608426,12.608426000,,9187,64,8590,RPI5_Heterogeneous_XMSSMT_2026-09-18/09_joint_parameter_search/02_benchmark/H14-6_W4-4/RUN01/operations.csv
H14-6_W4-4,14,6,4,4,JOINT,verify,80,1686945,1.686945000,1,9187,64,8590,RPI5_Heterogeneous_XMSSMT_2026-09-18/09_joint_parameter_search/02_benchmark/H14-6_W4-4/RUN01/operations.csv
H14-6_W4-4,14,6,4,4,JOINT,sign,81,4567444,4.567444000,,9187,64,8590,RPI5_Heterogeneous_XMSSMT_2026-09-18/09_joint_parameter_search/02_benchmark/H14-6_W4-4/RUN01/operations.csv
H14-6_W4-4,14,6,4,4,JOINT,verify,81,1719833,1.719833000,1,9187,64,8590,RPI5_Heterogeneous_XMSSMT_2026-09-18/09_joint_parameter_search/02_benchmark/H14-6_W4-4/RUN01/operations.csv
H14-6_W4-4,14,6,4,4,JOINT,sign,82,3165092,3.165092000,,9187,64,8590,RPI5_Heterogeneous_XMSSMT_2026-09-18/09_joint_parameter_search/02_benchmark/H14-6_W4-4/RUN01/operations.csv
H14-6_W4-4,14,6,4,4,JOINT,verify,82,1756296,1.756296000,1,9187,64,8590,RPI5_Heterogeneous_XMSSMT_2026-09-18/09_joint_parameter_search/02_benchmark/H14-6_W4-4/RUN01/operations.csv
H14-6_W4-4,14,6,4,4,JOINT,sign,83,5885500,5.885500000,,9187,64,8590,RPI5_Heterogeneous_XMSSMT_2026-09-18/09_joint_parameter_search/02_benchmark/H14-6_W4-4/RUN01/operations.csv
H14-6_W4-4,14,6,4,4,JOINT,verify,83,1720611,1.720611000,1,9187,64,8590,RPI5_Heterogeneous_XMSSMT_2026-09-18/09_joint_parameter_search/02_benchmark/H14-6_W4-4/RUN01/operations.csv
H14-6_W4-4,14,6,4,4,JOINT,sign,84,3229351,3.229351000,,9187,64,8590,RPI5_Heterogeneous_XMSSMT_2026-09-18/09_joint_parameter_search/02_benchmark/H14-6_W4-4/RUN01/operations.csv
H14-6_W4-4,14,6,4,4,JOINT,verify,84,1684352,1.684352000,1,9187,64,8590,RPI5_Heterogeneous_XMSSMT_2026-09-18/09_joint_parameter_search/02_benchmark/H14-6_W4-4/RUN01/operations.csv
H14-6_W4-4,14,6,4,4,JOINT,sign,85,3236814,3.236814000,,9187,64,8590,RPI5_Heterogeneous_XMSSMT_2026-09-18/09_joint_parameter_search/02_benchmark/H14-6_W4-4/RUN01/operations.csv
H14-6_W4-4,14,6,4,4,JOINT,verify,85,1689370,1.689370000,1,9187,64,8590,RPI5_Heterogeneous_XMSSMT_2026-09-18/09_joint_parameter_search/02_benchmark/H14-6_W4-4/RUN01/operations.csv
H14-6_W4-4,14,6,4,4,JOINT,sign,86,3194240,3.194240000,,9187,64,8590,RPI5_Heterogeneous_XMSSMT_2026-09-18/09_joint_parameter_search/02_benchmark/H14-6_W4-4/RUN01/operations.csv
H14-6_W4-4,14,6,4,4,JOINT,verify,86,1720500,1.720500000,1,9187,64,8590,RPI5_Heterogeneous_XMSSMT_2026-09-18/09_joint_parameter_search/02_benchmark/H14-6_W4-4/RUN01/operations.csv
H14-6_W4-4,14,6,4,4,JOINT,sign,87,11299667,11.299667000,,9187,64,8590,RPI5_Heterogeneous_XMSSMT_2026-09-18/09_joint_parameter_search/02_benchmark/H14-6_W4-4/RUN01/operations.csv
H14-6_W4-4,14,6,4,4,JOINT,verify,87,1682500,1.682500000,1,9187,64,8590,RPI5_Heterogeneous_XMSSMT_2026-09-18/09_joint_parameter_search/02_benchmark/H14-6_W4-4/RUN01/operations.csv
H14-6_W4-4,14,6,4,4,JOINT,sign,88,3197185,3.197185000,,9187,64,8590,RPI5_Heterogeneous_XMSSMT_2026-09-18/09_joint_parameter_search/02_benchmark/H14-6_W4-4/RUN01/operations.csv
H14-6_W4-4,14,6,4,4,JOINT,verify,88,1723741,1.723741000,1,9187,64,8590,RPI5_Heterogeneous_XMSSMT_2026-09-18/09_joint_parameter_search/02_benchmark/H14-6_W4-4/RUN01/operations.csv
H14-6_W4-4,14,6,4,4,JOINT,sign,89,3186926,3.186926000,,9187,64,8590,RPI5_Heterogeneous_XMSSMT_2026-09-18/09_joint_parameter_search/02_benchmark/H14-6_W4-4/RUN01/operations.csv
H14-6_W4-4,14,6,4,4,JOINT,verify,89,1735723,1.735723000,1,9187,64,8590,RPI5_Heterogeneous_XMSSMT_2026-09-18/09_joint_parameter_search/02_benchmark/H14-6_W4-4/RUN01/operations.csv
H14-6_W4-4,14,6,4,4,JOINT,sign,90,3201463,3.201463000,,9187,64,8590,RPI5_Heterogeneous_XMSSMT_2026-09-18/09_joint_parameter_search/02_benchmark/H14-6_W4-4/RUN01/operations.csv
H14-6_W4-4,14,6,4,4,JOINT,verify,90,1722203,1.722203000,1,9187,64,8590,RPI5_Heterogeneous_XMSSMT_2026-09-18/09_joint_parameter_search/02_benchmark/H14-6_W4-4/RUN01/operations.csv
H14-6_W4-4,14,6,4,4,JOINT,sign,91,5914371,5.914371000,,9187,64,8590,RPI5_Heterogeneous_XMSSMT_2026-09-18/09_joint_parameter_search/02_benchmark/H14-6_W4-4/RUN01/operations.csv
H14-6_W4-4,14,6,4,4,JOINT,verify,91,1694741,1.694741000,1,9187,64,8590,RPI5_Heterogeneous_XMSSMT_2026-09-18/09_joint_parameter_search/02_benchmark/H14-6_W4-4/RUN01/operations.csv
H14-6_W4-4,14,6,4,4,JOINT,sign,92,3272037,3.272037000,,9187,64,8590,RPI5_Heterogeneous_XMSSMT_2026-09-18/09_joint_parameter_search/02_benchmark/H14-6_W4-4/RUN01/operations.csv
H14-6_W4-4,14,6,4,4,JOINT,verify,92,1643241,1.643241000,1,9187,64,8590,RPI5_Heterogeneous_XMSSMT_2026-09-18/09_joint_parameter_search/02_benchmark/H14-6_W4-4/RUN01/operations.csv
H14-6_W4-4,14,6,4,4,JOINT,sign,93,3204278,3.204278000,,9187,64,8590,RPI5_Heterogeneous_XMSSMT_2026-09-18/09_joint_parameter_search/02_benchmark/H14-6_W4-4/RUN01/operations.csv
H14-6_W4-4,14,6,4,4,JOINT,verify,93,1721648,1.721648000,1,9187,64,8590,RPI5_Heterogeneous_XMSSMT_2026-09-18/09_joint_parameter_search/02_benchmark/H14-6_W4-4/RUN01/operations.csv
H14-6_W4-4,14,6,4,4,JOINT,sign,94,3230166,3.230166000,,9187,64,8590,RPI5_Heterogeneous_XMSSMT_2026-09-18/09_joint_parameter_search/02_benchmark/H14-6_W4-4/RUN01/operations.csv
H14-6_W4-4,14,6,4,4,JOINT,verify,94,1691092,1.691092000,1,9187,64,8590,RPI5_Heterogeneous_XMSSMT_2026-09-18/09_joint_parameter_search/02_benchmark/H14-6_W4-4/RUN01/operations.csv
H14-6_W4-4,14,6,4,4,JOINT,sign,95,11270703,11.270703000,,9187,64,8590,RPI5_Heterogeneous_XMSSMT_2026-09-18/09_joint_parameter_search/02_benchmark/H14-6_W4-4/RUN01/operations.csv
H14-6_W4-4,14,6,4,4,JOINT,verify,95,1715444,1.715444000,1,9187,64,8590,RPI5_Heterogeneous_XMSSMT_2026-09-18/09_joint_parameter_search/02_benchmark/H14-6_W4-4/RUN01/operations.csv
H14-6_W4-4,14,6,4,4,JOINT,sign,96,12605166,12.605166000,,9187,64,8590,RPI5_Heterogeneous_XMSSMT_2026-09-18/09_joint_parameter_search/02_benchmark/H14-6_W4-4/RUN01/operations.csv
H14-6_W4-4,14,6,4,4,JOINT,verify,96,1699593,1.699593000,1,9187,64,8590,RPI5_Heterogeneous_XMSSMT_2026-09-18/09_joint_parameter_search/02_benchmark/H14-6_W4-4/RUN01/operations.csv
H14-6_W4-4,14,6,4,4,JOINT,sign,97,11242704,11.242704000,,9187,64,8590,RPI5_Heterogeneous_XMSSMT_2026-09-18/09_joint_parameter_search/02_benchmark/H14-6_W4-4/RUN01/operations.csv
H14-6_W4-4,14,6,4,4,JOINT,verify,97,1729833,1.729833000,1,9187,64,8590,RPI5_Heterogeneous_XMSSMT_2026-09-18/09_joint_parameter_search/02_benchmark/H14-6_W4-4/RUN01/operations.csv
H14-6_W4-4,14,6,4,4,JOINT,sign,98,12588333,12.588333000,,9187,64,8590,RPI5_Heterogeneous_XMSSMT_2026-09-18/09_joint_parameter_search/02_benchmark/H14-6_W4-4/RUN01/operations.csv
H14-6_W4-4,14,6,4,4,JOINT,verify,98,1722703,1.722703000,1,9187,64,8590,RPI5_Heterogeneous_XMSSMT_2026-09-18/09_joint_parameter_search/02_benchmark/H14-6_W4-4/RUN01/operations.csv
H14-6_W4-4,14,6,4,4,JOINT,sign,99,11319500,11.319500000,,9187,64,8590,RPI5_Heterogeneous_XMSSMT_2026-09-18/09_joint_parameter_search/02_benchmark/H14-6_W4-4/RUN01/operations.csv
H14-6_W4-4,14,6,4,4,JOINT,verify,99,1660667,1.660667000,1,9187,64,8590,RPI5_Heterogeneous_XMSSMT_2026-09-18/09_joint_parameter_search/02_benchmark/H14-6_W4-4/RUN01/operations.csv
